[GIN-debug] [WARNING] Running in "debug" mode. Switch to "release" mode in production.
 - using env:	export GIN_MODE=release
 - using code:	gin.SetMode(gin.ReleaseMode)

[GIN-debug] GET    /health/live              --> autoadmin/internal/api/router.NewWithGateway.func1 (5 handlers)
[GIN-debug] GET    /health/ready             --> autoadmin/internal/api/router.readiness.func1 (5 handlers)
[GIN-debug] POST   /sys/login                --> autoadmin/internal/identity.(*Handler).Login-fm (5 handlers)
[GIN-debug] GET    /sys/users/current/       --> autoadmin/internal/identity.(*Handler).Current-fm (6 handlers)
[GIN-debug] GET    /sys/users/               --> autoadmin/internal/identity.(*Handler).ListUsers-fm (7 handlers)
[GIN-debug] POST   /user/changeAvatar        --> autoadmin/internal/identity.(*Handler).ChangeAvatar-fm (6 handlers)
[GIN-debug] POST   /sys/usercenter/updateUserInfo/ --> autoadmin/internal/identity.(*Handler).UpdateUserInfo-fm (7 handlers)
[GIN-debug] POST   /sys/usercenter/updateUserPassword/ --> autoadmin/internal/identity.(*Handler).UpdateUserPassword-fm (6 handlers)
[GIN-debug] GET    /sys/usercenter/alertMediaBindings/ --> autoadmin/internal/identity.(*Handler).AlertMediaBindings-fm (6 handlers)
[GIN-debug] POST   /sys/usercenter/updateAlertMediaBindings/ --> autoadmin/internal/identity.(*Handler).UpdateAlertMediaBindings-fm (6 handlers)
[GIN-debug] GET    /sys/usercenter/apiTokens/ --> autoadmin/internal/identity.(*APITokenHandler).List-fm (7 handlers)
[GIN-debug] POST   /sys/usercenter/createApiToken/ --> autoadmin/internal/identity.(*APITokenHandler).Create-fm (7 handlers)
[GIN-debug] POST   /sys/usercenter/rotateApiToken/ --> autoadmin/internal/identity.(*APITokenHandler).Rotate-fm (7 handlers)
[GIN-debug] POST   /sys/usercenter/disableApiToken/ --> autoadmin/internal/identity.(*APITokenHandler).Disable-fm (7 handlers)
[GIN-debug] POST   /sys/usercenter/deleteApiToken/ --> autoadmin/internal/identity.(*APITokenHandler).Delete-fm (7 handlers)
[GIN-debug] GET    /sys/automation/playbooks/ --> autoadmin/internal/automation.(*Handler).List-fm (7 handlers)
[GIN-debug] POST   /sys/automation/playbooks/validate/ --> autoadmin/internal/automation.(*Handler).Validate-fm (7 handlers)
[GIN-debug] GET    /sys/automation/playbooks/host-options/ --> autoadmin/internal/automation.(*Handler).HostOptions-fm (7 handlers)
[GIN-debug] GET    /sys/automation/playbooks/group-tree/ --> autoadmin/internal/automation.(*Handler).GroupTree-fm (7 handlers)
[GIN-debug] GET    /sys/automation/playbooks/:id/ --> autoadmin/internal/automation.(*Handler).Get-fm (7 handlers)
[GIN-debug] POST   /sys/automation/playbooks/ --> autoadmin/internal/automation.(*Handler).Create-fm (7 handlers)
[GIN-debug] PATCH  /sys/automation/playbooks/:id/ --> autoadmin/internal/automation.(*Handler).Update-fm (7 handlers)
[GIN-debug] PUT    /sys/automation/playbooks/:id/ --> autoadmin/internal/automation.(*Handler).Update-fm (7 handlers)
[GIN-debug] POST   /sys/automation/playbooks/:id/upload/ --> autoadmin/internal/automation.(*Handler).UploadFile-fm (7 handlers)
[GIN-debug] GET    /sys/automation/playbooks/:id/download/ --> autoadmin/internal/automation.(*Handler).DownloadFile-fm (7 handlers)
[GIN-debug] DELETE /sys/automation/playbooks/:id/ --> autoadmin/internal/automation.(*Handler).Delete-fm (7 handlers)
[GIN-debug] GET    /sys/automation/inventories/ --> autoadmin/internal/automation.(*Handler).ListInventories-fm (7 handlers)
[GIN-debug] POST   /sys/automation/inventories/ --> autoadmin/internal/automation.(*Handler).CreateInventory-fm (7 handlers)
[GIN-debug] GET    /sys/automation/inventories/:id/ --> autoadmin/internal/automation.(*Handler).GetInventory-fm (7 handlers)
[GIN-debug] PATCH  /sys/automation/inventories/:id/ --> autoadmin/internal/automation.(*Handler).UpdateInventory-fm (7 handlers)
[GIN-debug] PUT    /sys/automation/inventories/:id/ --> autoadmin/internal/automation.(*Handler).UpdateInventory-fm (7 handlers)
[GIN-debug] DELETE /sys/automation/inventories/:id/ --> autoadmin/internal/automation.(*Handler).DeleteInventory-fm (7 handlers)
[GIN-debug] POST   /sys/automation/inventories/:id/precheck-limit/ --> autoadmin/internal/automation.(*Handler).PrecheckInventoryLimit-fm (7 handlers)
[GIN-debug] GET    /sys/automation/tasks/    --> autoadmin/internal/automation.(*Handler).ListTasks-fm (7 handlers)
[GIN-debug] POST   /sys/automation/tasks/    --> autoadmin/internal/automation.(*Handler).CreateTask-fm (7 handlers)
[GIN-debug] GET    /sys/automation/tasks/:id/ --> autoadmin/internal/automation.(*Handler).GetTask-fm (7 handlers)
[GIN-debug] PATCH  /sys/automation/tasks/:id/ --> autoadmin/internal/automation.(*Handler).UpdateTask-fm (7 handlers)
[GIN-debug] PUT    /sys/automation/tasks/:id/ --> autoadmin/internal/automation.(*Handler).UpdateTask-fm (7 handlers)
[GIN-debug] DELETE /sys/automation/tasks/:id/ --> autoadmin/internal/automation.(*Handler).DeleteTask-fm (7 handlers)
[GIN-debug] POST   /sys/automation/tasks/:id/precheck/ --> autoadmin/internal/automation.(*Handler).PrecheckTask-fm (7 handlers)
[GIN-debug] POST   /sys/automation/tasks/:id/run_now/ --> autoadmin/internal/automation.(*Handler).RunTaskNow-fm (7 handlers)
[GIN-debug] GET    /sys/automation/jobs/     --> autoadmin/internal/automation.(*Handler).ListJobs-fm (7 handlers)
[GIN-debug] GET    /sys/automation/jobs/:id/ --> autoadmin/internal/automation.(*Handler).GetJob-fm (7 handlers)
[GIN-debug] GET    /sys/automation/jobs/:id/log/ --> autoadmin/internal/automation.(*Handler).JobLog-fm (7 handlers)
[GIN-debug] GET    /sys/automation/jobs/:id/events/ --> autoadmin/internal/automation.(*Handler).JobEvents-fm (7 handlers)
[GIN-debug] GET    /sys/automation/jobs/:id/status-summary/ --> autoadmin/internal/automation.(*Handler).JobStatusSummary-fm (7 handlers)
[GIN-debug] POST   /sys/automation/jobs/:id/cancel/ --> autoadmin/internal/automation.(*Handler).CancelJob-fm (7 handlers)
[GIN-debug] GET    /sys/scheduler/tasks/     --> autoadmin/internal/scheduler.(*Handler).List-fm (7 handlers)
[GIN-debug] GET    /sys/scheduler/tasks/:id/ --> autoadmin/internal/scheduler.(*Handler).Get-fm (7 handlers)
[GIN-debug] PATCH  /sys/scheduler/tasks/:id/ --> autoadmin/internal/scheduler.(*Handler).Update-fm (7 handlers)
[GIN-debug] POST   /sys/scheduler/tasks/:id/toggle_enabled/ --> autoadmin/internal/scheduler.(*Handler).Toggle-fm (7 handlers)
[GIN-debug] POST   /sys/scheduler/tasks/:id/enable/ --> autoadmin/internal/scheduler.(*Handler).Enable-fm (7 handlers)
[GIN-debug] POST   /sys/scheduler/tasks/:id/disable/ --> autoadmin/internal/scheduler.(*Handler).Disable-fm (7 handlers)
[GIN-debug] POST   /sys/scheduler/tasks/:id/run_now/ --> autoadmin/internal/scheduler.(*Handler).RunNow-fm (7 handlers)
[GIN-debug] GET    /sys/scheduler/tasks/:id/status/ --> autoadmin/internal/scheduler.(*Handler).Status-fm (7 handlers)
[GIN-debug] POST   /sys/scheduler/tasks/start_scheduler/ --> autoadmin/internal/scheduler.(*Handler).StartScheduler-fm (7 handlers)
[GIN-debug] POST   /sys/scheduler/tasks/stop_scheduler/ --> autoadmin/internal/scheduler.(*Handler).StopScheduler-fm (7 handlers)
[GIN-debug] GET    /sys/scheduler/task-logs/ --> autoadmin/internal/scheduler.(*Handler).ListLogs-fm (7 handlers)
[GIN-debug] GET    /sys/scheduler/task-logs/:id/ --> autoadmin/internal/scheduler.(*Handler).GetLog-fm (7 handlers)
[GIN-debug] GET    /sys/users/:id/           --> autoadmin/internal/identity.(*Handler).UserDetail-fm (7 handlers)
[GIN-debug] POST   /sys/users/               --> autoadmin/internal/identity.(*Handler).CreateUser-fm (7 handlers)
[GIN-debug] PATCH  /sys/users/:id/           --> autoadmin/internal/identity.(*Handler).UpdateUser-fm (7 handlers)
[GIN-debug] GET    /sys/users/checkUserName/ --> autoadmin/internal/identity.(*Handler).CheckUsername-fm (7 handlers)
[GIN-debug] DELETE /sys/users/userBatchDelete/ --> autoadmin/internal/identity.(*Handler).BatchDeleteUsers-fm (7 handlers)
[GIN-debug] POST   /sys/users/resetUserPwd/  --> autoadmin/internal/identity.(*Handler).ResetPassword-fm (7 handlers)
[GIN-debug] POST   /sys/users/assginUserRoles/ --> autoadmin/internal/identity.(*Handler).AssignRoles-fm (7 handlers)
[GIN-debug] POST   /sys/users/changeUserStatus/ --> autoadmin/internal/identity.(*Handler).ChangeUserStatus-fm (7 handlers)
[GIN-debug] GET    /sys/users/getUserRolesById/ --> autoadmin/internal/identity.(*Handler).GetUserRoles-fm (7 handlers)
[GIN-debug] GET    /sys/roles/               --> autoadmin/internal/rbac.(*Handler).List-fm (7 handlers)
[GIN-debug] GET    /sys/roles/:id/           --> autoadmin/internal/rbac.(*Handler).Get-fm (7 handlers)
[GIN-debug] POST   /sys/roles/               --> autoadmin/internal/rbac.(*Handler).Create-fm (7 handlers)
[GIN-debug] PATCH  /sys/roles/:id/           --> autoadmin/internal/rbac.(*Handler).Update-fm (7 handlers)
[GIN-debug] DELETE /sys/roles/batch-delete/  --> autoadmin/internal/rbac.(*Handler).DeleteMany-fm (7 handlers)
[GIN-debug] GET    /sys/roles/getCurrentUserRoleList/ --> autoadmin/internal/rbac.(*Handler).Current-fm (6 handlers)
[GIN-debug] GET    /sys/menus/getMenuTree/   --> autoadmin/internal/rbac.(*Handler).MenuTree-fm (7 handlers)
[GIN-debug] GET    /sys/menus/:id/           --> autoadmin/internal/rbac.(*Handler).GetMenu-fm (7 handlers)
[GIN-debug] POST   /sys/menus/               --> autoadmin/internal/rbac.(*Handler).CreateMenu-fm (7 handlers)
[GIN-debug] PATCH  /sys/menus/:id/           --> autoadmin/internal/rbac.(*Handler).UpdateMenu-fm (7 handlers)
[GIN-debug] GET    /sys/menus/getMenuListByRoleId/ --> autoadmin/internal/rbac.(*Handler).MenuIDsByRole-fm (7 handlers)
[GIN-debug] POST   /sys/menus/grantMenu/     --> autoadmin/internal/rbac.(*Handler).GrantMenus-fm (7 handlers)
[GIN-debug] DELETE /sys/menus/deleteMenuById/ --> autoadmin/internal/rbac.(*Handler).DeleteMenu-fm (7 handlers)
[GIN-debug] GET    /sys/configs/             --> autoadmin/internal/sysconfig.(*Handler).List-fm (6 handlers)
[GIN-debug] GET    /sys/configs/:id/         --> autoadmin/internal/sysconfig.(*Handler).Get-fm (6 handlers)
[GIN-debug] PATCH  /sys/configs/:id/         --> autoadmin/internal/sysconfig.(*Handler).Update-fm (6 handlers)
[GIN-debug] POST   /sys/configs/:id/reset-default/ --> autoadmin/internal/sysconfig.(*Handler).Reset-fm (6 handlers)
[GIN-debug] GET    /sys/configs/by-key/:key/ --> autoadmin/internal/sysconfig.(*Handler).GetByKey-fm (6 handlers)
[GIN-debug] PATCH  /sys/configs/update-by-key/:key/ --> autoadmin/internal/sysconfig.(*Handler).UpdateByKey-fm (6 handlers)
[GIN-debug] GET    /sys/audit/operation-logs/ --> autoadmin/internal/audit.(*Handler).List-fm (7 handlers)
[GIN-debug] GET    /sys/audit/login-logs/    --> autoadmin/internal/audit.(*Handler).ListLoginLogs-fm (7 handlers)
[GIN-debug] GET    /sys/audit/webssh-sessions/ --> autoadmin/internal/audit.(*Handler).ListWebSSHSessions-fm (7 handlers)
[GIN-debug] GET    /sys/audit/webssh-sessions/:id/content/ --> autoadmin/internal/audit.(*Handler).WebSSHContent-fm (7 handlers)
[GIN-debug] GET    /sys/audit/webssh-sessions/:id/download/ --> autoadmin/internal/audit.(*Handler).DownloadWebSSH-fm (7 handlers)
[GIN-debug] GET    /sys/audit/webssh-sessions/download-all/ --> autoadmin/internal/audit.(*Handler).DownloadWebSSHMany-fm (7 handlers)
[GIN-debug] GET    /api/agent/jobs/query     --> autoadmin/internal/assets.(*Handler).QueryAgentJobs-fm (6 handlers)
[GIN-debug] POST   /api/agent/install        --> autoadmin/internal/assets.(*Handler).AgentInstall-fm (7 handlers)
[GIN-debug] GET    /assets/projects/         --> autoadmin/internal/assets.(*Handler).ListProjects-fm (7 handlers)
[GIN-debug] GET    /assets/projects/:id/     --> autoadmin/internal/assets.(*Handler).GetProject-fm (7 handlers)
[GIN-debug] POST   /assets/projects/         --> autoadmin/internal/assets.(*Handler).CreateProject-fm (7 handlers)
[GIN-debug] PUT    /assets/projects/:id/     --> autoadmin/internal/assets.(*Handler).UpdateProject-fm (7 handlers)
[GIN-debug] PATCH  /assets/projects/:id/     --> autoadmin/internal/assets.(*Handler).UpdateProject-fm (7 handlers)
[GIN-debug] DELETE /assets/projects/:id/     --> autoadmin/internal/assets.(*Handler).DeleteProject-fm (7 handlers)
[GIN-debug] GET    /assets/business-systems/ --> autoadmin/internal/assets.(*Handler).ListBusinessSystems-fm (7 handlers)
[GIN-debug] GET    /assets/business-systems/:id/ --> autoadmin/internal/assets.(*Handler).GetBusinessSystem-fm (7 handlers)
[GIN-debug] POST   /assets/business-systems/ --> autoadmin/internal/assets.(*Handler).CreateBusinessSystem-fm (7 handlers)
[GIN-debug] PUT    /assets/business-systems/:id/ --> autoadmin/internal/assets.(*Handler).UpdateBusinessSystem-fm (7 handlers)
[GIN-debug] PATCH  /assets/business-systems/:id/ --> autoadmin/internal/assets.(*Handler).UpdateBusinessSystem-fm (7 handlers)
[GIN-debug] DELETE /assets/business-systems/:id/ --> autoadmin/internal/assets.(*Handler).DeleteBusinessSystem-fm (7 handlers)
[GIN-debug] GET    /assets/business-environments/ --> autoadmin/internal/assets.(*Handler).ListEnvironments-fm (7 handlers)
[GIN-debug] GET    /assets/business-environments/:id/ --> autoadmin/internal/assets.(*Handler).GetEnvironment-fm (7 handlers)
[GIN-debug] POST   /assets/business-environments/ --> autoadmin/internal/assets.(*Handler).CreateEnvironment-fm (7 handlers)
[GIN-debug] PUT    /assets/business-environments/:id/ --> autoadmin/internal/assets.(*Handler).UpdateEnvironment-fm (7 handlers)
[GIN-debug] PATCH  /assets/business-environments/:id/ --> autoadmin/internal/assets.(*Handler).UpdateEnvironment-fm (7 handlers)
[GIN-debug] DELETE /assets/business-environments/:id/ --> autoadmin/internal/assets.(*Handler).DeleteEnvironment-fm (7 handlers)
[GIN-debug] GET    /assets/credentials/      --> autoadmin/internal/assets.(*Handler).ListCredentials-fm (7 handlers)
[GIN-debug] POST   /assets/credentials/batch-create/ --> autoadmin/internal/assets.(*Handler).BatchCreateCredentials-fm (7 handlers)
[GIN-debug] DELETE /assets/credentials/batch-delete/ --> autoadmin/internal/assets.(*Handler).DeleteCredentials-fm (7 handlers)
[GIN-debug] GET    /assets/credentials/:id/  --> autoadmin/internal/assets.(*Handler).GetCredential-fm (7 handlers)
[GIN-debug] POST   /assets/credentials/      --> autoadmin/internal/assets.(*Handler).CreateCredential-fm (7 handlers)
[GIN-debug] PUT    /assets/credentials/:id/  --> autoadmin/internal/assets.(*Handler).UpdateCredential-fm (7 handlers)
[GIN-debug] PATCH  /assets/credentials/:id/  --> autoadmin/internal/assets.(*Handler).UpdateCredential-fm (7 handlers)
[GIN-debug] DELETE /assets/credentials/:id/  --> autoadmin/internal/assets.(*Handler).DeleteCredential-fm (7 handlers)
[GIN-debug] GET    /assets/host-groups/      --> autoadmin/internal/assets.(*Handler).ListHostGroups-fm (7 handlers)
[GIN-debug] GET    /assets/host-groups/tree/ --> autoadmin/internal/assets.(*Handler).HostGroupTree-fm (7 handlers)
[GIN-debug] GET    /assets/host-groups/:id/  --> autoadmin/internal/assets.(*Handler).GetHostGroup-fm (7 handlers)
[GIN-debug] POST   /assets/host-groups/      --> autoadmin/internal/assets.(*Handler).CreateHostGroup-fm (7 handlers)
[GIN-debug] PUT    /assets/host-groups/:id/  --> autoadmin/internal/assets.(*Handler).UpdateHostGroup-fm (7 handlers)
[GIN-debug] PATCH  /assets/host-groups/:id/  --> autoadmin/internal/assets.(*Handler).UpdateHostGroup-fm (7 handlers)
[GIN-debug] DELETE /assets/host-groups/:id/  --> autoadmin/internal/assets.(*Handler).DeleteHostGroup-fm (7 handlers)
[GIN-debug] GET    /assets/hosts/:id/webssh/ --> autoadmin/internal/assets.(*Handler).WebSSH-fm (7 handlers)
[GIN-debug] GET    /assets/hosts/:id/agent-runtime-status/ --> autoadmin/internal/assets.(*Handler).GetHostAgentRuntimeStatus-fm (7 handlers)
[GIN-debug] GET    /assets/hosts/:id/webssh-active-count/ --> autoadmin/internal/assets.(*Handler).GetHostWebSSHActiveCount-fm (7 handlers)
[GIN-debug] GET    /assets/hosts/:id/webssh-active-sessions/ --> autoadmin/internal/assets.(*Handler).GetHostWebSSHActiveSessions-fm (7 handlers)
[GIN-debug] GET    /assets/hosts/:id/files/list/ --> autoadmin/internal/assets.(*Handler).ListWebSSHFiles-fm (7 handlers)
[GIN-debug] GET    /assets/hosts/:id/files/download/ --> autoadmin/internal/assets.(*Handler).DownloadWebSSHFile-fm (7 handlers)
[GIN-debug] POST   /assets/hosts/:id/files/upload/chunk/ --> autoadmin/internal/assets.(*Handler).UploadWebSSHFile-fm (7 handlers)
[GIN-debug] POST   /assets/hosts/:id/files/rename/ --> autoadmin/internal/assets.(*Handler).RenameWebSSHFile-fm (7 handlers)
[GIN-debug] DELETE /assets/hosts/:id/files/delete/ --> autoadmin/internal/assets.(*Handler).DeleteWebSSHFile-fm (7 handlers)
[GIN-debug] POST   /assets/hosts/:id/files/create-dir/ --> autoadmin/internal/assets.(*Handler).CreateWebSSHDirectory-fm (7 handlers)
[GIN-debug] POST   /assets/hosts/:id/refresh-info/ --> autoadmin/internal/assets.(*Handler).RefreshHostInfo-fm (7 handlers)
[GIN-debug] GET    /assets/hosts/            --> autoadmin/internal/assets.(*Handler).ListHosts-fm (7 handlers)
[GIN-debug] POST   /assets/hosts/refresh-info/ --> autoadmin/internal/assets.(*Handler).BatchRefreshHostInfo-fm (7 handlers)
[GIN-debug] DELETE /assets/hosts/batch-delete/ --> autoadmin/internal/assets.(*Handler).DeleteHosts-fm (7 handlers)
[GIN-debug] GET    /assets/hosts/:id/        --> autoadmin/internal/assets.(*Handler).GetHost-fm (7 handlers)
[GIN-debug] POST   /assets/hosts/            --> autoadmin/internal/assets.(*Handler).CreateHost-fm (7 handlers)
[GIN-debug] PUT    /assets/hosts/:id/        --> autoadmin/internal/assets.(*Handler).UpdateHost-fm (7 handlers)
[GIN-debug] PATCH  /assets/hosts/:id/        --> autoadmin/internal/assets.(*Handler).UpdateHost-fm (7 handlers)
[GIN-debug] DELETE /assets/hosts/:id/        --> autoadmin/internal/assets.(*Handler).DeleteHost-fm (7 handlers)
[GIN-debug] GET    /ws/assets/hosts/:id/webssh/ --> autoadmin/internal/assets.(*Handler).WebSSH-fm (7 handlers)
[GIN-debug] GET    /ws/automation/jobs/:id/logs/ --> autoadmin/internal/automation.(*Handler).JobLogStream-fm (7 handlers)
[GIN-debug] GET    /assets/applications/     --> autoadmin/internal/assets.(*Handler).ListApplications-fm (7 handlers)
[GIN-debug] GET    /assets/applications/:id/ --> autoadmin/internal/assets.(*Handler).GetApplication-fm (7 handlers)
[GIN-debug] POST   /assets/applications/     --> autoadmin/internal/assets.(*Handler).CreateApplication-fm (7 handlers)
[GIN-debug] PUT    /assets/applications/:id/ --> autoadmin/internal/assets.(*Handler).UpdateApplication-fm (7 handlers)
[GIN-debug] PATCH  /assets/applications/:id/ --> autoadmin/internal/assets.(*Handler).UpdateApplication-fm (7 handlers)
[GIN-debug] DELETE /assets/applications/batch-delete/ --> autoadmin/internal/assets.(*Handler).DeleteApplications-fm (7 handlers)
[GIN-debug] GET    /assets/application-versions/ --> autoadmin/internal/assets.(*Handler).ListVersions-fm (7 handlers)
[GIN-debug] GET    /assets/application-versions/:id/ --> autoadmin/internal/assets.(*Handler).GetVersion-fm (7 handlers)
[GIN-debug] POST   /assets/application-versions/ --> autoadmin/internal/assets.(*Handler).CreateVersion-fm (7 handlers)
[GIN-debug] PUT    /assets/application-versions/:id/ --> autoadmin/internal/assets.(*Handler).UpdateVersion-fm (7 handlers)
[GIN-debug] PATCH  /assets/application-versions/:id/ --> autoadmin/internal/assets.(*Handler).UpdateVersion-fm (7 handlers)
[GIN-debug] DELETE /assets/application-versions/:id/ --> autoadmin/internal/assets.(*Handler).DeleteVersion-fm (7 handlers)
[GIN-debug] GET    /assets/cluster-profiles/ --> autoadmin/internal/assets.(*Handler).ListProfiles-fm (7 handlers)
[GIN-debug] GET    /assets/cluster-profiles/:id/ --> autoadmin/internal/assets.(*Handler).GetProfile-fm (7 handlers)
[GIN-debug] POST   /assets/cluster-profiles/ --> autoadmin/internal/assets.(*Handler).CreateProfile-fm (7 handlers)
[GIN-debug] PUT    /assets/cluster-profiles/:id/ --> autoadmin/internal/assets.(*Handler).UpdateProfile-fm (7 handlers)
[GIN-debug] PATCH  /assets/cluster-profiles/:id/ --> autoadmin/internal/assets.(*Handler).UpdateProfile-fm (7 handlers)
[GIN-debug] DELETE /assets/cluster-profiles/:id/ --> autoadmin/internal/assets.(*Handler).DeleteProfile-fm (7 handlers)
[GIN-debug] GET    /sys/security/baseline/   --> autoadmin/internal/baseline.(*Handler).ListBaselines-fm (7 handlers)
[GIN-debug] GET    /sys/security/baseline/:id/ --> autoadmin/internal/baseline.(*Handler).GetBaseline-fm (7 handlers)
[GIN-debug] POST   /sys/security/baseline/   --> autoadmin/internal/baseline.(*Handler).SaveBaseline-fm (7 handlers)
[GIN-debug] PATCH  /sys/security/baseline/:id/ --> autoadmin/internal/baseline.(*Handler).SaveBaseline-fm (7 handlers)
[GIN-debug] DELETE /sys/security/baseline/:id/ --> autoadmin/internal/baseline.(*Handler).DeleteBaseline-fm (7 handlers)
[GIN-debug] POST   /sys/security/baseline/:id/scan/ --> autoadmin/internal/baseline.(*Handler).StartScan-fm (7 handlers)
[GIN-debug] POST   /sys/security/baseline/:id/categories/ --> autoadmin/internal/baseline.(*Handler).CreateBaselineCategory-fm (7 handlers)
[GIN-debug] PATCH  /sys/security/baseline/:id/categories/:categoryId/ --> autoadmin/internal/baseline.(*Handler).UpdateBaselineCategory-fm (7 handlers)
[GIN-debug] DELETE /sys/security/baseline/:id/categories/:categoryId/ --> autoadmin/internal/baseline.(*Handler).DeleteBaselineCategory-fm (7 handlers)
[GIN-debug] POST   /sys/security/baseline/:id/items/ --> autoadmin/internal/baseline.(*Handler).AddBaselineItem-fm (7 handlers)
[GIN-debug] PATCH  /sys/security/baseline/:id/items/:itemId/ --> autoadmin/internal/baseline.(*Handler).UpdateBaselineItem-fm (7 handlers)
[GIN-debug] DELETE /sys/security/baseline/:id/items/:itemId/ --> autoadmin/internal/baseline.(*Handler).DeleteBaselineItem-fm (7 handlers)
[GIN-debug] GET    /sys/security/scans/      --> autoadmin/internal/baseline.(*Handler).ListScans-fm (7 handlers)
[GIN-debug] GET    /sys/security/scans/:id/  --> autoadmin/internal/baseline.(*Handler).GetScan-fm (7 handlers)
[GIN-debug] GET    /assets/application-deployment-templates/ --> autoadmin/internal/assets.(*Handler).ListDeploymentTemplates-fm (7 handlers)
[GIN-debug] GET    /assets/application-deployment-templates/:id/ --> autoadmin/internal/assets.(*Handler).GetDeploymentTemplate-fm (7 handlers)
[GIN-debug] POST   /assets/application-deployment-templates/ --> autoadmin/internal/assets.(*Handler).CreateDeploymentTemplate-fm (7 handlers)
[GIN-debug] PUT    /assets/application-deployment-templates/:id/ --> autoadmin/internal/assets.(*Handler).UpdateDeploymentTemplate-fm (7 handlers)
[GIN-debug] PATCH  /assets/application-deployment-templates/:id/ --> autoadmin/internal/assets.(*Handler).UpdateDeploymentTemplate-fm (7 handlers)
[GIN-debug] DELETE /assets/application-deployment-templates/:id/ --> autoadmin/internal/assets.(*Handler).DeleteDeploymentTemplate-fm (7 handlers)
[GIN-debug] GET    /assets/application-services/ --> autoadmin/internal/assets.(*Handler).ListApplicationServices-fm (7 handlers)
[GIN-debug] GET    /assets/application-services/:id/log-config/ --> autoadmin/internal/assets.(*Handler).GetApplicationServiceLogConfig-fm (7 handlers)
[GIN-debug] POST   /assets/application-services/:id/refresh-runtime-status/ --> autoadmin/internal/assets.(*Handler).RefreshApplicationServiceRuntimeStatus-fm (7 handlers)
[GIN-debug] GET    /assets/application-services/:id/ --> autoadmin/internal/assets.(*Handler).GetApplicationService-fm (7 handlers)
[GIN-debug] POST   /assets/application-services/ --> autoadmin/internal/assets.(*Handler).CreateApplicationService-fm (7 handlers)
[GIN-debug] PATCH  /assets/application-services/:id/ --> autoadmin/internal/assets.(*Handler).UpdateApplicationService-fm (7 handlers)
[GIN-debug] DELETE /assets/application-services/:id/ --> autoadmin/internal/assets.(*Handler).DeleteApplicationService-fm (7 handlers)
[GIN-debug] GET    /assets/application-deployments/ --> autoadmin/internal/assets.(*Handler).ListApplicationDeployments-fm (7 handlers)
[GIN-debug] GET    /assets/application-deployments/:id/ --> autoadmin/internal/assets.(*Handler).GetApplicationDeployment-fm (7 handlers)
[GIN-debug] POST   /assets/application-deployments/:id/control/ --> autoadmin/internal/assets.(*Handler).ControlApplicationDeployment-fm (7 handlers)
[GIN-debug] POST   /assets/application-deployments/ --> autoadmin/internal/assets.(*Handler).CreateApplicationDeployment-fm (7 handlers)
[GIN-debug] PATCH  /assets/application-deployments/:id/ --> autoadmin/internal/assets.(*Handler).UpdateApplicationDeployment-fm (7 handlers)
[GIN-debug] DELETE /assets/application-deployments/:id/ --> autoadmin/internal/assets.(*Handler).DeleteApplicationDeployment-fm (7 handlers)
[GIN-debug] GET    /sys/inspection/groups/   --> autoadmin/internal/inspection.(*Handler).ListGroups-fm (7 handlers)
[GIN-debug] GET    /sys/inspection/groups/:id/ --> autoadmin/internal/inspection.(*Handler).GetGroup-fm (7 handlers)
[GIN-debug] POST   /sys/inspection/groups/   --> autoadmin/internal/inspection.(*Handler).SaveGroup-fm (7 handlers)
[GIN-debug] PATCH  /sys/inspection/groups/:id/ --> autoadmin/internal/inspection.(*Handler).SaveGroup-fm (7 handlers)
[GIN-debug] DELETE /sys/inspection/groups/:id/ --> autoadmin/internal/inspection.(*Handler).DeleteGroup-fm (7 handlers)
[GIN-debug] GET    /sys/inspection/tasks/    --> autoadmin/internal/inspection.(*Handler).ListTasks-fm (7 handlers)
[GIN-debug] GET    /sys/inspection/tasks/:id/ --> autoadmin/internal/inspection.(*Handler).GetTask-fm (7 handlers)
[GIN-debug] POST   /sys/inspection/tasks/    --> autoadmin/internal/inspection.(*Handler).SaveTask-fm (7 handlers)
[GIN-debug] PATCH  /sys/inspection/tasks/:id/ --> autoadmin/internal/inspection.(*Handler).SaveTask-fm (7 handlers)
[GIN-debug] DELETE /sys/inspection/tasks/:id/ --> autoadmin/internal/inspection.(*Handler).DeleteTask-fm (7 handlers)
[GIN-debug] POST   /sys/inspection/tasks/:id/run/ --> autoadmin/internal/inspection.(*Handler).RunTask-fm (7 handlers)
[GIN-debug] GET    /sys/inspection/executions/ --> autoadmin/internal/inspection.(*Handler).ListExecutions-fm (7 handlers)
[GIN-debug] GET    /sys/inspection/executions/:id/ --> autoadmin/internal/inspection.(*Handler).GetExecution-fm (7 handlers)
[GIN-debug] POST   /sys/inspection/executions/:id/cancel/ --> autoadmin/internal/inspection.(*Handler).CancelExecution-fm (7 handlers)
[GIN-debug] GET    /monitor/summary/         --> autoadmin/internal/monitor.(*Handler).Summary-fm (7 handlers)
[GIN-debug] GET    /monitor/packages/        --> autoadmin/internal/monitor.(*Handler).ListPackages-fm (7 handlers)
[GIN-debug] POST   /monitor/packages/        --> autoadmin/internal/monitor.(*Handler).CreateSoftwarePackage-fm (7 handlers)
[GIN-debug] GET    /monitor/packages/:id/    --> autoadmin/internal/monitor.(*Handler).GetSoftwarePackage-fm (7 handlers)
[GIN-debug] PATCH  /monitor/packages/:id/    --> autoadmin/internal/monitor.(*Handler).UpdateSoftwarePackage-fm (7 handlers)
[GIN-debug] PUT    /monitor/packages/:id/    --> autoadmin/internal/monitor.(*Handler).UpdateSoftwarePackage-fm (7 handlers)
[GIN-debug] POST   /monitor/packages/:id/upload/ --> autoadmin/internal/monitor.(*Handler).UploadSoftwarePackage-fm (7 handlers)
[GIN-debug] POST   /monitor/packages/:id/sync-official/ --> autoadmin/internal/monitor.(*Handler).SyncSoftwarePackageFromOfficial-fm (7 handlers)
[GIN-debug] DELETE /monitor/packages/:id/    --> autoadmin/internal/monitor.(*Handler).DeleteSoftwarePackage-fm (7 handlers)
[GIN-debug] GET    /monitor/targets/         --> autoadmin/internal/monitor.(*Handler).ListTargets-fm (7 handlers)
[GIN-debug] GET    /monitor/targets/host-group-tree/ --> autoadmin/internal/monitor.(*Handler).HostGroupTree-fm (7 handlers)
[GIN-debug] GET    /monitor/targets/exporter-options/ --> autoadmin/internal/monitor.(*Handler).ExporterOptions-fm (7 handlers)
[GIN-debug] GET    /monitor/targets/host-overview/ --> autoadmin/internal/monitor.(*Handler).HostOverview-fm (7 handlers)
[GIN-debug] POST   /monitor/targets/batch-create/ --> autoadmin/internal/monitor.(*Handler).BatchCreateTargets-fm (7 handlers)
[GIN-debug] POST   /monitor/targets/batch-delete/ --> autoadmin/internal/monitor.(*Handler).BatchDeleteTargets-fm (7 handlers)
[GIN-debug] POST   /monitor/targets/batch-start-service/ --> autoadmin/internal/monitor.(*Handler).BatchStartTargetService-fm (7 handlers)
[GIN-debug] POST   /monitor/targets/batch-stop-service/ --> autoadmin/internal/monitor.(*Handler).BatchStopTargetService-fm (7 handlers)
[GIN-debug] GET    /monitor/targets/:id/     --> autoadmin/internal/monitor.(*Handler).GetTarget-fm (7 handlers)
[GIN-debug] PATCH  /monitor/targets/:id/     --> autoadmin/internal/monitor.(*Handler).UpdateTarget-fm (7 handlers)
[GIN-debug] PUT    /monitor/targets/:id/     --> autoadmin/internal/monitor.(*Handler).UpdateTarget-fm (7 handlers)
[GIN-debug] DELETE /monitor/targets/:id/     --> autoadmin/internal/monitor.(*Handler).DeleteTarget-fm (7 handlers)
[GIN-debug] POST   /monitor/targets/:id/retry/ --> autoadmin/internal/monitor.(*Handler).RetryTarget-fm (7 handlers)
[GIN-debug] POST   /monitor/targets/:id/cancel/ --> autoadmin/internal/monitor.(*Handler).CancelTarget-fm (7 handlers)
[GIN-debug] POST   /monitor/targets/:id/check-service-status/ --> autoadmin/internal/monitor.(*Handler).CheckTargetService-fm (7 handlers)
[GIN-debug] POST   /monitor/targets/:id/start-service/ --> autoadmin/internal/monitor.(*Handler).StartTargetService-fm (7 handlers)
[GIN-debug] POST   /monitor/targets/:id/stop-service/ --> autoadmin/internal/monitor.(*Handler).StopTargetService-fm (7 handlers)
[GIN-debug] GET    /monitor/install-histories/ --> autoadmin/internal/monitor.(*Handler).ListInstallHistories-fm (7 handlers)
[GIN-debug] GET    /monitor/install-histories/:id/ --> autoadmin/internal/monitor.(*Handler).GetInstallHistory-fm (7 handlers)
[GIN-debug] POST   /monitor/install-histories/:id/cancel/ --> autoadmin/internal/monitor.(*Handler).CancelInstallHistory-fm (7 handlers)
[GIN-debug] POST   /monitor/log-targets/batch-create/ --> autoadmin/internal/monitor.(*Handler).BatchCreateLogTargets-fm (7 handlers)
[GIN-debug] POST   /monitor/log-targets/batch-retry/ --> autoadmin/internal/monitor.(*Handler).BatchRetryLogTargets-fm (7 handlers)
[GIN-debug] POST   /monitor/log-targets/batch-start-service/ --> autoadmin/internal/monitor.(*Handler).BatchStartLogTargets-fm (7 handlers)
[GIN-debug] POST   /monitor/log-targets/batch-stop-service/ --> autoadmin/internal/monitor.(*Handler).BatchStopLogTargets-fm (7 handlers)
[GIN-debug] POST   /monitor/log-targets/batch-apply/ --> autoadmin/internal/monitor.(*Handler).BatchApplyLogTargets-fm (7 handlers)
[GIN-debug] POST   /monitor/log-targets/batch-delete/ --> autoadmin/internal/monitor.(*Handler).BatchDeleteLogTargets-fm (7 handlers)
[GIN-debug] POST   /monitor/log-targets/:id/retry/ --> autoadmin/internal/monitor.(*Handler).RetryLogTarget-fm (7 handlers)
[GIN-debug] POST   /monitor/log-targets/:id/cancel/ --> autoadmin/internal/monitor.(*Handler).CancelLogTarget-fm (7 handlers)
[GIN-debug] DELETE /monitor/log-targets/:id/ --> autoadmin/internal/monitor.(*Handler).DeleteLogTarget-fm (7 handlers)
[GIN-debug] POST   /monitor/log-targets/:id/check-status/ --> autoadmin/internal/monitor.(*Handler).CheckLogTargetService-fm (7 handlers)
[GIN-debug] POST   /monitor/log-targets/:id/start-service/ --> autoadmin/internal/monitor.(*Handler).StartLogTargetService-fm (7 handlers)
[GIN-debug] POST   /monitor/log-targets/:id/stop-service/ --> autoadmin/internal/monitor.(*Handler).StopLogTargetService-fm (7 handlers)
[GIN-debug] POST   /monitor/log-targets/:id/apply/ --> autoadmin/internal/monitor.(*Handler).ApplyLogTargetConfig-fm (7 handlers)
[GIN-debug] GET    /monitor/alert-histories/ --> autoadmin/internal/monitor.(*Handler).ListAlertHistories-fm (7 handlers)
[GIN-debug] GET    /monitor/alert-histories/:id/ --> autoadmin/internal/monitor.(*Handler).GetAlertHistory-fm (7 handlers)
[GIN-debug] GET    /monitor/alert-histories/:id/notification-status/ --> autoadmin/internal/monitor.(*Handler).AlertNotificationStatus-fm (7 handlers)
[GIN-debug] GET    /monitor/media/           --> autoadmin/internal/monitor.(*Handler).ListAlertMedia-fm (7 handlers)
[GIN-debug] POST   /monitor/media/           --> autoadmin/internal/monitor.(*Handler).CreateAlertMedia-fm (7 handlers)
[GIN-debug] GET    /monitor/media/:id/       --> autoadmin/internal/monitor.(*Handler).GetAlertMedia-fm (7 handlers)
[GIN-debug] PATCH  /monitor/media/:id/       --> autoadmin/internal/monitor.(*Handler).UpdateAlertMedia-fm (7 handlers)
[GIN-debug] PUT    /monitor/media/:id/       --> autoadmin/internal/monitor.(*Handler).UpdateAlertMedia-fm (7 handlers)
[GIN-debug] POST   /monitor/media/:id/test/  --> autoadmin/internal/monitor.(*Handler).TestAlertMedia-fm (7 handlers)
[GIN-debug] DELETE /monitor/media/:id/       --> autoadmin/internal/monitor.(*Handler).DeleteAlertMedia-fm (7 handlers)
[GIN-debug] GET    /monitor/alert-routes/    --> autoadmin/internal/monitor.(*Handler).ListAlertRoutes-fm (7 handlers)
[GIN-debug] POST   /monitor/alert-routes/    --> autoadmin/internal/monitor.(*Handler).CreateAlertRoute-fm (7 handlers)
[GIN-debug] GET    /monitor/alert-routes/:id/ --> autoadmin/internal/monitor.(*Handler).GetAlertRoute-fm (7 handlers)
[GIN-debug] PATCH  /monitor/alert-routes/:id/ --> autoadmin/internal/monitor.(*Handler).UpdateAlertRoute-fm (7 handlers)
[GIN-debug] PUT    /monitor/alert-routes/:id/ --> autoadmin/internal/monitor.(*Handler).UpdateAlertRoute-fm (7 handlers)
[GIN-debug] DELETE /monitor/alert-routes/:id/ --> autoadmin/internal/monitor.(*Handler).DeleteAlertRoute-fm (7 handlers)
[GIN-debug] GET    /monitor/log-retention-tiers/ --> autoadmin/internal/monitor.(*Handler).ListRetentionTiers-fm (7 handlers)
[GIN-debug] POST   /monitor/log-retention-tiers/ --> autoadmin/internal/monitor.(*Handler).CreateRetentionTier-fm (7 handlers)
[GIN-debug] GET    /monitor/log-retention-tiers/:id/ --> autoadmin/internal/monitor.(*Handler).GetRetentionTier-fm (7 handlers)
[GIN-debug] PATCH  /monitor/log-retention-tiers/:id/ --> autoadmin/internal/monitor.(*Handler).UpdateRetentionTier-fm (7 handlers)
[GIN-debug] PUT    /monitor/log-retention-tiers/:id/ --> autoadmin/internal/monitor.(*Handler).UpdateRetentionTier-fm (7 handlers)
[GIN-debug] DELETE /monitor/log-retention-tiers/:id/ --> autoadmin/internal/monitor.(*Handler).DeleteRetentionTier-fm (7 handlers)
[GIN-debug] GET    /monitor/log-processing-rules/ --> autoadmin/internal/monitor.(*Handler).ListProcessingRules-fm (7 handlers)
[GIN-debug] POST   /monitor/log-processing-rules/ --> autoadmin/internal/monitor.(*Handler).CreateProcessingRule-fm (7 handlers)
[GIN-debug] GET    /monitor/log-processing-rules/:id/ --> autoadmin/internal/monitor.(*Handler).GetProcessingRule-fm (7 handlers)
[GIN-debug] PATCH  /monitor/log-processing-rules/:id/ --> autoadmin/internal/monitor.(*Handler).UpdateProcessingRule-fm (7 handlers)
[GIN-debug] PUT    /monitor/log-processing-rules/:id/ --> autoadmin/internal/monitor.(*Handler).UpdateProcessingRule-fm (7 handlers)
[GIN-debug] DELETE /monitor/log-processing-rules/:id/ --> autoadmin/internal/monitor.(*Handler).DeleteProcessingRule-fm (7 handlers)
[GIN-debug] GET    /monitor/log-collection-filter-rules/ --> autoadmin/internal/monitor.(*Handler).ListFilterRules-fm (7 handlers)
[GIN-debug] POST   /monitor/log-collection-filter-rules/ --> autoadmin/internal/monitor.(*Handler).CreateFilterRule-fm (7 handlers)
[GIN-debug] GET    /monitor/log-collection-filter-rules/:id/ --> autoadmin/internal/monitor.(*Handler).GetFilterRule-fm (7 handlers)
[GIN-debug] PATCH  /monitor/log-collection-filter-rules/:id/ --> autoadmin/internal/monitor.(*Handler).UpdateFilterRule-fm (7 handlers)
[GIN-debug] PUT    /monitor/log-collection-filter-rules/:id/ --> autoadmin/internal/monitor.(*Handler).UpdateFilterRule-fm (7 handlers)
[GIN-debug] DELETE /monitor/log-collection-filter-rules/:id/ --> autoadmin/internal/monitor.(*Handler).DeleteFilterRule-fm (7 handlers)
[GIN-debug] GET    /monitor/opensearch-clusters/ --> autoadmin/internal/monitor.(*Handler).ListOpenSearchClusters-fm (7 handlers)
[GIN-debug] POST   /monitor/opensearch-clusters/ --> autoadmin/internal/monitor.(*Handler).CreateOpenSearchCluster-fm (7 handlers)
[GIN-debug] GET    /monitor/opensearch-clusters/:id/ --> autoadmin/internal/monitor.(*Handler).GetOpenSearchCluster-fm (7 handlers)
[GIN-debug] PATCH  /monitor/opensearch-clusters/:id/ --> autoadmin/internal/monitor.(*Handler).UpdateOpenSearchCluster-fm (7 handlers)
[GIN-debug] PUT    /monitor/opensearch-clusters/:id/ --> autoadmin/internal/monitor.(*Handler).UpdateOpenSearchCluster-fm (7 handlers)
[GIN-debug] DELETE /monitor/opensearch-clusters/:id/ --> autoadmin/internal/monitor.(*Handler).DeleteOpenSearchCluster-fm (7 handlers)
[GIN-debug] POST   /monitor/opensearch-clusters/:id/test-connection/ --> autoadmin/internal/monitor.(*Handler).TestOpenSearchConnection-fm (7 handlers)
[GIN-debug] GET    /monitor/opensearch-clusters/:id/log-health/ --> autoadmin/internal/monitor.(*Handler).OpenSearchLogHealth-fm (7 handlers)
[GIN-debug] POST   /monitor/opensearch-clusters/:id/pipeline-simulate/ --> autoadmin/internal/monitor.(*Handler).SimulateOpenSearchPipeline-fm (7 handlers)
[GIN-debug] GET    /monitor/opensearch-clusters/:id/log-search/ --> autoadmin/internal/monitor.(*Handler).OpenSearchLogSearch-fm (7 handlers)
[GIN-debug] GET    /monitor/opensearch-clusters/:id/log-facet-stats/ --> autoadmin/internal/monitor.(*Handler).OpenSearchLogFacetStats-fm (7 handlers)
[GIN-debug] GET    /monitor/targets/summary/ --> autoadmin/internal/monitor.(*Handler).Summary-fm (7 handlers)
[GIN-debug] GET    /monitor/targets/prometheus/overview/ --> autoadmin/internal/monitor.(*Handler).PrometheusOverview-fm (7 handlers)
[GIN-debug] GET    /monitor/targets/prometheus/targets/ --> autoadmin/internal/monitor.(*Handler).PrometheusTargets-fm (7 handlers)
[GIN-debug] GET    /monitor/targets/prometheus/alerts/ --> autoadmin/internal/monitor.(*Handler).PrometheusAlerts-fm (7 handlers)
[GIN-debug] GET    /monitor/targets/prometheus/rules/ --> autoadmin/internal/monitor.(*Handler).PrometheusRules-fm (7 handlers)
[GIN-debug] GET    /monitor/targets/prometheus/tsdb-status/ --> autoadmin/internal/monitor.(*Handler).PrometheusTSDBStatus-fm (7 handlers)
[GIN-debug] GET    /monitor/targets/prometheus/config/ --> autoadmin/internal/monitor.(*Handler).PrometheusConfig-fm (7 handlers)
[GIN-debug] GET    /monitor/targets/prometheus/flags/ --> autoadmin/internal/monitor.(*Handler).PrometheusFlags-fm (7 handlers)
[GIN-debug] GET    /monitor/targets/prometheus/query/ --> autoadmin/internal/monitor.(*Handler).PrometheusQuery-fm (7 handlers)
[GIN-debug] GET    /monitor/targets/prometheus/query-range/ --> autoadmin/internal/monitor.(*Handler).PrometheusQueryRange-fm (7 handlers)
[GIN-debug] GET    /monitor/targets/prometheus/proxy/*apiPath --> autoadmin/internal/monitor.(*Handler).PrometheusProxy-fm (7 handlers)
[GIN-debug] GET    /monitor/prometheus/http-sd/ --> autoadmin/internal/monitor.(*Handler).PrometheusHTTPServiceDiscovery-fm (6 handlers)
[GIN-debug] GET    /monitor/targets/prometheus/http-sd/ --> autoadmin/internal/monitor.(*Handler).PrometheusHTTPServiceDiscovery-fm (6 handlers)
[GIN-debug] POST   /monitor/alert-webhook/api/v2/alerts --> autoadmin/internal/monitor.(*Handler).AlertWebhook-fm (6 handlers)
2026/09/12 19:54:08 INFO agent session established agent_id=localhost session_count=1
2026/09/12 19:54:08 INFO agent session established agent_id=cdm-oracle-159 session_count=2
2026/09/12 19:54:08 INFO agent session established agent_id=pvg-esb4-206 session_count=4
2026/09/12 19:54:08 INFO agent session established agent_id=cgk-oracle-10 session_count=3
2026/09/12 19:54:08 INFO agent session established agent_id=177 session_count=5
2026/09/12 19:54:08 INFO agent session established agent_id=mysql135 session_count=7
2026/09/12 19:54:08 INFO agent session established agent_id=pvg-esb4-207 session_count=6
2026/09/12 19:54:08 INFO agent session established agent_id=pvg4-esb-208 session_count=8
2026/09/12 19:54:08 INFO agent session established agent_id=tib-oracle session_count=9
2026/09/12 19:54:08 INFO agent session established agent_id=mysql136 session_count=10
2026/09/12 19:54:08 INFO agent session established agent_id=cdm-179 session_count=11
2026/09/12 19:54:08 INFO agent session established agent_id=mysql134 session_count=12
2026/09/12 19:54:08 INFO agent session established agent_id=pvg-esb4-201 session_count=13
2026/09/12 19:54:08 INFO agent session established agent_id=kul-tib-tomcat2 session_count=14
2026/09/12 19:54:08 INFO agent session established agent_id=kul-tib-tomcat1 session_count=15
2026/09/12 19:54:08 INFO agent session established agent_id=pvg-esb4-202 session_count=16
2026/09/12 19:54:08 INFO agent session established agent_id=tib_nginx-208 session_count=17
2026/09/12 19:54:08 INFO agent session established agent_id=tib-es-redis-209 session_count=18
2026/09/12 19:54:08 INFO agent session established agent_id=pvg-esb4-204 session_count=19
[GIN] 2026/09/12 - 19:54:19 | 200 | 376.96ms |   192.168.240.7 | POST     "/monitor/alert-webhook/api/v2/alerts"
[GIN] 2026/09/12 - 19:54:20 | 200 | 365.77ms |   192.168.240.7 | POST     "/monitor/alert-webhook/api/v2/alerts"
[GIN] 2026/09/12 - 19:54:25 | 200 |  397.5ms |   192.168.240.7 | GET      "/monitor/prometheus/http-sd/"
[GIN] 2026/09/12 - 19:54:31 | 200 |   2.24ms |    10.25.66.254 | GET      "/sys/security/scans/"
[GIN] 2026/09/12 - 19:54:38 | 200 | 950.001µs |    10.25.66.254 | GET      "/sys/configs/by-key/sys.system_title/"
[GIN] 2026/09/12 - 19:54:38 | 200 | 911.056µs |    10.25.66.254 | GET      "/sys/users/current/"
[GIN] 2026/09/12 - 19:54:38 | 200 |  23.61ms |    10.25.66.254 | GET      "/sys/security/scans/7/"
[GIN] 2026/09/12 - 19:54:50 | 200 | 996.949µs |    10.25.66.254 | GET      "/sys/security/baseline/"
[GIN] 2026/09/12 - 19:54:50 | 200 |   2.24ms |    10.25.66.254 | GET      "/assets/business-environments/"
[GIN] 2026/09/12 - 19:54:50 | 200 |    2.6ms |    10.25.66.254 | GET      "/assets/projects/"
[GIN] 2026/09/12 - 19:54:51 | 200 |   2.23ms |    10.25.66.254 | GET      "/sys/security/baseline/2/"
[GIN] 2026/09/12 - 19:54:54 | 200 | 364.28ms |   192.168.240.7 | GET      "/monitor/prometheus/http-sd/"
[GIN] 2026/09/12 - 19:55:05 | 200 |  21.19ms |    10.25.66.254 | POST     "/sys/security/baseline/2/scan/"
[GIN] 2026/09/12 - 19:55:05 | 200 |   1.01ms |    10.25.66.254 | GET      "/sys/security/scans/"
[GIN] 2026/09/12 - 19:55:07 | 200 |  19.12ms |    10.25.66.254 | GET      "/sys/security/scans/8/"
[GIN] 2026/09/12 - 19:55:25 | 200 | 405.82ms |   192.168.240.7 | GET      "/monitor/prometheus/http-sd/"
2026/09/12 19:55:39 INFO agent session ended agent_id=cgk-oracle-10 session_count=18
2026/09/12 19:55:39 INFO agent session ended agent_id=pvg-esb4-202 session_count=17
2026/09/12 19:55:39 INFO agent session ended agent_id=localhost session_count=16
2026/09/12 19:55:39 INFO agent session ended agent_id=pvg4-esb-208 session_count=15
2026/09/12 19:55:39 INFO agent session ended agent_id=pvg-esb4-204 session_count=14
2026/09/12 19:55:39 INFO agent session ended agent_id=pvg-esb4-201 session_count=13
2026/09/12 19:55:39 INFO agent session ended agent_id=mysql136 session_count=12
2026/09/12 19:55:39 INFO agent session ended agent_id=177 session_count=11
2026/09/12 19:55:39 INFO agent session ended agent_id=pvg-esb4-206 session_count=10
2026/09/12 19:55:39 INFO agent session ended agent_id=pvg-esb4-207 session_count=9
2026/09/12 19:55:39 INFO agent session ended agent_id=mysql134 session_count=8
2026/09/12 19:55:39 INFO agent session ended agent_id=mysql135 session_count=7
2026/09/12 19:55:40 INFO agent session established agent_id=cgk-oracle-10 session_count=8
2026/09/12 19:55:40 INFO agent session established agent_id=pvg-esb4-202 session_count=9
2026/09/12 19:55:40 INFO agent session established agent_id=localhost session_count=10
2026/09/12 19:55:40 INFO agent session established agent_id=pvg4-esb-208 session_count=11
2026/09/12 19:55:40 INFO agent session established agent_id=pvg-esb4-204 session_count=12
2026/09/12 19:55:40 INFO agent session established agent_id=pvg-esb4-201 session_count=13
2026/09/12 19:55:40 INFO agent session established agent_id=mysql136 session_count=14
2026/09/12 19:55:40 INFO agent session established agent_id=177 session_count=15
2026/09/12 19:55:40 INFO agent session established agent_id=pvg-esb4-206 session_count=16
2026/09/12 19:55:40 INFO agent session established agent_id=pvg-esb4-207 session_count=17
2026/09/12 19:55:40 INFO agent session established agent_id=mysql134 session_count=18
2026/09/12 19:55:40 INFO agent session established agent_id=mysql135 session_count=19
[GIN] 2026/09/12 - 19:55:49 | 200 | 374.17ms |   192.168.240.7 | POST     "/monitor/alert-webhook/api/v2/alerts"
[GIN] 2026/09/12 - 19:55:50 | 200 | 424.38ms |   192.168.240.7 | POST     "/monitor/alert-webhook/api/v2/alerts"
[GIN] 2026/09/12 - 19:55:54 | 200 | 355.19ms |   192.168.240.7 | GET      "/monitor/prometheus/http-sd/"
[GIN] 2026/09/12 - 19:56:24 | 200 | 347.57ms |   192.168.240.7 | GET      "/monitor/prometheus/http-sd/"
2026/09/12 19:56:36 INFO agent session ended agent_id=cdm-179 session_count=18
2026/09/12 19:56:36 INFO agent session ended agent_id=cdm-oracle-159 session_count=17
2026/09/12 19:56:36 INFO agent session ended agent_id=kul-tib-tomcat2 session_count=16
2026/09/12 19:56:36 INFO agent session ended agent_id=tib-es-redis-209 session_count=15
2026/09/12 19:56:36 INFO agent session ended agent_id=tib-oracle session_count=14
2026/09/12 19:56:36 INFO agent session ended agent_id=tib_nginx-208 session_count=13
2026/09/12 19:56:36 INFO agent session ended agent_id=kul-tib-tomcat1 session_count=12
2026/09/12 19:56:37 INFO agent session established agent_id=cdm-179 session_count=13
2026/09/12 19:56:37 INFO agent session established agent_id=cdm-oracle-159 session_count=14
2026/09/12 19:56:37 INFO agent session established agent_id=kul-tib-tomcat2 session_count=15
2026/09/12 19:56:37 INFO agent session established agent_id=tib-es-redis-209 session_count=16
2026/09/12 19:56:37 INFO agent session established agent_id=tib-oracle session_count=17
2026/09/12 19:56:37 INFO agent session established agent_id=tib_nginx-208 session_count=18
2026/09/12 19:56:37 INFO agent session established agent_id=kul-tib-tomcat1 session_count=19
[GIN] 2026/09/12 - 19:56:54 | 200 | 342.02ms |   192.168.240.7 | GET      "/monitor/prometheus/http-sd/"
[GIN] 2026/09/12 - 19:57:04 | 200 | 934.072µs |    10.25.66.254 | GET      "/sys/users/current/"
[GIN] 2026/09/12 - 19:57:04 | 200 |   1.73ms |    10.25.66.254 | GET      "/sys/configs/by-key/sys.system_title/"
[GIN] 2026/09/12 - 19:57:04 | 200 |  42.37ms |    10.25.66.254 | GET      "/sys/security/scans/8/"
[GIN] 2026/09/12 - 19:57:09 | 200 |  895.7µs |    10.25.66.254 | GET      "/sys/users/current/"
[GIN] 2026/09/12 - 19:57:09 | 200 |   1.02ms |    10.25.66.254 | GET      "/sys/configs/by-key/sys.system_title/"
[GIN] 2026/09/12 - 19:57:09 | 200 |  34.26ms |    10.25.66.254 | GET      "/sys/security/scans/8/"
2026/09/12 19:57:11 INFO agent session ended agent_id=pvg-esb4-202 session_count=18
2026/09/12 19:57:11 INFO agent session ended agent_id=pvg-esb4-201 session_count=17
2026/09/12 19:57:11 INFO agent session ended agent_id=177 session_count=16
2026/09/12 19:57:11 INFO agent session ended agent_id=pvg-esb4-204 session_count=15
2026/09/12 19:57:11 INFO agent session ended agent_id=mysql136 session_count=14
2026/09/12 19:57:11 INFO agent session ended agent_id=cgk-oracle-10 session_count=13
2026/09/12 19:57:12 INFO agent session ended agent_id=pvg4-esb-208 session_count=12
2026/09/12 19:57:12 INFO agent session ended agent_id=localhost session_count=11
2026/09/12 19:57:12 INFO agent session ended agent_id=pvg-esb4-206 session_count=10
2026/09/12 19:57:12 INFO agent session ended agent_id=pvg-esb4-207 session_count=9
2026/09/12 19:57:12 INFO agent session ended agent_id=mysql134 session_count=8
2026/09/12 19:57:12 INFO agent session ended agent_id=mysql135 session_count=7
2026/09/12 19:57:12 INFO agent session established agent_id=pvg-esb4-202 session_count=8
2026/09/12 19:57:12 INFO agent session established agent_id=pvg-esb4-201 session_count=9
2026/09/12 19:57:12 INFO agent session established agent_id=177 session_count=10
2026/09/12 19:57:12 INFO agent session established agent_id=mysql136 session_count=11
2026/09/12 19:57:12 INFO agent session established agent_id=pvg-esb4-204 session_count=12
2026/09/12 19:57:12 INFO agent session established agent_id=cgk-oracle-10 session_count=13
2026/09/12 19:57:13 INFO agent session established agent_id=pvg4-esb-208 session_count=14
2026/09/12 19:57:13 INFO agent session established agent_id=localhost session_count=15
2026/09/12 19:57:13 INFO agent session established agent_id=pvg-esb4-206 session_count=16
2026/09/12 19:57:13 INFO agent session established agent_id=pvg-esb4-207 session_count=17
2026/09/12 19:57:13 INFO agent session established agent_id=mysql134 session_count=18
2026/09/12 19:57:13 INFO agent session established agent_id=mysql135 session_count=19
[GIN] 2026/09/12 - 19:57:13 | 200 |   1.16ms |    10.25.66.254 | GET      "/sys/security/baseline/"
[GIN] 2026/09/12 - 19:57:13 | 200 |   1.31ms |    10.25.66.254 | GET      "/assets/business-environments/"
[GIN] 2026/09/12 - 19:57:13 | 200 |   2.06ms |    10.25.66.254 | GET      "/assets/projects/"
[GIN] 2026/09/12 - 19:57:14 | 200 |      4ms |    10.25.66.254 | GET      "/sys/security/baseline/2/"
[GIN] 2026/09/12 - 19:57:17 | 200 |   2.08ms |    10.25.66.254 | GET      "/sys/security/baseline/2/"
[GIN] 2026/09/12 - 19:57:18 | 200 |   1.78ms |    10.25.66.254 | GET      "/sys/security/baseline/2/"
[GIN] 2026/09/12 - 19:57:19 | 200 | 374.49ms |   192.168.240.7 | POST     "/monitor/alert-webhook/api/v2/alerts"
[GIN] 2026/09/12 - 19:57:20 | 200 | 376.37ms |   192.168.240.7 | POST     "/monitor/alert-webhook/api/v2/alerts"
[GIN] 2026/09/12 - 19:57:24 | 200 | 358.07ms |   192.168.240.7 | GET      "/monitor/prometheus/http-sd/"
[GIN] 2026/09/12 - 19:57:54 | 200 | 367.14ms |   192.168.240.7 | GET      "/monitor/prometheus/http-sd/"
2026/09/12 19:58:08 INFO agent session ended agent_id=cdm-179 session_count=18
2026/09/12 19:58:08 INFO agent session ended agent_id=cdm-oracle-159 session_count=17
2026/09/12 19:58:08 INFO agent session ended agent_id=tib-es-redis-209 session_count=16
2026/09/12 19:58:08 INFO agent session ended agent_id=tib-oracle session_count=15
2026/09/12 19:58:08 INFO agent session ended agent_id=kul-tib-tomcat2 session_count=14
2026/09/12 19:58:08 INFO agent session ended agent_id=tib_nginx-208 session_count=13
2026/09/12 19:58:08 INFO agent session ended agent_id=kul-tib-tomcat1 session_count=12
2026/09/12 19:58:09 INFO agent session established agent_id=cdm-179 session_count=13
2026/09/12 19:58:09 INFO agent session established agent_id=cdm-oracle-159 session_count=14
2026/09/12 19:58:09 INFO agent session established agent_id=tib-es-redis-209 session_count=15
2026/09/12 19:58:09 INFO agent session established agent_id=tib-oracle session_count=16
2026/09/12 19:58:09 INFO agent session established agent_id=kul-tib-tomcat2 session_count=17
2026/09/12 19:58:09 INFO agent session established agent_id=tib_nginx-208 session_count=18
2026/09/12 19:58:09 INFO agent session established agent_id=kul-tib-tomcat1 session_count=19
[GIN] 2026/09/12 - 19:58:24 | 200 | 356.53ms |   192.168.240.7 | GET      "/monitor/prometheus/http-sd/"
2026/09/12 19:58:43 INFO agent session ended agent_id=pvg-esb4-202 session_count=18
2026/09/12 19:58:43 INFO agent session ended agent_id=pvg-esb4-201 session_count=17
2026/09/12 19:58:44 INFO agent session ended agent_id=177 session_count=16
2026/09/12 19:58:44 INFO agent session ended agent_id=mysql136 session_count=15
2026/09/12 19:58:44 INFO agent session ended agent_id=pvg-esb4-204 session_count=14
2026/09/12 19:58:44 INFO agent session ended agent_id=pvg-esb4-206 session_count=13
2026/09/12 19:58:44 INFO agent session ended agent_id=pvg4-esb-208 session_count=12
2026/09/12 19:58:44 INFO agent session ended agent_id=cgk-oracle-10 session_count=11
2026/09/12 19:58:44 INFO agent session ended agent_id=localhost session_count=10
2026/09/12 19:58:44 INFO agent session ended agent_id=mysql134 session_count=9
2026/09/12 19:58:44 INFO agent session ended agent_id=pvg-esb4-207 session_count=8
2026/09/12 19:58:44 INFO agent session ended agent_id=mysql135 session_count=7
2026/09/12 19:58:44 INFO agent session established agent_id=pvg-esb4-202 session_count=8
2026/09/12 19:58:44 INFO agent session established agent_id=pvg-esb4-201 session_count=9
2026/09/12 19:58:45 INFO agent session established agent_id=177 session_count=10
2026/09/12 19:58:45 INFO agent session established agent_id=mysql136 session_count=11
2026/09/12 19:58:45 INFO agent session established agent_id=pvg-esb4-204 session_count=12
2026/09/12 19:58:45 INFO agent session established agent_id=pvg-esb4-206 session_count=13
2026/09/12 19:58:45 INFO agent session established agent_id=pvg4-esb-208 session_count=14
2026/09/12 19:58:45 INFO agent session established agent_id=localhost session_count=15
2026/09/12 19:58:45 INFO agent session established agent_id=cgk-oracle-10 session_count=16
2026/09/12 19:58:45 INFO agent session established agent_id=mysql134 session_count=17
2026/09/12 19:58:45 INFO agent session established agent_id=pvg-esb4-207 session_count=18
2026/09/12 19:58:45 INFO agent session established agent_id=mysql135 session_count=19
[GIN] 2026/09/12 - 19:58:49 | 200 | 385.89ms |   192.168.240.7 | POST     "/monitor/alert-webhook/api/v2/alerts"
[GIN] 2026/09/12 - 19:58:50 | 200 | 377.65ms |   192.168.240.7 | POST     "/monitor/alert-webhook/api/v2/alerts"
[GIN] 2026/09/12 - 19:58:54 | 200 | 348.53ms |   192.168.240.7 | GET      "/monitor/prometheus/http-sd/"
[GIN] 2026/09/12 - 19:59:24 | 200 | 348.46ms |   192.168.240.7 | GET      "/monitor/prometheus/http-sd/"
2026/09/12 19:59:40 INFO agent session ended agent_id=cdm-179 session_count=18
2026/09/12 19:59:40 INFO agent session ended agent_id=cdm-oracle-159 session_count=17
2026/09/12 19:59:40 INFO agent session ended agent_id=tib-es-redis-209 session_count=16
2026/09/12 19:59:40 INFO agent session ended agent_id=tib-oracle session_count=15
2026/09/12 19:59:40 INFO agent session ended agent_id=kul-tib-tomcat2 session_count=14
2026/09/12 19:59:40 INFO agent session ended agent_id=tib_nginx-208 session_count=13
2026/09/12 19:59:40 INFO agent session ended agent_id=kul-tib-tomcat1 session_count=12
2026/09/12 19:59:41 INFO agent session established agent_id=cdm-179 session_count=13
2026/09/12 19:59:41 INFO agent session established agent_id=cdm-oracle-159 session_count=14
2026/09/12 19:59:41 INFO agent session established agent_id=tib-es-redis-209 session_count=15
2026/09/12 19:59:41 INFO agent session established agent_id=tib-oracle session_count=16
2026/09/12 19:59:41 INFO agent session established agent_id=kul-tib-tomcat2 session_count=17
2026/09/12 19:59:41 INFO agent session established agent_id=tib_nginx-208 session_count=18
2026/09/12 19:59:41 INFO agent session established agent_id=kul-tib-tomcat1 session_count=19
[GIN] 2026/09/12 - 19:59:54 | 200 | 350.22ms |   192.168.240.7 | GET      "/monitor/prometheus/http-sd/"
2026/09/12 20:00:15 INFO agent session ended agent_id=pvg-esb4-202 session_count=18
2026/09/12 20:00:16 INFO agent session ended agent_id=pvg-esb4-201 session_count=17
2026/09/12 20:00:16 INFO agent session ended agent_id=177 session_count=16
2026/09/12 20:00:16 INFO agent session ended agent_id=mysql136 session_count=15
2026/09/12 20:00:16 INFO agent session ended agent_id=pvg-esb4-206 session_count=14
2026/09/12 20:00:16 INFO agent session ended agent_id=pvg-esb4-204 session_count=13
2026/09/12 20:00:16 INFO agent session ended agent_id=pvg-esb4-207 session_count=12
2026/09/12 20:00:16 INFO agent session ended agent_id=pvg4-esb-208 session_count=11
2026/09/12 20:00:16 INFO agent session ended agent_id=cgk-oracle-10 session_count=10
2026/09/12 20:00:16 INFO agent session ended agent_id=localhost session_count=9
2026/09/12 20:00:16 INFO agent session ended agent_id=mysql134 session_count=8
2026/09/12 20:00:16 INFO agent session ended agent_id=mysql135 session_count=7
2026/09/12 20:00:16 INFO agent session established agent_id=pvg-esb4-202 session_count=8
2026/09/12 20:00:17 INFO agent session established agent_id=pvg-esb4-201 session_count=9
2026/09/12 20:00:17 INFO agent session established agent_id=177 session_count=10
2026/09/12 20:00:17 INFO agent session established agent_id=mysql136 session_count=11
2026/09/12 20:00:17 INFO agent session established agent_id=pvg-esb4-206 session_count=12
2026/09/12 20:00:17 INFO agent session established agent_id=pvg-esb4-204 session_count=13
2026/09/12 20:00:17 INFO agent session established agent_id=pvg-esb4-207 session_count=14
2026/09/12 20:00:17 INFO agent session established agent_id=pvg4-esb-208 session_count=15
2026/09/12 20:00:17 INFO agent session established agent_id=cgk-oracle-10 session_count=16
2026/09/12 20:00:17 INFO agent session established agent_id=localhost session_count=17
2026/09/12 20:00:17 INFO agent session established agent_id=mysql135 session_count=18
2026/09/12 20:00:17 INFO agent session established agent_id=mysql134 session_count=19
[GIN] 2026/09/12 - 20:00:19 | 200 | 380.37ms |   192.168.240.7 | POST     "/monitor/alert-webhook/api/v2/alerts"
[GIN] 2026/09/12 - 20:00:20 | 200 | 380.55ms |   192.168.240.7 | POST     "/monitor/alert-webhook/api/v2/alerts"
[GIN] 2026/09/12 - 20:00:24 | 200 | 363.23ms |   192.168.240.7 | GET      "/monitor/prometheus/http-sd/"
[GIN] 2026/09/12 - 20:00:54 | 200 | 357.96ms |   192.168.240.7 | GET      "/monitor/prometheus/http-sd/"
2026/09/12 20:01:12 INFO agent session ended agent_id=cdm-179 session_count=18
2026/09/12 20:01:12 INFO agent session ended agent_id=cdm-oracle-159 session_count=17
2026/09/12 20:01:12 INFO agent session ended agent_id=tib-oracle session_count=16
2026/09/12 20:01:12 INFO agent session ended agent_id=kul-tib-tomcat2 session_count=15
2026/09/12 20:01:12 INFO agent session ended agent_id=tib-es-redis-209 session_count=14
2026/09/12 20:01:12 INFO agent session ended agent_id=tib_nginx-208 session_count=13
2026/09/12 20:01:12 INFO agent session ended agent_id=kul-tib-tomcat1 session_count=12
2026/09/12 20:01:13 INFO agent session established agent_id=cdm-179 session_count=13
2026/09/12 20:01:13 INFO agent session established agent_id=cdm-oracle-159 session_count=14
2026/09/12 20:01:13 INFO agent session established agent_id=tib-oracle session_count=15
2026/09/12 20:01:13 INFO agent session established agent_id=kul-tib-tomcat2 session_count=16
2026/09/12 20:01:13 INFO agent session established agent_id=tib-es-redis-209 session_count=17
2026/09/12 20:01:13 INFO agent session established agent_id=tib_nginx-208 session_count=18
2026/09/12 20:01:13 INFO agent session established agent_id=kul-tib-tomcat1 session_count=19
[GIN] 2026/09/12 - 20:01:24 | 200 | 349.57ms |   192.168.240.7 | GET      "/monitor/prometheus/http-sd/"
2026/09/12 20:01:48 INFO agent session ended agent_id=pvg-esb4-202 session_count=18
2026/09/12 20:01:48 INFO agent session ended agent_id=177 session_count=17
2026/09/12 20:01:48 INFO agent session ended agent_id=pvg-esb4-201 session_count=16
2026/09/12 20:01:48 INFO agent session ended agent_id=pvg-esb4-206 session_count=15
2026/09/12 20:01:48 INFO agent session ended agent_id=mysql136 session_count=14
2026/09/12 20:01:48 INFO agent session ended agent_id=pvg4-esb-208 session_count=13
2026/09/12 20:01:48 INFO agent session ended agent_id=pvg-esb4-204 session_count=12
2026/09/12 20:01:48 INFO agent session ended agent_id=cgk-oracle-10 session_count=11
2026/09/12 20:01:48 INFO agent session ended agent_id=pvg-esb4-207 session_count=10
2026/09/12 20:01:48 INFO agent session ended agent_id=mysql134 session_count=9
2026/09/12 20:01:48 INFO agent session ended agent_id=localhost session_count=8
2026/09/12 20:01:48 INFO agent session ended agent_id=mysql135 session_count=7
2026/09/12 20:01:49 INFO agent session established agent_id=pvg-esb4-202 session_count=8
2026/09/12 20:01:49 INFO agent session established agent_id=177 session_count=9
2026/09/12 20:01:49 INFO agent session established agent_id=pvg-esb4-201 session_count=10
2026/09/12 20:01:49 INFO agent session established agent_id=pvg-esb4-206 session_count=11
2026/09/12 20:01:49 INFO agent session established agent_id=mysql136 session_count=12
2026/09/12 20:01:49 INFO agent session established agent_id=pvg4-esb-208 session_count=13
2026/09/12 20:01:49 INFO agent session established agent_id=pvg-esb4-204 session_count=14
2026/09/12 20:01:49 INFO agent session established agent_id=cgk-oracle-10 session_count=15
2026/09/12 20:01:49 INFO agent session established agent_id=pvg-esb4-207 session_count=16
2026/09/12 20:01:49 INFO agent session established agent_id=mysql134 session_count=17
2026/09/12 20:01:49 INFO agent session established agent_id=localhost session_count=18
2026/09/12 20:01:49 INFO agent session established agent_id=mysql135 session_count=19
[GIN] 2026/09/12 - 20:01:49 | 200 | 367.99ms |   192.168.240.7 | POST     "/monitor/alert-webhook/api/v2/alerts"
[GIN] 2026/09/12 - 20:01:50 | 200 | 405.28ms |   192.168.240.7 | POST     "/monitor/alert-webhook/api/v2/alerts"
[GIN] 2026/09/12 - 20:01:54 | 200 | 339.23ms |   192.168.240.7 | GET      "/monitor/prometheus/http-sd/"
[GIN] 2026/09/12 - 20:02:24 | 200 | 360.43ms |   192.168.240.7 | GET      "/monitor/prometheus/http-sd/"
2026/09/12 20:02:44 INFO agent session ended agent_id=cdm-179 session_count=18
2026/09/12 20:02:44 INFO agent session ended agent_id=cdm-oracle-159 session_count=17
2026/09/12 20:02:44 INFO agent session ended agent_id=tib-oracle session_count=16
2026/09/12 20:02:44 INFO agent session ended agent_id=tib-es-redis-209 session_count=15
2026/09/12 20:02:44 INFO agent session ended agent_id=kul-tib-tomcat2 session_count=14
2026/09/12 20:02:44 INFO agent session ended agent_id=tib_nginx-208 session_count=13
2026/09/12 20:02:44 INFO agent session ended agent_id=kul-tib-tomcat1 session_count=12
2026/09/12 20:02:45 INFO agent session established agent_id=cdm-179 session_count=13
2026/09/12 20:02:45 INFO agent session established agent_id=cdm-oracle-159 session_count=14
2026/09/12 20:02:45 INFO agent session established agent_id=tib-oracle session_count=15
2026/09/12 20:02:45 INFO agent session established agent_id=tib-es-redis-209 session_count=16
2026/09/12 20:02:45 INFO agent session established agent_id=kul-tib-tomcat2 session_count=17
2026/09/12 20:02:45 INFO agent session established agent_id=tib_nginx-208 session_count=18
2026/09/12 20:02:45 INFO agent session established agent_id=kul-tib-tomcat1 session_count=19
[GIN] 2026/09/12 - 20:02:54 | 200 | 342.79ms |   192.168.240.7 | GET      "/monitor/prometheus/http-sd/"
[GIN] 2026/09/12 - 20:03:19 | 200 | 353.02ms |   192.168.240.7 | POST     "/monitor/alert-webhook/api/v2/alerts"
[GIN] 2026/09/12 - 20:03:20 | 200 | 363.52ms |   192.168.240.7 | POST     "/monitor/alert-webhook/api/v2/alerts"
2026/09/12 20:03:20 INFO agent session ended agent_id=pvg-esb4-202 session_count=18
2026/09/12 20:03:20 INFO agent session ended agent_id=177 session_count=17
2026/09/12 20:03:20 INFO agent session ended agent_id=pvg-esb4-201 session_count=16
2026/09/12 20:03:20 INFO agent session ended agent_id=pvg-esb4-206 session_count=15
2026/09/12 20:03:20 INFO agent session ended agent_id=mysql136 session_count=14
2026/09/12 20:03:20 INFO agent session ended agent_id=pvg4-esb-208 session_count=13
2026/09/12 20:03:20 INFO agent session ended agent_id=pvg-esb4-204 session_count=12
2026/09/12 20:03:20 INFO agent session ended agent_id=mysql134 session_count=11
2026/09/12 20:03:20 INFO agent session ended agent_id=pvg-esb4-207 session_count=10
2026/09/12 20:03:20 INFO agent session ended agent_id=cgk-oracle-10 session_count=9
2026/09/12 20:03:20 INFO agent session ended agent_id=localhost session_count=8
2026/09/12 20:03:20 INFO agent session ended agent_id=mysql135 session_count=7
2026/09/12 20:03:21 INFO agent session established agent_id=pvg-esb4-202 session_count=8
2026/09/12 20:03:21 INFO agent session established agent_id=177 session_count=9
2026/09/12 20:03:21 INFO agent session established agent_id=pvg-esb4-201 session_count=10
2026/09/12 20:03:21 INFO agent session established agent_id=pvg-esb4-206 session_count=11
2026/09/12 20:03:21 INFO agent session established agent_id=mysql136 session_count=12
2026/09/12 20:03:21 INFO agent session established agent_id=pvg4-esb-208 session_count=13
2026/09/12 20:03:21 INFO agent session established agent_id=pvg-esb4-204 session_count=14
2026/09/12 20:03:21 INFO agent session established agent_id=mysql134 session_count=15
2026/09/12 20:03:21 INFO agent session established agent_id=pvg-esb4-207 session_count=16
2026/09/12 20:03:21 INFO agent session established agent_id=cgk-oracle-10 session_count=17
2026/09/12 20:03:21 INFO agent session established agent_id=localhost session_count=18
2026/09/12 20:03:21 INFO agent session established agent_id=mysql135 session_count=19
[GIN] 2026/09/12 - 20:03:24 | 200 | 349.48ms |   192.168.240.7 | GET      "/monitor/prometheus/http-sd/"
[GIN] 2026/09/12 - 20:03:55 | 200 | 423.98ms |   192.168.240.7 | GET      "/monitor/prometheus/http-sd/"
2026/09/12 20:04:16 INFO agent session ended agent_id=cdm-179 session_count=18
2026/09/12 20:04:16 INFO agent session ended agent_id=cdm-oracle-159 session_count=17
2026/09/12 20:04:16 INFO agent session ended agent_id=tib-oracle session_count=16
2026/09/12 20:04:16 INFO agent session ended agent_id=kul-tib-tomcat2 session_count=15
2026/09/12 20:04:16 INFO agent session ended agent_id=tib-es-redis-209 session_count=14
2026/09/12 20:04:16 INFO agent session ended agent_id=kul-tib-tomcat1 session_count=13
2026/09/12 20:04:16 INFO agent session ended agent_id=tib_nginx-208 session_count=12
2026/09/12 20:04:17 INFO agent session established agent_id=cdm-179 session_count=13
2026/09/12 20:04:17 INFO agent session established agent_id=cdm-oracle-159 session_count=14
2026/09/12 20:04:17 INFO agent session established agent_id=tib-oracle session_count=15
2026/09/12 20:04:17 INFO agent session established agent_id=kul-tib-tomcat2 session_count=16
2026/09/12 20:04:17 INFO agent session established agent_id=tib-es-redis-209 session_count=17
2026/09/12 20:04:17 INFO agent session established agent_id=kul-tib-tomcat1 session_count=18
2026/09/12 20:04:17 INFO agent session established agent_id=tib_nginx-208 session_count=19
[GIN] 2026/09/12 - 20:04:24 | 200 | 364.18ms |   192.168.240.7 | GET      "/monitor/prometheus/http-sd/"
[GIN] 2026/09/12 - 20:04:49 | 200 | 361.19ms |   192.168.240.7 | POST     "/monitor/alert-webhook/api/v2/alerts"
[GIN] 2026/09/12 - 20:04:50 | 200 | 376.02ms |   192.168.240.7 | POST     "/monitor/alert-webhook/api/v2/alerts"
2026/09/12 20:04:52 INFO agent session ended agent_id=pvg-esb4-202 session_count=18
2026/09/12 20:04:52 INFO agent session ended agent_id=177 session_count=17
2026/09/12 20:04:52 INFO agent session ended agent_id=pvg-esb4-206 session_count=16
2026/09/12 20:04:52 INFO agent session ended agent_id=pvg-esb4-201 session_count=15
2026/09/12 20:04:52 INFO agent session ended agent_id=pvg4-esb-208 session_count=14
2026/09/12 20:04:52 INFO agent session ended agent_id=mysql136 session_count=13
2026/09/12 20:04:52 INFO agent session ended agent_id=pvg-esb4-207 session_count=12
2026/09/12 20:04:52 INFO agent session ended agent_id=pvg-esb4-204 session_count=11
2026/09/12 20:04:52 INFO agent session ended agent_id=cgk-oracle-10 session_count=10
2026/09/12 20:04:52 INFO agent session ended agent_id=mysql134 session_count=9
2026/09/12 20:04:52 INFO agent session ended agent_id=localhost session_count=8
2026/09/12 20:04:52 INFO agent session ended agent_id=mysql135 session_count=7
2026/09/12 20:04:53 INFO agent session established agent_id=pvg-esb4-202 session_count=8
2026/09/12 20:04:53 INFO agent session established agent_id=177 session_count=9
2026/09/12 20:04:53 INFO agent session established agent_id=pvg-esb4-206 session_count=10
2026/09/12 20:04:53 INFO agent session established agent_id=pvg-esb4-201 session_count=11
2026/09/12 20:04:53 INFO agent session established agent_id=pvg4-esb-208 session_count=12
2026/09/12 20:04:53 INFO agent session established agent_id=mysql136 session_count=13
2026/09/12 20:04:53 INFO agent session established agent_id=pvg-esb4-207 session_count=14
2026/09/12 20:04:53 INFO agent session established agent_id=pvg-esb4-204 session_count=15
2026/09/12 20:04:53 INFO agent session established agent_id=cgk-oracle-10 session_count=16
2026/09/12 20:04:53 INFO agent session established agent_id=mysql134 session_count=17
2026/09/12 20:04:53 INFO agent session established agent_id=localhost session_count=18
2026/09/12 20:04:53 INFO agent session established agent_id=mysql135 session_count=19
[GIN] 2026/09/12 - 20:04:54 | 200 | 367.52ms |   192.168.240.7 | GET      "/monitor/prometheus/http-sd/"
[GIN] 2026/09/12 - 20:05:17 | 200 |   9.49ms |    10.25.66.254 | PATCH    "/sys/security/baseline/2/items/7/"
[GIN] 2026/09/12 - 20:05:17 | 200 |   2.26ms |    10.25.66.254 | GET      "/sys/security/baseline/2/"
[GIN] 2026/09/12 - 20:05:24 | 200 | 349.77ms |   192.168.240.7 | GET      "/monitor/prometheus/http-sd/"
[GIN] 2026/09/12 - 20:05:29 | 200 |  11.99ms |    10.25.66.254 | POST     "/sys/security/baseline/2/scan/"
[GIN] 2026/09/12 - 20:05:29 | 200 |   1.13ms |    10.25.66.254 | GET      "/sys/security/scans/"
[GIN] 2026/09/12 - 20:05:33 | 200 |  57.16ms |    10.25.66.254 | GET      "/sys/security/scans/9/"
[GIN] 2026/09/12 - 20:05:54 | 200 |  361.5ms |   192.168.240.7 | GET      "/monitor/prometheus/http-sd/"
[GIN] 2026/09/12 - 20:06:19 | 200 | 362.12ms |   192.168.240.7 | POST     "/monitor/alert-webhook/api/v2/alerts"
[GIN] 2026/09/12 - 20:06:20 | 200 | 349.36ms |   192.168.240.7 | POST     "/monitor/alert-webhook/api/v2/alerts"
2026/09/12 20:06:24 INFO agent session ended agent_id=pvg-esb4-202 session_count=18
2026/09/12 20:06:24 INFO agent session ended agent_id=177 session_count=17
2026/09/12 20:06:24 INFO agent session ended agent_id=pvg-esb4-206 session_count=16
2026/09/12 20:06:24 INFO agent session ended agent_id=pvg-esb4-201 session_count=15
2026/09/12 20:06:24 INFO agent session ended agent_id=pvg4-esb-208 session_count=14
2026/09/12 20:06:24 INFO agent session ended agent_id=mysql136 session_count=13
2026/09/12 20:06:24 INFO agent session ended agent_id=pvg-esb4-207 session_count=12
2026/09/12 20:06:24 INFO agent session ended agent_id=pvg-esb4-204 session_count=11
2026/09/12 20:06:24 INFO agent session ended agent_id=mysql134 session_count=10
2026/09/12 20:06:24 INFO agent session ended agent_id=cgk-oracle-10 session_count=9
2026/09/12 20:06:24 INFO agent session ended agent_id=mysql135 session_count=8
2026/09/12 20:06:24 INFO agent session ended agent_id=localhost session_count=7
[GIN] 2026/09/12 - 20:06:24 | 200 | 356.71ms |   192.168.240.7 | GET      "/monitor/prometheus/http-sd/"
2026/09/12 20:06:25 INFO agent session established agent_id=pvg-esb4-202 session_count=8
2026/09/12 20:06:25 INFO agent session established agent_id=177 session_count=9
2026/09/12 20:06:25 INFO agent session established agent_id=pvg-esb4-206 session_count=10
2026/09/12 20:06:25 INFO agent session established agent_id=pvg-esb4-201 session_count=11
2026/09/12 20:06:25 INFO agent session established agent_id=pvg4-esb-208 session_count=12
2026/09/12 20:06:25 INFO agent session established agent_id=mysql136 session_count=13
2026/09/12 20:06:25 INFO agent session established agent_id=pvg-esb4-207 session_count=14
2026/09/12 20:06:25 INFO agent session established agent_id=pvg-esb4-204 session_count=15
2026/09/12 20:06:25 INFO agent session established agent_id=mysql134 session_count=16
2026/09/12 20:06:25 INFO agent session established agent_id=cgk-oracle-10 session_count=17
2026/09/12 20:06:25 INFO agent session established agent_id=mysql135 session_count=18
2026/09/12 20:06:25 INFO agent session established agent_id=localhost session_count=19
[GIN] 2026/09/12 - 20:06:54 | 200 | 358.02ms |   192.168.240.7 | GET      "/monitor/prometheus/http-sd/"
2026/09/12 20:07:00 INFO agent session ended agent_id=cdm-179 session_count=18
2026/09/12 20:07:00 INFO agent session ended agent_id=cdm-oracle-159 session_count=17
2026/09/12 20:07:01 INFO agent session ended agent_id=tib-oracle session_count=16
2026/09/12 20:07:01 INFO agent session ended agent_id=kul-tib-tomcat1 session_count=15
2026/09/12 20:07:01 INFO agent session ended agent_id=kul-tib-tomcat2 session_count=14
2026/09/12 20:07:01 INFO agent session ended agent_id=tib_nginx-208 session_count=13
2026/09/12 20:07:01 INFO agent session ended agent_id=tib-es-redis-209 session_count=12
2026/09/12 20:07:01 INFO agent session established agent_id=cdm-179 session_count=13
2026/09/12 20:07:01 INFO agent session established agent_id=cdm-oracle-159 session_count=14
2026/09/12 20:07:02 INFO agent session established agent_id=tib-oracle session_count=15
2026/09/12 20:07:02 INFO agent session established agent_id=kul-tib-tomcat1 session_count=16
2026/09/12 20:07:02 INFO agent session established agent_id=kul-tib-tomcat2 session_count=17
2026/09/12 20:07:02 INFO agent session established agent_id=tib_nginx-208 session_count=18
2026/09/12 20:07:02 INFO agent session established agent_id=tib-es-redis-209 session_count=19
[GIN] 2026/09/12 - 20:07:24 | 200 | 353.45ms |   192.168.240.7 | GET      "/monitor/prometheus/http-sd/"
[GIN] 2026/09/12 - 20:07:49 | 200 | 386.33ms |   192.168.240.7 | POST     "/monitor/alert-webhook/api/v2/alerts"
[GIN] 2026/09/12 - 20:07:50 | 200 | 354.56ms |   192.168.240.7 | POST     "/monitor/alert-webhook/api/v2/alerts"
[GIN] 2026/09/12 - 20:07:54 | 200 | 345.11ms |   192.168.240.7 | GET      "/monitor/prometheus/http-sd/"
2026/09/12 20:07:56 INFO agent session ended agent_id=pvg-esb4-202 session_count=18
2026/09/12 20:07:56 INFO agent session ended agent_id=177 session_count=17
2026/09/12 20:07:56 INFO agent session ended agent_id=pvg4-esb-208 session_count=16
2026/09/12 20:07:56 INFO agent session ended agent_id=mysql136 session_count=15
2026/09/12 20:07:56 INFO agent session ended agent_id=pvg-esb4-206 session_count=14
2026/09/12 20:07:56 INFO agent session ended agent_id=pvg-esb4-201 session_count=13
2026/09/12 20:07:56 INFO agent session ended agent_id=pvg-esb4-207 session_count=12
2026/09/12 20:07:56 INFO agent session ended agent_id=cgk-oracle-10 session_count=11
2026/09/12 20:07:56 INFO agent session ended agent_id=pvg-esb4-204 session_count=10
2026/09/12 20:07:56 INFO agent session ended agent_id=mysql135 session_count=9
2026/09/12 20:07:56 INFO agent session ended agent_id=localhost session_count=8
2026/09/12 20:07:56 INFO agent session ended agent_id=mysql134 session_count=7
2026/09/12 20:07:57 INFO agent session established agent_id=pvg-esb4-202 session_count=8
2026/09/12 20:07:57 INFO agent session established agent_id=177 session_count=9
2026/09/12 20:07:57 INFO agent session established agent_id=pvg4-esb-208 session_count=10
2026/09/12 20:07:57 INFO agent session established agent_id=pvg-esb4-206 session_count=11
2026/09/12 20:07:57 INFO agent session established agent_id=mysql136 session_count=12
2026/09/12 20:07:57 INFO agent session established agent_id=pvg-esb4-201 session_count=13
2026/09/12 20:07:57 INFO agent session established agent_id=pvg-esb4-207 session_count=14
2026/09/12 20:07:57 INFO agent session established agent_id=cgk-oracle-10 session_count=15
2026/09/12 20:07:57 INFO agent session established agent_id=pvg-esb4-204 session_count=16
2026/09/12 20:07:57 INFO agent session established agent_id=localhost session_count=17
2026/09/12 20:07:57 INFO agent session established agent_id=mysql135 session_count=18
2026/09/12 20:07:57 INFO agent session established agent_id=mysql134 session_count=19
[GIN] 2026/09/12 - 20:08:24 | 200 | 370.41ms |   192.168.240.7 | GET      "/monitor/prometheus/http-sd/"
2026/09/12 20:08:32 INFO agent session ended agent_id=cdm-179 session_count=18
2026/09/12 20:08:33 INFO agent session ended agent_id=cdm-oracle-159 session_count=17
2026/09/12 20:08:33 INFO agent session ended agent_id=tib-oracle session_count=16
2026/09/12 20:08:33 INFO agent session ended agent_id=kul-tib-tomcat1 session_count=15
2026/09/12 20:08:33 INFO agent session ended agent_id=tib_nginx-208 session_count=14
2026/09/12 20:08:33 INFO agent session ended agent_id=kul-tib-tomcat2 session_count=13
2026/09/12 20:08:33 INFO agent session ended agent_id=tib-es-redis-209 session_count=12
2026/09/12 20:08:33 INFO agent session established agent_id=cdm-179 session_count=13
2026/09/12 20:08:34 INFO agent session established agent_id=cdm-oracle-159 session_count=14
2026/09/12 20:08:34 INFO agent session established agent_id=tib-oracle session_count=15
2026/09/12 20:08:34 INFO agent session established agent_id=kul-tib-tomcat1 session_count=16
2026/09/12 20:08:34 INFO agent session established agent_id=kul-tib-tomcat2 session_count=17
2026/09/12 20:08:34 INFO agent session established agent_id=tib_nginx-208 session_count=18
2026/09/12 20:08:34 INFO agent session established agent_id=tib-es-redis-209 session_count=19
[GIN] 2026/09/12 - 20:08:54 | 200 | 354.42ms |   192.168.240.7 | GET      "/monitor/prometheus/http-sd/"
[GIN] 2026/09/12 - 20:09:19 | 200 | 448.35ms |   192.168.240.7 | POST     "/monitor/alert-webhook/api/v2/alerts"
[GIN] 2026/09/12 - 20:09:20 | 200 | 368.23ms |   192.168.240.7 | POST     "/monitor/alert-webhook/api/v2/alerts"
[GIN] 2026/09/12 - 20:09:24 | 200 | 376.76ms |   192.168.240.7 | GET      "/monitor/prometheus/http-sd/"
2026/09/16 20:55:34 INFO autoadmin starting version=09dc53e-dirty role=api
[GIN-debug] [WARNING] Running in "debug" mode. Switch to "release" mode in production.
 - using env:	export GIN_MODE=release
 - using code:	gin.SetMode(gin.ReleaseMode)

[GIN-debug] GET    /health/live              --> autoadmin/internal/api/router.NewWithGateway.func1 (5 handlers)
[GIN-debug] GET    /health/ready             --> autoadmin/internal/api/router.readiness.func1 (5 handlers)
[GIN-debug] POST   /sys/login                --> autoadmin/internal/identity.(*Handler).Login-fm (5 handlers)
[GIN-debug] GET    /sys/users/current/       --> autoadmin/internal/identity.(*Handler).Current-fm (6 handlers)
[GIN-debug] GET    /sys/users/               --> autoadmin/internal/identity.(*Handler).ListUsers-fm (7 handlers)
[GIN-debug] POST   /user/changeAvatar        --> autoadmin/internal/identity.(*Handler).ChangeAvatar-fm (6 handlers)
[GIN-debug] POST   /sys/usercenter/updateUserInfo/ --> autoadmin/internal/identity.(*Handler).UpdateUserInfo-fm (7 handlers)
[GIN-debug] POST   /sys/usercenter/updateUserPassword/ --> autoadmin/internal/identity.(*Handler).UpdateUserPassword-fm (6 handlers)
[GIN-debug] GET    /sys/usercenter/alertMediaBindings/ --> autoadmin/internal/identity.(*Handler).AlertMediaBindings-fm (6 handlers)
[GIN-debug] POST   /sys/usercenter/updateAlertMediaBindings/ --> autoadmin/internal/identity.(*Handler).UpdateAlertMediaBindings-fm (6 handlers)
[GIN-debug] GET    /sys/usercenter/apiTokens/ --> autoadmin/internal/identity.(*APITokenHandler).List-fm (7 handlers)
[GIN-debug] POST   /sys/usercenter/createApiToken/ --> autoadmin/internal/identity.(*APITokenHandler).Create-fm (7 handlers)
[GIN-debug] POST   /sys/usercenter/rotateApiToken/ --> autoadmin/internal/identity.(*APITokenHandler).Rotate-fm (7 handlers)
[GIN-debug] POST   /sys/usercenter/disableApiToken/ --> autoadmin/internal/identity.(*APITokenHandler).Disable-fm (7 handlers)
[GIN-debug] POST   /sys/usercenter/deleteApiToken/ --> autoadmin/internal/identity.(*APITokenHandler).Delete-fm (7 handlers)
[GIN-debug] GET    /sys/automation/playbooks/ --> autoadmin/internal/automation.(*Handler).List-fm (7 handlers)
[GIN-debug] POST   /sys/automation/playbooks/validate/ --> autoadmin/internal/automation.(*Handler).Validate-fm (7 handlers)
[GIN-debug] GET    /sys/automation/playbooks/host-options/ --> autoadmin/internal/automation.(*Handler).HostOptions-fm (7 handlers)
[GIN-debug] GET    /sys/automation/playbooks/group-tree/ --> autoadmin/internal/automation.(*Handler).GroupTree-fm (7 handlers)
[GIN-debug] GET    /sys/automation/playbooks/:id/ --> autoadmin/internal/automation.(*Handler).Get-fm (7 handlers)
[GIN-debug] POST   /sys/automation/playbooks/ --> autoadmin/internal/automation.(*Handler).Create-fm (7 handlers)
[GIN-debug] PATCH  /sys/automation/playbooks/:id/ --> autoadmin/internal/automation.(*Handler).Update-fm (7 handlers)
[GIN-debug] PUT    /sys/automation/playbooks/:id/ --> autoadmin/internal/automation.(*Handler).Update-fm (7 handlers)
[GIN-debug] POST   /sys/automation/playbooks/:id/upload/ --> autoadmin/internal/automation.(*Handler).UploadFile-fm (7 handlers)
[GIN-debug] GET    /sys/automation/playbooks/:id/download/ --> autoadmin/internal/automation.(*Handler).DownloadFile-fm (7 handlers)
[GIN-debug] POST   /sys/automation/playbooks/batch-delete/ --> autoadmin/internal/automation.(*Handler).BatchDeletePlaybooks-fm (7 handlers)
[GIN-debug] GET    /sys/automation/inventories/ --> autoadmin/internal/automation.(*Handler).ListInventories-fm (7 handlers)
[GIN-debug] POST   /sys/automation/inventories/ --> autoadmin/internal/automation.(*Handler).CreateInventory-fm (7 handlers)
[GIN-debug] GET    /sys/automation/inventories/:id/ --> autoadmin/internal/automation.(*Handler).GetInventory-fm (7 handlers)
[GIN-debug] PATCH  /sys/automation/inventories/:id/ --> autoadmin/internal/automation.(*Handler).UpdateInventory-fm (7 handlers)
[GIN-debug] PUT    /sys/automation/inventories/:id/ --> autoadmin/internal/automation.(*Handler).UpdateInventory-fm (7 handlers)
[GIN-debug] POST   /sys/automation/inventories/batch-delete/ --> autoadmin/internal/automation.(*Handler).BatchDeleteInventories-fm (7 handlers)
[GIN-debug] POST   /sys/automation/inventories/:id/precheck-limit/ --> autoadmin/internal/automation.(*Handler).PrecheckInventoryLimit-fm (7 handlers)
[GIN-debug] GET    /sys/automation/tasks/    --> autoadmin/internal/automation.(*Handler).ListTasks-fm (7 handlers)
[GIN-debug] POST   /sys/automation/tasks/    --> autoadmin/internal/automation.(*Handler).CreateTask-fm (7 handlers)
[GIN-debug] GET    /sys/automation/tasks/:id/ --> autoadmin/internal/automation.(*Handler).GetTask-fm (7 handlers)
[GIN-debug] PATCH  /sys/automation/tasks/:id/ --> autoadmin/internal/automation.(*Handler).UpdateTask-fm (7 handlers)
[GIN-debug] PUT    /sys/automation/tasks/:id/ --> autoadmin/internal/automation.(*Handler).UpdateTask-fm (7 handlers)
[GIN-debug] POST   /sys/automation/tasks/batch-delete/ --> autoadmin/internal/automation.(*Handler).BatchDeleteTasks-fm (7 handlers)
[GIN-debug] POST   /sys/automation/tasks/:id/precheck/ --> autoadmin/internal/automation.(*Handler).PrecheckTask-fm (7 handlers)
[GIN-debug] POST   /sys/automation/tasks/:id/run_now/ --> autoadmin/internal/automation.(*Handler).RunTaskNow-fm (7 handlers)
[GIN-debug] GET    /sys/automation/jobs/     --> autoadmin/internal/automation.(*Handler).ListJobs-fm (7 handlers)
[GIN-debug] GET    /sys/automation/jobs/:id/ --> autoadmin/internal/automation.(*Handler).GetJob-fm (7 handlers)
[GIN-debug] GET    /sys/automation/jobs/:id/log/ --> autoadmin/internal/automation.(*Handler).JobLog-fm (7 handlers)
[GIN-debug] GET    /sys/automation/jobs/:id/events/ --> autoadmin/internal/automation.(*Handler).JobEvents-fm (7 handlers)
[GIN-debug] GET    /sys/automation/jobs/:id/status-summary/ --> autoadmin/internal/automation.(*Handler).JobStatusSummary-fm (7 handlers)
[GIN-debug] POST   /sys/automation/jobs/:id/cancel/ --> autoadmin/internal/automation.(*Handler).CancelJob-fm (7 handlers)
[GIN-debug] GET    /sys/scheduler/tasks/     --> autoadmin/internal/scheduler.(*Handler).List-fm (7 handlers)
[GIN-debug] GET    /sys/scheduler/tasks/:id/ --> autoadmin/internal/scheduler.(*Handler).Get-fm (7 handlers)
[GIN-debug] PATCH  /sys/scheduler/tasks/:id/ --> autoadmin/internal/scheduler.(*Handler).Update-fm (7 handlers)
[GIN-debug] POST   /sys/scheduler/tasks/:id/toggle_enabled/ --> autoadmin/internal/scheduler.(*Handler).Toggle-fm (7 handlers)
[GIN-debug] POST   /sys/scheduler/tasks/:id/enable/ --> autoadmin/internal/scheduler.(*Handler).Enable-fm (7 handlers)
[GIN-debug] POST   /sys/scheduler/tasks/:id/disable/ --> autoadmin/internal/scheduler.(*Handler).Disable-fm (7 handlers)
[GIN-debug] POST   /sys/scheduler/tasks/:id/run_now/ --> autoadmin/internal/scheduler.(*Handler).RunNow-fm (7 handlers)
[GIN-debug] GET    /sys/scheduler/tasks/:id/status/ --> autoadmin/internal/scheduler.(*Handler).Status-fm (7 handlers)
[GIN-debug] POST   /sys/scheduler/tasks/start_scheduler/ --> autoadmin/internal/scheduler.(*Handler).StartScheduler-fm (7 handlers)
[GIN-debug] POST   /sys/scheduler/tasks/stop_scheduler/ --> autoadmin/internal/scheduler.(*Handler).StopScheduler-fm (7 handlers)
[GIN-debug] GET    /sys/scheduler/task-logs/ --> autoadmin/internal/scheduler.(*Handler).ListLogs-fm (7 handlers)
[GIN-debug] GET    /sys/scheduler/task-logs/:id/ --> autoadmin/internal/scheduler.(*Handler).GetLog-fm (7 handlers)
[GIN-debug] GET    /sys/users/:id/           --> autoadmin/internal/identity.(*Handler).UserDetail-fm (7 handlers)
[GIN-debug] POST   /sys/users/               --> autoadmin/internal/identity.(*Handler).CreateUser-fm (7 handlers)
[GIN-debug] PATCH  /sys/users/:id/           --> autoadmin/internal/identity.(*Handler).UpdateUser-fm (7 handlers)
[GIN-debug] GET    /sys/users/checkUserName/ --> autoadmin/internal/identity.(*Handler).CheckUsername-fm (7 handlers)
[GIN-debug] POST   /sys/users/batch-delete/  --> autoadmin/internal/identity.(*Handler).BatchDeleteUsers-fm (7 handlers)
[GIN-debug] POST   /sys/users/resetUserPwd/  --> autoadmin/internal/identity.(*Handler).ResetPassword-fm (7 handlers)
[GIN-debug] POST   /sys/users/assginUserRoles/ --> autoadmin/internal/identity.(*Handler).AssignRoles-fm (7 handlers)
[GIN-debug] POST   /sys/users/changeUserStatus/ --> autoadmin/internal/identity.(*Handler).ChangeUserStatus-fm (7 handlers)
[GIN-debug] GET    /sys/users/getUserRolesById/ --> autoadmin/internal/identity.(*Handler).GetUserRoles-fm (7 handlers)
[GIN-debug] GET    /sys/user-groups/         --> autoadmin/internal/identity.(*Handler).ListUserGroups-fm (7 handlers)
[GIN-debug] POST   /sys/user-groups/create/  --> autoadmin/internal/identity.(*Handler).CreateUserGroup-fm (7 handlers)
[GIN-debug] POST   /sys/user-groups/update/  --> autoadmin/internal/identity.(*Handler).UpdateUserGroup-fm (7 handlers)
[GIN-debug] POST   /sys/user-groups/batch-delete/ --> autoadmin/internal/identity.(*Handler).BatchDeleteUserGroups-fm (7 handlers)
[GIN-debug] GET    /sys/roles/               --> autoadmin/internal/rbac.(*Handler).List-fm (7 handlers)
[GIN-debug] GET    /sys/roles/:id/           --> autoadmin/internal/rbac.(*Handler).Get-fm (7 handlers)
[GIN-debug] POST   /sys/roles/               --> autoadmin/internal/rbac.(*Handler).Create-fm (7 handlers)
[GIN-debug] PATCH  /sys/roles/:id/           --> autoadmin/internal/rbac.(*Handler).Update-fm (7 handlers)
[GIN-debug] POST   /sys/roles/batch-delete/  --> autoadmin/internal/rbac.(*Handler).DeleteMany-fm (7 handlers)
[GIN-debug] GET    /sys/roles/getCurrentUserRoleList/ --> autoadmin/internal/rbac.(*Handler).Current-fm (6 handlers)
[GIN-debug] GET    /sys/menus/getMenuTree/   --> autoadmin/internal/rbac.(*Handler).MenuTree-fm (7 handlers)
[GIN-debug] GET    /sys/menus/:id/           --> autoadmin/internal/rbac.(*Handler).GetMenu-fm (7 handlers)
[GIN-debug] POST   /sys/menus/               --> autoadmin/internal/rbac.(*Handler).CreateMenu-fm (7 handlers)
[GIN-debug] PATCH  /sys/menus/:id/           --> autoadmin/internal/rbac.(*Handler).UpdateMenu-fm (7 handlers)
[GIN-debug] GET    /sys/menus/getMenuListByRoleId/ --> autoadmin/internal/rbac.(*Handler).MenuIDsByRole-fm (7 handlers)
[GIN-debug] POST   /sys/menus/grantMenu/     --> autoadmin/internal/rbac.(*Handler).GrantMenus-fm (7 handlers)
[GIN-debug] DELETE /sys/menus/deleteMenuById/ --> autoadmin/internal/rbac.(*Handler).DeleteMenu-fm (7 handlers)
[GIN-debug] GET    /sys/configs/             --> autoadmin/internal/sysconfig.(*Handler).List-fm (6 handlers)
[GIN-debug] GET    /sys/configs/:id/         --> autoadmin/internal/sysconfig.(*Handler).Get-fm (6 handlers)
[GIN-debug] PATCH  /sys/configs/:id/         --> autoadmin/internal/sysconfig.(*Handler).Update-fm (6 handlers)
[GIN-debug] POST   /sys/configs/:id/reset-default/ --> autoadmin/internal/sysconfig.(*Handler).Reset-fm (6 handlers)
[GIN-debug] GET    /sys/configs/by-key/:key/ --> autoadmin/internal/sysconfig.(*Handler).GetByKey-fm (6 handlers)
[GIN-debug] PATCH  /sys/configs/update-by-key/:key/ --> autoadmin/internal/sysconfig.(*Handler).UpdateByKey-fm (6 handlers)
[GIN-debug] GET    /sys/audit/operation-logs/ --> autoadmin/internal/audit.(*Handler).List-fm (7 handlers)
[GIN-debug] GET    /sys/audit/login-logs/    --> autoadmin/internal/audit.(*Handler).ListLoginLogs-fm (7 handlers)
[GIN-debug] GET    /sys/audit/webssh-sessions/ --> autoadmin/internal/audit.(*Handler).ListWebSSHSessions-fm (7 handlers)
[GIN-debug] GET    /sys/audit/webssh-sessions/:id/content/ --> autoadmin/internal/audit.(*Handler).WebSSHContent-fm (7 handlers)
[GIN-debug] GET    /sys/audit/webssh-sessions/:id/download/ --> autoadmin/internal/audit.(*Handler).DownloadWebSSH-fm (7 handlers)
[GIN-debug] GET    /sys/audit/webssh-sessions/download-all/ --> autoadmin/internal/audit.(*Handler).DownloadWebSSHMany-fm (7 handlers)
[GIN-debug] GET    /api/agent/jobs/query     --> autoadmin/internal/assets.(*Handler).QueryAgentJobs-fm (6 handlers)
[GIN-debug] GET    /api/agent/packages/      --> autoadmin/internal/assets.(*Handler).ListAgentPackages-fm (7 handlers)
[GIN-debug] GET    /api/agent/packages/download/ --> autoadmin/internal/assets.(*Handler).DownloadAgentPackage-fm (7 handlers)
[GIN-debug] POST   /api/agent/packages/upload/ --> autoadmin/internal/assets.(*Handler).UploadAgentPackage-fm (7 handlers)
[GIN-debug] POST   /api/agent/packages/:id/activate/ --> autoadmin/internal/assets.(*Handler).ActivateAgentPackage-fm (7 handlers)
[GIN-debug] POST   /api/agent/packages/batch-delete/ --> autoadmin/internal/assets.(*Handler).BatchDeleteAgentPackages-fm (7 handlers)
[GIN-debug] POST   /api/agent/install        --> autoadmin/internal/assets.(*Handler).AgentInstall-fm (7 handlers)
[GIN-debug] GET    /assets/projects/         --> autoadmin/internal/assets.(*Handler).ListProjects-fm (7 handlers)
[GIN-debug] GET    /assets/projects/:id/     --> autoadmin/internal/assets.(*Handler).GetProject-fm (7 handlers)
[GIN-debug] POST   /assets/projects/         --> autoadmin/internal/assets.(*Handler).CreateProject-fm (7 handlers)
[GIN-debug] PUT    /assets/projects/:id/     --> autoadmin/internal/assets.(*Handler).UpdateProject-fm (7 handlers)
[GIN-debug] PATCH  /assets/projects/:id/     --> autoadmin/internal/assets.(*Handler).UpdateProject-fm (7 handlers)
[GIN-debug] POST   /assets/projects/batch-delete/ --> autoadmin/internal/assets.(*Handler).BatchDeleteProjects-fm (7 handlers)
[GIN-debug] GET    /assets/business-systems/ --> autoadmin/internal/assets.(*Handler).ListBusinessSystems-fm (7 handlers)
[GIN-debug] GET    /assets/business-systems/:id/ --> autoadmin/internal/assets.(*Handler).GetBusinessSystem-fm (7 handlers)
[GIN-debug] POST   /assets/business-systems/ --> autoadmin/internal/assets.(*Handler).CreateBusinessSystem-fm (7 handlers)
[GIN-debug] PUT    /assets/business-systems/:id/ --> autoadmin/internal/assets.(*Handler).UpdateBusinessSystem-fm (7 handlers)
[GIN-debug] PATCH  /assets/business-systems/:id/ --> autoadmin/internal/assets.(*Handler).UpdateBusinessSystem-fm (7 handlers)
[GIN-debug] POST   /assets/business-systems/batch-delete/ --> autoadmin/internal/assets.(*Handler).BatchDeleteBusinessSystems-fm (7 handlers)
[GIN-debug] GET    /assets/business-environments/ --> autoadmin/internal/assets.(*Handler).ListEnvironments-fm (7 handlers)
[GIN-debug] GET    /assets/business-environments/:id/ --> autoadmin/internal/assets.(*Handler).GetEnvironment-fm (7 handlers)
[GIN-debug] POST   /assets/business-environments/ --> autoadmin/internal/assets.(*Handler).CreateEnvironment-fm (7 handlers)
[GIN-debug] PUT    /assets/business-environments/:id/ --> autoadmin/internal/assets.(*Handler).UpdateEnvironment-fm (7 handlers)
[GIN-debug] PATCH  /assets/business-environments/:id/ --> autoadmin/internal/assets.(*Handler).UpdateEnvironment-fm (7 handlers)
[GIN-debug] POST   /assets/business-environments/batch-delete/ --> autoadmin/internal/assets.(*Handler).BatchDeleteEnvironments-fm (7 handlers)
[GIN-debug] GET    /assets/credentials/      --> autoadmin/internal/assets.(*Handler).ListCredentials-fm (7 handlers)
[GIN-debug] POST   /assets/credentials/batch-create/ --> autoadmin/internal/assets.(*Handler).BatchCreateCredentials-fm (7 handlers)
[GIN-debug] POST   /assets/credentials/batch-delete/ --> autoadmin/internal/assets.(*Handler).DeleteCredentials-fm (7 handlers)
[GIN-debug] GET    /assets/credentials/:id/  --> autoadmin/internal/assets.(*Handler).GetCredential-fm (7 handlers)
[GIN-debug] POST   /assets/credentials/      --> autoadmin/internal/assets.(*Handler).CreateCredential-fm (7 handlers)
[GIN-debug] PUT    /assets/credentials/:id/  --> autoadmin/internal/assets.(*Handler).UpdateCredential-fm (7 handlers)
[GIN-debug] PATCH  /assets/credentials/:id/  --> autoadmin/internal/assets.(*Handler).UpdateCredential-fm (7 handlers)
[GIN-debug] GET    /assets/host-groups/      --> autoadmin/internal/assets.(*Handler).ListHostGroups-fm (7 handlers)
[GIN-debug] GET    /assets/host-groups/tree/ --> autoadmin/internal/assets.(*Handler).HostGroupTree-fm (7 handlers)
[GIN-debug] GET    /assets/host-groups/:id/  --> autoadmin/internal/assets.(*Handler).GetHostGroup-fm (7 handlers)
[GIN-debug] POST   /assets/host-groups/      --> autoadmin/internal/assets.(*Handler).CreateHostGroup-fm (7 handlers)
[GIN-debug] PUT    /assets/host-groups/:id/  --> autoadmin/internal/assets.(*Handler).UpdateHostGroup-fm (7 handlers)
[GIN-debug] PATCH  /assets/host-groups/:id/  --> autoadmin/internal/assets.(*Handler).UpdateHostGroup-fm (7 handlers)
[GIN-debug] POST   /assets/host-groups/batch-delete/ --> autoadmin/internal/assets.(*Handler).BatchDeleteHostGroups-fm (7 handlers)
[GIN-debug] GET    /assets/hosts/:id/webssh/ --> autoadmin/internal/assets.(*Handler).WebSSH-fm (7 handlers)
[GIN-debug] GET    /assets/hosts/:id/agent-runtime-status/ --> autoadmin/internal/assets.(*Handler).GetHostAgentRuntimeStatus-fm (7 handlers)
[GIN-debug] GET    /assets/hosts/:id/webssh-active-count/ --> autoadmin/internal/assets.(*Handler).GetHostWebSSHActiveCount-fm (7 handlers)
[GIN-debug] GET    /assets/hosts/:id/webssh-active-sessions/ --> autoadmin/internal/assets.(*Handler).GetHostWebSSHActiveSessions-fm (7 handlers)
[GIN-debug] GET    /assets/hosts/:id/files/list/ --> autoadmin/internal/assets.(*Handler).ListWebSSHFiles-fm (7 handlers)
[GIN-debug] GET    /assets/hosts/:id/files/download/ --> autoadmin/internal/assets.(*Handler).DownloadWebSSHFile-fm (7 handlers)
[GIN-debug] POST   /assets/hosts/:id/files/upload/chunk/ --> autoadmin/internal/assets.(*Handler).UploadWebSSHFile-fm (7 handlers)
[GIN-debug] POST   /assets/hosts/:id/files/rename/ --> autoadmin/internal/assets.(*Handler).RenameWebSSHFile-fm (7 handlers)
[GIN-debug] DELETE /assets/hosts/:id/files/delete/ --> autoadmin/internal/assets.(*Handler).DeleteWebSSHFile-fm (7 handlers)
[GIN-debug] POST   /assets/hosts/:id/files/create-dir/ --> autoadmin/internal/assets.(*Handler).CreateWebSSHDirectory-fm (7 handlers)
[GIN-debug] POST   /assets/hosts/:id/refresh-info/ --> autoadmin/internal/assets.(*Handler).RefreshHostInfo-fm (7 handlers)
[GIN-debug] GET    /assets/hosts/            --> autoadmin/internal/assets.(*Handler).ListHosts-fm (7 handlers)
[GIN-debug] POST   /assets/hosts/refresh-info/ --> autoadmin/internal/assets.(*Handler).BatchRefreshHostInfo-fm (7 handlers)
[GIN-debug] POST   /assets/hosts/batch-delete/ --> autoadmin/internal/assets.(*Handler).DeleteHosts-fm (7 handlers)
[GIN-debug] GET    /assets/hosts/:id/        --> autoadmin/internal/assets.(*Handler).GetHost-fm (7 handlers)
[GIN-debug] POST   /assets/hosts/            --> autoadmin/internal/assets.(*Handler).CreateHost-fm (7 handlers)
[GIN-debug] PUT    /assets/hosts/:id/        --> autoadmin/internal/assets.(*Handler).UpdateHost-fm (7 handlers)
[GIN-debug] PATCH  /assets/hosts/:id/        --> autoadmin/internal/assets.(*Handler).UpdateHost-fm (7 handlers)
[GIN-debug] GET    /ws/assets/hosts/:id/webssh/ --> autoadmin/internal/assets.(*Handler).WebSSH-fm (7 handlers)
[GIN-debug] GET    /ws/automation/jobs/:id/logs/ --> autoadmin/internal/automation.(*Handler).JobLogStream-fm (7 handlers)
[GIN-debug] GET    /assets/applications/     --> autoadmin/internal/assets.(*Handler).ListApplications-fm (7 handlers)
[GIN-debug] GET    /assets/applications/:id/ --> autoadmin/internal/assets.(*Handler).GetApplication-fm (7 handlers)
[GIN-debug] POST   /assets/applications/     --> autoadmin/internal/assets.(*Handler).CreateApplication-fm (7 handlers)
[GIN-debug] PUT    /assets/applications/:id/ --> autoadmin/internal/assets.(*Handler).UpdateApplication-fm (7 handlers)
[GIN-debug] PATCH  /assets/applications/:id/ --> autoadmin/internal/assets.(*Handler).UpdateApplication-fm (7 handlers)
[GIN-debug] POST   /assets/applications/batch-delete/ --> autoadmin/internal/assets.(*Handler).DeleteApplications-fm (7 handlers)
[GIN-debug] GET    /assets/application-versions/ --> autoadmin/internal/assets.(*Handler).ListVersions-fm (7 handlers)
[GIN-debug] GET    /assets/application-versions/:id/ --> autoadmin/internal/assets.(*Handler).GetVersion-fm (7 handlers)
[GIN-debug] POST   /assets/application-versions/ --> autoadmin/internal/assets.(*Handler).CreateVersion-fm (7 handlers)
[GIN-debug] PUT    /assets/application-versions/:id/ --> autoadmin/internal/assets.(*Handler).UpdateVersion-fm (7 handlers)
[GIN-debug] PATCH  /assets/application-versions/:id/ --> autoadmin/internal/assets.(*Handler).UpdateVersion-fm (7 handlers)
[GIN-debug] POST   /assets/application-versions/batch-delete/ --> autoadmin/internal/assets.(*Handler).BatchDeleteVersions-fm (7 handlers)
[GIN-debug] GET    /assets/cluster-profiles/ --> autoadmin/internal/assets.(*Handler).ListProfiles-fm (7 handlers)
[GIN-debug] GET    /assets/cluster-profiles/:id/ --> autoadmin/internal/assets.(*Handler).GetProfile-fm (7 handlers)
[GIN-debug] POST   /assets/cluster-profiles/ --> autoadmin/internal/assets.(*Handler).CreateProfile-fm (7 handlers)
[GIN-debug] PUT    /assets/cluster-profiles/:id/ --> autoadmin/internal/assets.(*Handler).UpdateProfile-fm (7 handlers)
[GIN-debug] PATCH  /assets/cluster-profiles/:id/ --> autoadmin/internal/assets.(*Handler).UpdateProfile-fm (7 handlers)
[GIN-debug] POST   /assets/cluster-profiles/batch-delete/ --> autoadmin/internal/assets.(*Handler).BatchDeleteProfiles-fm (7 handlers)
[GIN-debug] GET    /sys/security/baseline/   --> autoadmin/internal/baseline.(*Handler).ListBaselines-fm (7 handlers)
[GIN-debug] GET    /sys/security/baseline/:id/ --> autoadmin/internal/baseline.(*Handler).GetBaseline-fm (7 handlers)
[GIN-debug] POST   /sys/security/baseline/   --> autoadmin/internal/baseline.(*Handler).SaveBaseline-fm (7 handlers)
[GIN-debug] PATCH  /sys/security/baseline/:id/ --> autoadmin/internal/baseline.(*Handler).SaveBaseline-fm (7 handlers)
[GIN-debug] DELETE /sys/security/baseline/:id/ --> autoadmin/internal/baseline.(*Handler).DeleteBaseline-fm (7 handlers)
[GIN-debug] POST   /sys/security/baseline/:id/scan/ --> autoadmin/internal/baseline.(*Handler).StartScan-fm (7 handlers)
[GIN-debug] POST   /sys/security/baseline/:id/categories/ --> autoadmin/internal/baseline.(*Handler).CreateBaselineCategory-fm (7 handlers)
[GIN-debug] PATCH  /sys/security/baseline/:id/categories/:categoryId/ --> autoadmin/internal/baseline.(*Handler).UpdateBaselineCategory-fm (7 handlers)
[GIN-debug] DELETE /sys/security/baseline/:id/categories/:categoryId/ --> autoadmin/internal/baseline.(*Handler).DeleteBaselineCategory-fm (7 handlers)
[GIN-debug] POST   /sys/security/baseline/:id/items/ --> autoadmin/internal/baseline.(*Handler).AddBaselineItem-fm (7 handlers)
[GIN-debug] PATCH  /sys/security/baseline/:id/items/:itemId/ --> autoadmin/internal/baseline.(*Handler).UpdateBaselineItem-fm (7 handlers)
[GIN-debug] DELETE /sys/security/baseline/:id/items/:itemId/ --> autoadmin/internal/baseline.(*Handler).DeleteBaselineItem-fm (7 handlers)
[GIN-debug] GET    /sys/security/scans/      --> autoadmin/internal/baseline.(*Handler).ListScans-fm (7 handlers)
[GIN-debug] GET    /sys/security/scans/:id/  --> autoadmin/internal/baseline.(*Handler).GetScan-fm (7 handlers)
[GIN-debug] POST   /sys/security/scans/:id/cancel/ --> autoadmin/internal/baseline.(*Handler).CancelScan-fm (7 handlers)
[GIN-debug] GET    /assets/application-deployment-templates/ --> autoadmin/internal/assets.(*Handler).ListDeploymentTemplates-fm (7 handlers)
[GIN-debug] GET    /assets/application-deployment-templates/:id/ --> autoadmin/internal/assets.(*Handler).GetDeploymentTemplate-fm (7 handlers)
[GIN-debug] POST   /assets/application-deployment-templates/ --> autoadmin/internal/assets.(*Handler).CreateDeploymentTemplate-fm (7 handlers)
[GIN-debug] PUT    /assets/application-deployment-templates/:id/ --> autoadmin/internal/assets.(*Handler).UpdateDeploymentTemplate-fm (7 handlers)
[GIN-debug] PATCH  /assets/application-deployment-templates/:id/ --> autoadmin/internal/assets.(*Handler).UpdateDeploymentTemplate-fm (7 handlers)
[GIN-debug] POST   /assets/application-deployment-templates/batch-delete/ --> autoadmin/internal/assets.(*Handler).BatchDeleteDeploymentTemplates-fm (7 handlers)
[GIN-debug] GET    /assets/application-services/ --> autoadmin/internal/assets.(*Handler).ListApplicationServices-fm (7 handlers)
[GIN-debug] GET    /assets/application-services/:id/log-config/ --> autoadmin/internal/assets.(*Handler).GetApplicationServiceLogConfig-fm (7 handlers)
[GIN-debug] POST   /assets/application-services/:id/refresh-runtime-status/ --> autoadmin/internal/assets.(*Handler).RefreshApplicationServiceRuntimeStatus-fm (7 handlers)
[GIN-debug] GET    /assets/application-services/:id/ --> autoadmin/internal/assets.(*Handler).GetApplicationService-fm (7 handlers)
[GIN-debug] POST   /assets/application-services/ --> autoadmin/internal/assets.(*Handler).CreateApplicationService-fm (7 handlers)
[GIN-debug] PATCH  /assets/application-services/:id/ --> autoadmin/internal/assets.(*Handler).UpdateApplicationService-fm (7 handlers)
[GIN-debug] POST   /assets/application-services/batch-delete/ --> autoadmin/internal/assets.(*Handler).BatchDeleteApplicationServices-fm (7 handlers)
[GIN-debug] GET    /assets/application-deployments/ --> autoadmin/internal/assets.(*Handler).ListApplicationDeployments-fm (7 handlers)
[GIN-debug] GET    /assets/application-deployments/:id/ --> autoadmin/internal/assets.(*Handler).GetApplicationDeployment-fm (7 handlers)
[GIN-debug] POST   /assets/application-deployments/:id/control/ --> autoadmin/internal/assets.(*Handler).ControlApplicationDeployment-fm (7 handlers)
[GIN-debug] POST   /assets/application-deployments/ --> autoadmin/internal/assets.(*Handler).CreateApplicationDeployment-fm (7 handlers)
[GIN-debug] PATCH  /assets/application-deployments/:id/ --> autoadmin/internal/assets.(*Handler).UpdateApplicationDeployment-fm (7 handlers)
[GIN-debug] POST   /assets/application-deployments/batch-delete/ --> autoadmin/internal/assets.(*Handler).BatchDeleteApplicationDeployments-fm (7 handlers)
[GIN-debug] GET    /sys/inspection/groups/   --> autoadmin/internal/inspection.(*Handler).ListGroups-fm (7 handlers)
[GIN-debug] GET    /sys/inspection/groups/:id/ --> autoadmin/internal/inspection.(*Handler).GetGroup-fm (7 handlers)
[GIN-debug] POST   /sys/inspection/groups/   --> autoadmin/internal/inspection.(*Handler).SaveGroup-fm (7 handlers)
[GIN-debug] PATCH  /sys/inspection/groups/:id/ --> autoadmin/internal/inspection.(*Handler).SaveGroup-fm (7 handlers)
[GIN-debug] POST   /sys/inspection/groups/batch-delete/ --> autoadmin/internal/inspection.(*Handler).BatchDeleteGroups-fm (7 handlers)
[GIN-debug] GET    /sys/inspection/tasks/    --> autoadmin/internal/inspection.(*Handler).ListTasks-fm (7 handlers)
[GIN-debug] GET    /sys/inspection/tasks/:id/ --> autoadmin/internal/inspection.(*Handler).GetTask-fm (7 handlers)
[GIN-debug] POST   /sys/inspection/tasks/    --> autoadmin/internal/inspection.(*Handler).SaveTask-fm (7 handlers)
[GIN-debug] PATCH  /sys/inspection/tasks/:id/ --> autoadmin/internal/inspection.(*Handler).SaveTask-fm (7 handlers)
[GIN-debug] POST   /sys/inspection/tasks/batch-delete/ --> autoadmin/internal/inspection.(*Handler).BatchDeleteTasks-fm (7 handlers)
[GIN-debug] POST   /sys/inspection/tasks/:id/run/ --> autoadmin/internal/inspection.(*Handler).RunTask-fm (7 handlers)
[GIN-debug] GET    /sys/inspection/executions/ --> autoadmin/internal/inspection.(*Handler).ListExecutions-fm (7 handlers)
[GIN-debug] GET    /sys/inspection/executions/:id/ --> autoadmin/internal/inspection.(*Handler).GetExecution-fm (7 handlers)
[GIN-debug] POST   /sys/inspection/executions/:id/cancel/ --> autoadmin/internal/inspection.(*Handler).CancelExecution-fm (7 handlers)
[GIN-debug] GET    /monitor/summary/         --> autoadmin/internal/monitor.(*Handler).Summary-fm (7 handlers)
[GIN-debug] GET    /monitor/packages/        --> autoadmin/internal/monitor.(*Handler).ListPackages-fm (7 handlers)
[GIN-debug] POST   /monitor/packages/        --> autoadmin/internal/monitor.(*Handler).CreateSoftwarePackage-fm (7 handlers)
[GIN-debug] GET    /monitor/packages/:id/    --> autoadmin/internal/monitor.(*Handler).GetSoftwarePackage-fm (7 handlers)
[GIN-debug] PATCH  /monitor/packages/:id/    --> autoadmin/internal/monitor.(*Handler).UpdateSoftwarePackage-fm (7 handlers)
[GIN-debug] PUT    /monitor/packages/:id/    --> autoadmin/internal/monitor.(*Handler).UpdateSoftwarePackage-fm (7 handlers)
[GIN-debug] POST   /monitor/packages/:id/upload/ --> autoadmin/internal/monitor.(*Handler).UploadSoftwarePackage-fm (7 handlers)
[GIN-debug] POST   /monitor/packages/:id/sync-official/ --> autoadmin/internal/monitor.(*Handler).SyncSoftwarePackageFromOfficial-fm (7 handlers)
[GIN-debug] POST   /monitor/packages/batch-delete/ --> autoadmin/internal/monitor.(*Handler).BatchDeleteSoftwarePackages-fm (7 handlers)
[GIN-debug] GET    /monitor/targets/         --> autoadmin/internal/monitor.(*Handler).ListTargets-fm (7 handlers)
[GIN-debug] GET    /monitor/targets/host-group-tree/ --> autoadmin/internal/monitor.(*Handler).HostGroupTree-fm (7 handlers)
[GIN-debug] GET    /monitor/targets/exporter-options/ --> autoadmin/internal/monitor.(*Handler).ExporterOptions-fm (7 handlers)
[GIN-debug] GET    /monitor/targets/host-overview/ --> autoadmin/internal/monitor.(*Handler).HostOverview-fm (7 handlers)
[GIN-debug] POST   /monitor/targets/batch-create/ --> autoadmin/internal/monitor.(*Handler).BatchCreateTargets-fm (7 handlers)
[GIN-debug] POST   /monitor/targets/batch-delete/ --> autoadmin/internal/monitor.(*Handler).BatchDeleteTargets-fm (7 handlers)
[GIN-debug] POST   /monitor/targets/batch-start-service/ --> autoadmin/internal/monitor.(*Handler).BatchStartTargetService-fm (7 handlers)
[GIN-debug] POST   /monitor/targets/batch-stop-service/ --> autoadmin/internal/monitor.(*Handler).BatchStopTargetService-fm (7 handlers)
[GIN-debug] GET    /monitor/targets/:id/     --> autoadmin/internal/monitor.(*Handler).GetTarget-fm (7 handlers)
[GIN-debug] PATCH  /monitor/targets/:id/     --> autoadmin/internal/monitor.(*Handler).UpdateTarget-fm (7 handlers)
[GIN-debug] PUT    /monitor/targets/:id/     --> autoadmin/internal/monitor.(*Handler).UpdateTarget-fm (7 handlers)
[GIN-debug] POST   /monitor/targets/:id/retry/ --> autoadmin/internal/monitor.(*Handler).RetryTarget-fm (7 handlers)
[GIN-debug] POST   /monitor/targets/:id/cancel/ --> autoadmin/internal/monitor.(*Handler).CancelTarget-fm (7 handlers)
[GIN-debug] POST   /monitor/targets/:id/check-service-status/ --> autoadmin/internal/monitor.(*Handler).CheckTargetService-fm (7 handlers)
[GIN-debug] POST   /monitor/targets/:id/start-service/ --> autoadmin/internal/monitor.(*Handler).StartTargetService-fm (7 handlers)
[GIN-debug] POST   /monitor/targets/:id/stop-service/ --> autoadmin/internal/monitor.(*Handler).StopTargetService-fm (7 handlers)
[GIN-debug] GET    /monitor/install-histories/ --> autoadmin/internal/monitor.(*Handler).ListInstallHistories-fm (7 handlers)
[GIN-debug] GET    /monitor/install-histories/:id/ --> autoadmin/internal/monitor.(*Handler).GetInstallHistory-fm (7 handlers)
[GIN-debug] POST   /monitor/install-histories/:id/cancel/ --> autoadmin/internal/monitor.(*Handler).CancelInstallHistory-fm (7 handlers)
[GIN-debug] POST   /monitor/log-targets/batch-create/ --> autoadmin/internal/monitor.(*Handler).BatchCreateLogTargets-fm (7 handlers)
[GIN-debug] POST   /monitor/log-targets/batch-retry/ --> autoadmin/internal/monitor.(*Handler).BatchRetryLogTargets-fm (7 handlers)
[GIN-debug] POST   /monitor/log-targets/batch-start-service/ --> autoadmin/internal/monitor.(*Handler).BatchStartLogTargets-fm (7 handlers)
[GIN-debug] POST   /monitor/log-targets/batch-stop-service/ --> autoadmin/internal/monitor.(*Handler).BatchStopLogTargets-fm (7 handlers)
[GIN-debug] POST   /monitor/log-targets/batch-apply/ --> autoadmin/internal/monitor.(*Handler).BatchApplyLogTargets-fm (7 handlers)
[GIN-debug] POST   /monitor/log-targets/:id/retry/ --> autoadmin/internal/monitor.(*Handler).RetryLogTarget-fm (7 handlers)
[GIN-debug] POST   /monitor/log-targets/:id/cancel/ --> autoadmin/internal/monitor.(*Handler).CancelLogTarget-fm (7 handlers)
[GIN-debug] POST   /monitor/log-targets/batch-delete/ --> autoadmin/internal/monitor.(*Handler).BatchDeleteLogTargets-fm (7 handlers)
[GIN-debug] POST   /monitor/log-targets/:id/check-status/ --> autoadmin/internal/monitor.(*Handler).CheckLogTargetService-fm (7 handlers)
[GIN-debug] POST   /monitor/log-targets/:id/start-service/ --> autoadmin/internal/monitor.(*Handler).StartLogTargetService-fm (7 handlers)
[GIN-debug] POST   /monitor/log-targets/:id/stop-service/ --> autoadmin/internal/monitor.(*Handler).StopLogTargetService-fm (7 handlers)
[GIN-debug] POST   /monitor/log-targets/:id/apply/ --> autoadmin/internal/monitor.(*Handler).ApplyLogTargetConfig-fm (7 handlers)
[GIN-debug] GET    /monitor/alert-histories/ --> autoadmin/internal/monitor.(*Handler).ListAlertHistories-fm (7 handlers)
[GIN-debug] GET    /monitor/alert-histories/:id/ --> autoadmin/internal/monitor.(*Handler).GetAlertHistory-fm (7 handlers)
[GIN-debug] GET    /monitor/alert-histories/:id/notification-status/ --> autoadmin/internal/monitor.(*Handler).AlertNotificationStatus-fm (7 handlers)
[GIN-debug] GET    /monitor/alert-notification/user-chain/ --> autoadmin/internal/monitor.(*Handler).UserAlertChain-fm (7 handlers)
[GIN-debug] GET    /monitor/alert-notification/chain/:historyId/ --> autoadmin/internal/monitor.(*Handler).AlertChainEvaluation-fm (7 handlers)
[GIN-debug] GET    /monitor/media/           --> autoadmin/internal/monitor.(*Handler).ListAlertMedia-fm (7 handlers)
[GIN-debug] POST   /monitor/media/           --> autoadmin/internal/monitor.(*Handler).CreateAlertMedia-fm (7 handlers)
[GIN-debug] GET    /monitor/media/:id/       --> autoadmin/internal/monitor.(*Handler).GetAlertMedia-fm (7 handlers)
[GIN-debug] PATCH  /monitor/media/:id/       --> autoadmin/internal/monitor.(*Handler).UpdateAlertMedia-fm (7 handlers)
[GIN-debug] PUT    /monitor/media/:id/       --> autoadmin/internal/monitor.(*Handler).UpdateAlertMedia-fm (7 handlers)
[GIN-debug] POST   /monitor/media/:id/test/  --> autoadmin/internal/monitor.(*Handler).TestAlertMedia-fm (7 handlers)
[GIN-debug] POST   /monitor/media/batch-delete/ --> autoadmin/internal/monitor.(*Handler).BatchDeleteAlertMedia-fm (7 handlers)
[GIN-debug] GET    /monitor/notification-policies/ --> autoadmin/internal/monitor.(*Handler).ListNotificationPolicies-fm (7 handlers)
[GIN-debug] POST   /monitor/notification-policies/create/ --> autoadmin/internal/monitor.(*Handler).CreateNotificationPolicy-fm (7 handlers)
[GIN-debug] POST   /monitor/notification-policies/update/ --> autoadmin/internal/monitor.(*Handler).UpdateNotificationPolicy-fm (7 handlers)
[GIN-debug] POST   /monitor/notification-policies/batch-delete/ --> autoadmin/internal/monitor.(*Handler).BatchDeleteNotificationPolicies-fm (7 handlers)
[GIN-debug] GET    /monitor/log-retention-tiers/ --> autoadmin/internal/monitor.(*Handler).ListRetentionTiers-fm (7 handlers)
[GIN-debug] POST   /monitor/log-retention-tiers/ --> autoadmin/internal/monitor.(*Handler).CreateRetentionTier-fm (7 handlers)
[GIN-debug] GET    /monitor/log-retention-tiers/:id/ --> autoadmin/internal/monitor.(*Handler).GetRetentionTier-fm (7 handlers)
[GIN-debug] PATCH  /monitor/log-retention-tiers/:id/ --> autoadmin/internal/monitor.(*Handler).UpdateRetentionTier-fm (7 handlers)
[GIN-debug] PUT    /monitor/log-retention-tiers/:id/ --> autoadmin/internal/monitor.(*Handler).UpdateRetentionTier-fm (7 handlers)
[GIN-debug] POST   /monitor/log-retention-tiers/batch-delete/ --> autoadmin/internal/monitor.(*Handler).BatchDeleteRetentionTiers-fm (7 handlers)
[GIN-debug] GET    /monitor/log-processing-rules/ --> autoadmin/internal/monitor.(*Handler).ListProcessingRules-fm (7 handlers)
[GIN-debug] POST   /monitor/log-processing-rules/ --> autoadmin/internal/monitor.(*Handler).CreateProcessingRule-fm (7 handlers)
[GIN-debug] GET    /monitor/log-processing-rules/:id/ --> autoadmin/internal/monitor.(*Handler).GetProcessingRule-fm (7 handlers)
[GIN-debug] PATCH  /monitor/log-processing-rules/:id/ --> autoadmin/internal/monitor.(*Handler).UpdateProcessingRule-fm (7 handlers)
[GIN-debug] PUT    /monitor/log-processing-rules/:id/ --> autoadmin/internal/monitor.(*Handler).UpdateProcessingRule-fm (7 handlers)
[GIN-debug] POST   /monitor/log-processing-rules/batch-delete/ --> autoadmin/internal/monitor.(*Handler).BatchDeleteProcessingRules-fm (7 handlers)
[GIN-debug] GET    /monitor/log-collection-filter-rules/ --> autoadmin/internal/monitor.(*Handler).ListFilterRules-fm (7 handlers)
[GIN-debug] POST   /monitor/log-collection-filter-rules/ --> autoadmin/internal/monitor.(*Handler).CreateFilterRule-fm (7 handlers)
[GIN-debug] GET    /monitor/log-collection-filter-rules/:id/ --> autoadmin/internal/monitor.(*Handler).GetFilterRule-fm (7 handlers)
[GIN-debug] PATCH  /monitor/log-collection-filter-rules/:id/ --> autoadmin/internal/monitor.(*Handler).UpdateFilterRule-fm (7 handlers)
[GIN-debug] PUT    /monitor/log-collection-filter-rules/:id/ --> autoadmin/internal/monitor.(*Handler).UpdateFilterRule-fm (7 handlers)
[GIN-debug] POST   /monitor/log-collection-filter-rules/batch-delete/ --> autoadmin/internal/monitor.(*Handler).BatchDeleteFilterRules-fm (7 handlers)
[GIN-debug] GET    /monitor/opensearch-clusters/ --> autoadmin/internal/monitor.(*Handler).ListOpenSearchClusters-fm (7 handlers)
[GIN-debug] POST   /monitor/opensearch-clusters/ --> autoadmin/internal/monitor.(*Handler).CreateOpenSearchCluster-fm (7 handlers)
[GIN-debug] GET    /monitor/opensearch-clusters/:id/ --> autoadmin/internal/monitor.(*Handler).GetOpenSearchCluster-fm (7 handlers)
[GIN-debug] PATCH  /monitor/opensearch-clusters/:id/ --> autoadmin/internal/monitor.(*Handler).UpdateOpenSearchCluster-fm (7 handlers)
[GIN-debug] PUT    /monitor/opensearch-clusters/:id/ --> autoadmin/internal/monitor.(*Handler).UpdateOpenSearchCluster-fm (7 handlers)
[GIN-debug] POST   /monitor/opensearch-clusters/batch-delete/ --> autoadmin/internal/monitor.(*Handler).BatchDeleteOpenSearchClusters-fm (7 handlers)
[GIN-debug] POST   /monitor/opensearch-clusters/:id/test-connection/ --> autoadmin/internal/monitor.(*Handler).TestOpenSearchConnection-fm (7 handlers)
[GIN-debug] GET    /monitor/opensearch-clusters/:id/log-health/ --> autoadmin/internal/monitor.(*Handler).OpenSearchLogHealth-fm (7 handlers)
[GIN-debug] POST   /monitor/opensearch-clusters/:id/pipeline-simulate/ --> autoadmin/internal/monitor.(*Handler).SimulateOpenSearchPipeline-fm (7 handlers)
[GIN-debug] GET    /monitor/opensearch-clusters/:id/log-search/ --> autoadmin/internal/monitor.(*Handler).OpenSearchLogSearch-fm (7 handlers)
[GIN-debug] GET    /monitor/opensearch-clusters/:id/log-facet-stats/ --> autoadmin/internal/monitor.(*Handler).OpenSearchLogFacetStats-fm (7 handlers)
[GIN-debug] GET    /monitor/opensearch-clusters/:id/log-storage-overview/ --> autoadmin/internal/monitor.(*Handler).GetLogStorageOverview-fm (7 handlers)
[GIN-debug] GET    /monitor/opensearch-clusters/:id/log-service-usage/ --> autoadmin/internal/monitor.(*Handler).GetLogServiceUsage-fm (7 handlers)
[GIN-debug] GET    /monitor/log-targets/:id/config-preview/ --> autoadmin/internal/monitor.(*Handler).GetHostLogConfigPreview-fm (7 handlers)
[GIN-debug] GET    /monitor/targets/summary/ --> autoadmin/internal/monitor.(*Handler).Summary-fm (7 handlers)
[GIN-debug] GET    /monitor/targets/prometheus/overview/ --> autoadmin/internal/monitor.(*Handler).PrometheusOverview-fm (7 handlers)
[GIN-debug] GET    /monitor/targets/prometheus/targets/ --> autoadmin/internal/monitor.(*Handler).PrometheusTargets-fm (7 handlers)
[GIN-debug] GET    /monitor/targets/prometheus/alerts/ --> autoadmin/internal/monitor.(*Handler).PrometheusAlerts-fm (7 handlers)
[GIN-debug] GET    /monitor/targets/prometheus/rules/ --> autoadmin/internal/monitor.(*Handler).PrometheusRules-fm (7 handlers)
[GIN-debug] GET    /monitor/targets/prometheus/tsdb-status/ --> autoadmin/internal/monitor.(*Handler).PrometheusTSDBStatus-fm (7 handlers)
[GIN-debug] GET    /monitor/targets/prometheus/config/ --> autoadmin/internal/monitor.(*Handler).PrometheusConfig-fm (7 handlers)
[GIN-debug] GET    /monitor/targets/prometheus/flags/ --> autoadmin/internal/monitor.(*Handler).PrometheusFlags-fm (7 handlers)
[GIN-debug] GET    /monitor/targets/prometheus/query/ --> autoadmin/internal/monitor.(*Handler).PrometheusQuery-fm (7 handlers)
[GIN-debug] GET    /monitor/targets/prometheus/query-range/ --> autoadmin/internal/monitor.(*Handler).PrometheusQueryRange-fm (7 handlers)
[GIN-debug] GET    /monitor/targets/prometheus/proxy/*apiPath --> autoadmin/internal/monitor.(*Handler).PrometheusProxy-fm (7 handlers)
[GIN-debug] POST   /monitor/targets/prometheus/proxy/*apiPath --> autoadmin/internal/monitor.(*Handler).PrometheusProxy-fm (7 handlers)
[GIN-debug] PUT    /monitor/targets/prometheus/proxy/*apiPath --> autoadmin/internal/monitor.(*Handler).PrometheusProxy-fm (7 handlers)
[GIN-debug] PATCH  /monitor/targets/prometheus/proxy/*apiPath --> autoadmin/internal/monitor.(*Handler).PrometheusProxy-fm (7 handlers)
[GIN-debug] HEAD   /monitor/targets/prometheus/proxy/*apiPath --> autoadmin/internal/monitor.(*Handler).PrometheusProxy-fm (7 handlers)
[GIN-debug] OPTIONS /monitor/targets/prometheus/proxy/*apiPath --> autoadmin/internal/monitor.(*Handler).PrometheusProxy-fm (7 handlers)
[GIN-debug] DELETE /monitor/targets/prometheus/proxy/*apiPath --> autoadmin/internal/monitor.(*Handler).PrometheusProxy-fm (7 handlers)
[GIN-debug] CONNECT /monitor/targets/prometheus/proxy/*apiPath --> autoadmin/internal/monitor.(*Handler).PrometheusProxy-fm (7 handlers)
[GIN-debug] TRACE  /monitor/targets/prometheus/proxy/*apiPath --> autoadmin/internal/monitor.(*Handler).PrometheusProxy-fm (7 handlers)
[GIN-debug] GET    /monitor/prometheus/http-sd/ --> autoadmin/internal/monitor.(*Handler).PrometheusHTTPServiceDiscovery-fm (6 handlers)
[GIN-debug] GET    /monitor/targets/prometheus/http-sd/ --> autoadmin/internal/monitor.(*Handler).PrometheusHTTPServiceDiscovery-fm (6 handlers)
[GIN-debug] POST   /monitor/alert-webhook/api/v2/alerts --> autoadmin/internal/monitor.(*Handler).AlertWebhook-fm (6 handlers)
[GIN] 2026/09/16 - 20:55:34 | 200 |   3.76ms |  192.168.124.15 | GET      "/assets/hosts/"
2026/09/16 20:55:35 INFO agent session established instance_name=localhost session_count=1
2026/09/16 20:55:35 INFO agent session established instance_name=cdm-oracle-159 session_count=2
2026/09/16 20:55:35 INFO agent session established instance_name=cgk-oracle-10 session_count=3
2026/09/16 20:55:35 INFO agent session established instance_name=mysql135 session_count=4
2026/09/16 20:55:35 INFO agent session established instance_name=mysql136 session_count=5
2026/09/16 20:55:35 INFO agent session established instance_name=cdm-179 session_count=6
2026/09/16 20:55:35 INFO agent session established instance_name=177 session_count=8
2026/09/16 20:55:35 INFO agent session established instance_name=kul-tib-tomcat2 session_count=7
2026/09/16 20:55:35 INFO agent session established instance_name=pvg-esb4-207 session_count=9
2026/09/16 20:55:35 INFO agent session established instance_name=pvg-esb4-204 session_count=10
2026/09/16 20:55:35 INFO agent session established instance_name=mysql134 session_count=11
2026/09/16 20:55:35 INFO agent session established instance_name=pvg-esb4-202 session_count=12
2026/09/16 20:55:35 INFO agent session established instance_name=pvg-esb4-201 session_count=13
2026/09/16 20:55:35 INFO agent session established instance_name=tib-oracle session_count=14
2026/09/16 20:55:35 INFO agent session established instance_name=tib_nginx-208 session_count=15
2026/09/16 20:55:35 INFO agent session established instance_name=pvg-esb4-206 session_count=16
2026/09/16 20:55:35 INFO agent session established instance_name=pvg4-esb-208 session_count=17
2026/09/16 20:55:35 INFO agent session established instance_name=tib-es-redis-209 session_count=18
2026/09/16 20:55:35 INFO agent session established instance_name=kul-tib-tomcat1 session_count=19
[GIN] 2026/09/16 - 20:55:38 | 200 |   4.24ms |  192.168.124.15 | GET      "/assets/hosts/"
[GIN] 2026/09/16 - 20:55:42 | 404 | 29.877µs |       127.0.0.1 | GET      "/health"
[GIN] 2026/09/16 - 20:55:42 | 404 | 16.891µs |       127.0.0.1 | GET      "/health"
[GIN] 2026/09/16 - 20:55:42 | 404 | 68.174µs |       127.0.0.1 | POST     "/api/auth/login"
[GIN] 2026/09/16 - 20:55:43 | 200 |   1.93ms |  192.168.124.15 | GET      "/assets/hosts/"
[GIN] 2026/09/16 - 20:55:48 | 200 |   3.26ms |  192.168.124.15 | GET      "/assets/hosts/"
[GIN] 2026/09/16 - 20:55:49 | 200 | 359.87ms |   192.168.240.2 | POST     "/monitor/alert-webhook/api/v2/alerts"
[GIN] 2026/09/16 - 20:55:53 | 200 |   2.97ms |  192.168.124.15 | GET      "/assets/hosts/"
[GIN] 2026/09/16 - 20:55:58 | 200 |   2.33ms |  192.168.124.15 | GET      "/assets/hosts/"
[GIN] 2026/09/16 - 20:56:01 | 200 |   2.09ms |  192.168.124.15 | GET      "/assets/hosts/"
[GIN] 2026/09/16 - 20:56:03 | 200 | 367.04ms |   192.168.240.2 | GET      "/monitor/prometheus/http-sd/"
[GIN] 2026/09/16 - 20:56:03 | 200 |   2.23ms |  192.168.124.15 | GET      "/assets/hosts/"
[GIN] 2026/09/16 - 20:56:08 | 200 |   2.55ms |  192.168.124.15 | GET      "/assets/hosts/"
[GIN] 2026/09/16 - 20:56:13 | 200 |   2.45ms |  192.168.124.15 | GET      "/assets/hosts/"
[GIN] 2026/09/16 - 20:56:18 | 200 |   2.02ms |  192.168.124.15 | GET      "/assets/hosts/"
[GIN] 2026/09/16 - 20:56:23 | 200 |   2.17ms |  192.168.124.15 | GET      "/assets/hosts/"
[GIN] 2026/09/16 - 20:56:28 | 200 |   3.21ms |  192.168.124.15 | GET      "/assets/hosts/"
[GIN] 2026/09/16 - 20:56:33 | 200 | 347.76ms |   192.168.240.2 | GET      "/monitor/prometheus/http-sd/"
[GIN] 2026/09/16 - 20:56:33 | 200 |   2.11ms |  192.168.124.15 | GET      "/assets/hosts/"
[GIN] 2026/09/16 - 20:56:38 | 200 |   2.52ms |  192.168.124.15 | GET      "/assets/hosts/"
[GIN] 2026/09/16 - 20:56:43 | 200 |   4.13ms |  192.168.124.15 | GET      "/assets/hosts/"
[GIN] 2026/09/16 - 20:56:48 | 200 |   2.25ms |  192.168.124.15 | GET      "/assets/hosts/"
[GIN] 2026/09/16 - 20:56:49 | 200 | 369.81ms |   192.168.240.2 | POST     "/monitor/alert-webhook/api/v2/alerts"
[GIN] 2026/09/16 - 20:56:50 | 200 |  398.2ms |   192.168.240.2 | POST     "/monitor/alert-webhook/api/v2/alerts"
[GIN] 2026/09/16 - 20:56:53 | 200 |   2.11ms |  192.168.124.15 | GET      "/assets/hosts/"
[GIN] 2026/09/16 - 20:56:58 | 200 |   2.42ms |  192.168.124.15 | GET      "/assets/hosts/"
[GIN] 2026/09/16 - 20:57:01 | 200 |    2.1ms |  192.168.124.15 | GET      "/assets/hosts/"
[GIN] 2026/09/16 - 20:57:03 | 200 | 385.84ms |   192.168.240.2 | GET      "/monitor/prometheus/http-sd/"
[GIN] 2026/09/16 - 20:57:03 | 200 |   2.34ms |  192.168.124.15 | GET      "/assets/hosts/"
2026/09/16 20:57:06 INFO agent session ended instance_name=tib_nginx-208 session_count=17
2026/09/16 20:57:06 INFO agent session ended instance_name=pvg-esb4-202 session_count=18
2026/09/16 20:57:06 INFO agent session ended instance_name=mysql134 session_count=16
2026/09/16 20:57:06 INFO agent session ended instance_name=tib-oracle session_count=15
2026/09/16 20:57:06 INFO agent session ended instance_name=localhost session_count=14
2026/09/16 20:57:06 INFO agent session ended instance_name=pvg-esb4-204 session_count=13
2026/09/16 20:57:06 INFO agent session ended instance_name=cdm-oracle-159 session_count=12
2026/09/16 20:57:06 INFO agent session ended instance_name=mysql135 session_count=11
2026/09/16 20:57:06 INFO agent session ended instance_name=mysql136 session_count=10
2026/09/16 20:57:06 INFO agent session ended instance_name=pvg-esb4-207 session_count=9
2026/09/16 20:57:06 INFO agent session ended instance_name=177 session_count=8
2026/09/16 20:57:06 INFO agent session ended instance_name=tib-es-redis-209 session_count=7
2026/09/16 20:57:06 INFO agent session ended instance_name=pvg-esb4-201 session_count=6
2026/09/16 20:57:06 INFO agent session ended instance_name=kul-tib-tomcat2 session_count=5
2026/09/16 20:57:06 INFO agent session ended instance_name=pvg4-esb-208 session_count=4
2026/09/16 20:57:06 INFO agent session ended instance_name=pvg-esb4-206 session_count=3
2026/09/16 20:57:06 INFO agent session ended instance_name=cgk-oracle-10 session_count=2
2026/09/16 20:57:06 INFO agent session ended instance_name=cdm-179 session_count=1
2026/09/16 20:57:06 INFO agent session ended instance_name=kul-tib-tomcat1 session_count=0
2026/09/16 20:57:07 INFO agent session established instance_name=pvg-esb4-202 session_count=1
2026/09/16 20:57:07 INFO agent session established instance_name=tib_nginx-208 session_count=2
2026/09/16 20:57:07 INFO agent session established instance_name=localhost session_count=3
2026/09/16 20:57:07 INFO agent session established instance_name=tib-oracle session_count=4
2026/09/16 20:57:07 INFO agent session established instance_name=mysql134 session_count=5
2026/09/16 20:57:07 INFO agent session established instance_name=cdm-oracle-159 session_count=6
2026/09/16 20:57:07 INFO agent session established instance_name=mysql135 session_count=8
2026/09/16 20:57:07 INFO agent session established instance_name=pvg-esb4-204 session_count=7
2026/09/16 20:57:07 INFO agent session established instance_name=mysql136 session_count=9
2026/09/16 20:57:07 INFO agent session established instance_name=tib-es-redis-209 session_count=12
2026/09/16 20:57:07 INFO agent session established instance_name=pvg-esb4-207 session_count=10
2026/09/16 20:57:07 INFO agent session established instance_name=177 session_count=11
2026/09/16 20:57:07 INFO agent session established instance_name=kul-tib-tomcat2 session_count=13
2026/09/16 20:57:07 INFO agent session established instance_name=pvg-esb4-201 session_count=14
2026/09/16 20:57:07 INFO agent session established instance_name=cgk-oracle-10 session_count=15
2026/09/16 20:57:07 INFO agent session established instance_name=pvg-esb4-206 session_count=16
2026/09/16 20:57:07 INFO agent session established instance_name=pvg4-esb-208 session_count=17
2026/09/16 20:57:07 INFO agent session established instance_name=cdm-179 session_count=18
2026/09/16 20:57:07 INFO agent session established instance_name=kul-tib-tomcat1 session_count=19
[GIN] 2026/09/16 - 20:57:08 | 200 |   2.97ms |  192.168.124.15 | GET      "/assets/hosts/"
[GIN] 2026/09/16 - 20:57:13 | 200 |   1.98ms |  192.168.124.15 | GET      "/assets/hosts/"
[GIN] 2026/09/16 - 20:57:18 | 200 |   2.05ms |  192.168.124.15 | GET      "/assets/hosts/"
[GIN] 2026/09/16 - 20:57:19 | 200 | 366.25ms |   192.168.240.2 | POST     "/monitor/alert-webhook/api/v2/alerts"
[GIN] 2026/09/16 - 20:57:23 | 200 |   1.94ms |  192.168.124.15 | GET      "/assets/hosts/"
[GIN] 2026/09/16 - 20:57:28 | 200 |   2.18ms |  192.168.124.15 | GET      "/assets/hosts/"
[GIN] 2026/09/16 - 20:57:33 | 200 | 368.64ms |   192.168.240.2 | GET      "/monitor/prometheus/http-sd/"
[GIN] 2026/09/16 - 20:57:33 | 200 |   2.66ms |  192.168.124.15 | GET      "/assets/hosts/"
[GIN] 2026/09/16 - 20:57:38 | 200 |   2.22ms |  192.168.124.15 | GET      "/assets/hosts/"
[GIN] 2026/09/16 - 20:57:43 | 200 |    1.9ms |  192.168.124.15 | GET      "/assets/hosts/"
[GIN] 2026/09/16 - 20:57:48 | 200 |   2.15ms |  192.168.124.15 | GET      "/assets/hosts/"
[GIN] 2026/09/16 - 20:57:53 | 200 |   2.24ms |  192.168.124.15 | GET      "/assets/hosts/"
[GIN] 2026/09/16 - 20:57:58 | 200 |   2.06ms |  192.168.124.15 | GET      "/assets/hosts/"
[GIN] 2026/09/16 - 20:58:01 | 200 |   2.31ms |  192.168.124.15 | GET      "/assets/hosts/"
[GIN] 2026/09/16 - 20:58:03 | 200 | 372.84ms |   192.168.240.2 | GET      "/monitor/prometheus/http-sd/"
[GIN] 2026/09/16 - 20:58:03 | 200 |   2.09ms |  192.168.124.15 | GET      "/assets/hosts/"
[GIN] 2026/09/16 - 20:58:08 | 200 |   1.97ms |  192.168.124.15 | GET      "/assets/hosts/"
[GIN] 2026/09/16 - 20:58:13 | 200 |   3.65ms |  192.168.124.15 | GET      "/assets/hosts/"
[GIN] 2026/09/16 - 20:58:18 | 200 |    2.2ms |  192.168.124.15 | GET      "/assets/hosts/"
[GIN] 2026/09/16 - 20:58:19 | 200 | 390.14ms |   192.168.240.2 | POST     "/monitor/alert-webhook/api/v2/alerts"
[GIN] 2026/09/16 - 20:58:20 | 200 | 438.45ms |   192.168.240.2 | POST     "/monitor/alert-webhook/api/v2/alerts"
[GIN] 2026/09/16 - 20:58:23 | 200 |   2.83ms |  192.168.124.15 | GET      "/assets/hosts/"
[GIN] 2026/09/16 - 20:58:28 | 200 |   4.38ms |  192.168.124.15 | GET      "/assets/hosts/"
[GIN] 2026/09/16 - 20:58:33 | 200 | 413.68ms |   192.168.240.2 | GET      "/monitor/prometheus/http-sd/"
[GIN] 2026/09/16 - 20:58:33 | 200 |   2.16ms |  192.168.124.15 | GET      "/assets/hosts/"
2026/09/16 20:58:38 INFO agent session ended instance_name=pvg-esb4-202 session_count=18
2026/09/16 20:58:38 INFO agent session ended instance_name=tib-oracle session_count=17
2026/09/16 20:58:38 INFO agent session ended instance_name=tib_nginx-208 session_count=16
2026/09/16 20:58:38 INFO agent session ended instance_name=pvg-esb4-204 session_count=15
2026/09/16 20:58:38 INFO agent session ended instance_name=localhost session_count=14
2026/09/16 20:58:38 INFO agent session ended instance_name=mysql134 session_count=13
[GIN] 2026/09/16 - 20:58:38 | 200 |   2.05ms |  192.168.124.15 | GET      "/assets/hosts/"
2026/09/16 20:58:38 INFO agent session ended instance_name=mysql135 session_count=12
2026/09/16 20:58:38 INFO agent session ended instance_name=177 session_count=11
2026/09/16 20:58:38 INFO agent session ended instance_name=pvg-esb4-201 session_count=10
2026/09/16 20:58:38 INFO agent session ended instance_name=kul-tib-tomcat2 session_count=9
2026/09/16 20:58:38 INFO agent session ended instance_name=cdm-oracle-159 session_count=8
2026/09/16 20:58:38 INFO agent session ended instance_name=pvg4-esb-208 session_count=7
2026/09/16 20:58:38 INFO agent session ended instance_name=cgk-oracle-10 session_count=6
2026/09/16 20:58:38 INFO agent session ended instance_name=pvg-esb4-207 session_count=5
2026/09/16 20:58:38 INFO agent session ended instance_name=tib-es-redis-209 session_count=4
2026/09/16 20:58:38 INFO agent session ended instance_name=mysql136 session_count=3
2026/09/16 20:58:38 INFO agent session ended instance_name=kul-tib-tomcat1 session_count=2
2026/09/16 20:58:38 INFO agent session ended instance_name=cdm-179 session_count=1
2026/09/16 20:58:38 INFO agent session ended instance_name=pvg-esb4-206 session_count=0
2026/09/16 20:58:39 INFO agent session established instance_name=pvg-esb4-202 session_count=1
2026/09/16 20:58:39 INFO agent session established instance_name=tib_nginx-208 session_count=2
2026/09/16 20:58:39 INFO agent session established instance_name=mysql134 session_count=3
2026/09/16 20:58:39 INFO agent session established instance_name=localhost session_count=5
2026/09/16 20:58:39 INFO agent session established instance_name=pvg-esb4-204 session_count=6
2026/09/16 20:58:39 INFO agent session established instance_name=tib-oracle session_count=4
2026/09/16 20:58:39 INFO agent session established instance_name=mysql135 session_count=7
2026/09/16 20:58:39 INFO agent session established instance_name=177 session_count=8
2026/09/16 20:58:39 INFO agent session established instance_name=pvg-esb4-201 session_count=9
2026/09/16 20:58:39 INFO agent session established instance_name=cdm-oracle-159 session_count=10
2026/09/16 20:58:39 INFO agent session established instance_name=kul-tib-tomcat2 session_count=11
2026/09/16 20:58:39 INFO agent session established instance_name=pvg4-esb-208 session_count=12
2026/09/16 20:58:39 INFO agent session established instance_name=pvg-esb4-207 session_count=13
2026/09/16 20:58:39 INFO agent session established instance_name=cgk-oracle-10 session_count=14
2026/09/16 20:58:39 INFO agent session established instance_name=tib-es-redis-209 session_count=15
2026/09/16 20:58:39 INFO agent session established instance_name=mysql136 session_count=16
2026/09/16 20:58:39 INFO agent session established instance_name=pvg-esb4-206 session_count=17
2026/09/16 20:58:39 INFO agent session established instance_name=kul-tib-tomcat1 session_count=18
2026/09/16 20:58:39 INFO agent session established instance_name=cdm-179 session_count=19
[GIN] 2026/09/16 - 20:58:43 | 200 |    4.3ms |  192.168.124.15 | GET      "/assets/hosts/"
[GIN] 2026/09/16 - 20:58:48 | 200 |    2.3ms |  192.168.124.15 | GET      "/assets/hosts/"
[GIN] 2026/09/16 - 20:58:49 | 200 | 353.98ms |   192.168.240.2 | POST     "/monitor/alert-webhook/api/v2/alerts"
[GIN] 2026/09/16 - 20:58:53 | 200 |    4.3ms |  192.168.124.15 | GET      "/assets/hosts/"
[GIN] 2026/09/16 - 20:58:58 | 200 |   3.95ms |  192.168.124.15 | GET      "/assets/hosts/"
[GIN] 2026/09/16 - 20:59:01 | 200 |   2.02ms |  192.168.124.15 | GET      "/assets/hosts/"
[GIN] 2026/09/16 - 20:59:03 | 200 | 352.34ms |   192.168.240.2 | GET      "/monitor/prometheus/http-sd/"
[GIN] 2026/09/16 - 20:59:03 | 200 |   1.96ms |  192.168.124.15 | GET      "/assets/hosts/"
[GIN] 2026/09/16 - 20:59:08 | 200 |   4.54ms |  192.168.124.15 | GET      "/assets/hosts/"
[GIN] 2026/09/16 - 20:59:13 | 200 |   2.35ms |  192.168.124.15 | GET      "/assets/hosts/"
[GIN] 2026/09/16 - 20:59:18 | 200 |   2.56ms |  192.168.124.15 | GET      "/assets/hosts/"
[GIN] 2026/09/16 - 20:59:23 | 200 |   1.83ms |  192.168.124.15 | GET      "/assets/hosts/"
[GIN] 2026/09/16 - 20:59:28 | 200 |   2.04ms |  192.168.124.15 | GET      "/assets/hosts/"
[GIN] 2026/09/16 - 20:59:33 | 200 | 383.91ms |   192.168.240.2 | GET      "/monitor/prometheus/http-sd/"
[GIN] 2026/09/16 - 20:59:33 | 200 |   2.28ms |  192.168.124.15 | GET      "/assets/hosts/"
[GIN] 2026/09/16 - 20:59:38 | 200 |   4.42ms |  192.168.124.15 | GET      "/assets/hosts/"
[GIN] 2026/09/16 - 20:59:43 | 200 |    2.1ms |  192.168.124.15 | GET      "/assets/hosts/"
[GIN] 2026/09/16 - 20:59:48 | 200 |   2.97ms |  192.168.124.15 | GET      "/assets/hosts/"
[GIN] 2026/09/16 - 20:59:49 | 200 | 440.82ms |   192.168.240.2 | POST     "/monitor/alert-webhook/api/v2/alerts"
[GIN] 2026/09/16 - 20:59:50 | 200 | 475.39ms |   192.168.240.2 | POST     "/monitor/alert-webhook/api/v2/alerts"
[GIN] 2026/09/16 - 20:59:53 | 200 |   4.01ms |  192.168.124.15 | GET      "/assets/hosts/"
[GIN] 2026/09/16 - 20:59:58 | 200 |   6.81ms |  192.168.124.15 | GET      "/assets/hosts/"
[GIN] 2026/09/16 - 21:00:01 | 200 |   1.89ms |  192.168.124.15 | GET      "/assets/hosts/"
[GIN] 2026/09/16 - 21:00:03 | 200 | 398.45ms |   192.168.240.2 | GET      "/monitor/prometheus/http-sd/"
[GIN] 2026/09/16 - 21:00:03 | 200 |   2.34ms |  192.168.124.15 | GET      "/assets/hosts/"
[GIN] 2026/09/16 - 21:00:08 | 200 |   3.96ms |  192.168.124.15 | GET      "/assets/hosts/"
2026/09/16 21:00:10 INFO agent session ended instance_name=tib_nginx-208 session_count=18
2026/09/16 21:00:10 INFO agent session ended instance_name=pvg4-esb-208 session_count=17
2026/09/16 21:00:10 INFO agent session ended instance_name=mysql134 session_count=16
2026/09/16 21:00:10 INFO agent session ended instance_name=tib-oracle session_count=15
2026/09/16 21:00:10 INFO agent session ended instance_name=pvg-esb4-204 session_count=14
2026/09/16 21:00:10 INFO agent session ended instance_name=tib-es-redis-209 session_count=13
2026/09/16 21:00:10 INFO agent session ended instance_name=mysql135 session_count=12
2026/09/16 21:00:10 INFO agent session ended instance_name=pvg-esb4-202 session_count=11
2026/09/16 21:00:10 INFO agent session ended instance_name=pvg-esb4-201 session_count=10
2026/09/16 21:00:10 INFO agent session ended instance_name=localhost session_count=9
2026/09/16 21:00:10 INFO agent session ended instance_name=177 session_count=8
2026/09/16 21:00:10 INFO agent session ended instance_name=cgk-oracle-10 session_count=7
2026/09/16 21:00:10 INFO agent session ended instance_name=kul-tib-tomcat2 session_count=6
2026/09/16 21:00:10 INFO agent session ended instance_name=cdm-oracle-159 session_count=5
2026/09/16 21:00:10 INFO agent session ended instance_name=pvg-esb4-207 session_count=4
2026/09/16 21:00:10 INFO agent session ended instance_name=cdm-179 session_count=3
2026/09/16 21:00:10 INFO agent session ended instance_name=pvg-esb4-206 session_count=2
2026/09/16 21:00:10 INFO agent session ended instance_name=mysql136 session_count=1
2026/09/16 21:00:10 INFO agent session ended instance_name=kul-tib-tomcat1 session_count=0
2026/09/16 21:00:11 INFO agent session established instance_name=tib_nginx-208 session_count=1
2026/09/16 21:00:11 INFO agent session established instance_name=pvg4-esb-208 session_count=2
2026/09/16 21:00:11 INFO agent session established instance_name=mysql134 session_count=3
2026/09/16 21:00:11 INFO agent session established instance_name=tib-oracle session_count=4
2026/09/16 21:00:11 INFO agent session established instance_name=mysql135 session_count=5
2026/09/16 21:00:11 INFO agent session established instance_name=pvg-esb4-204 session_count=6
2026/09/16 21:00:11 INFO agent session established instance_name=pvg-esb4-201 session_count=7
2026/09/16 21:00:11 INFO agent session established instance_name=pvg-esb4-202 session_count=8
2026/09/16 21:00:11 INFO agent session established instance_name=tib-es-redis-209 session_count=9
2026/09/16 21:00:11 INFO agent session established instance_name=localhost session_count=10
2026/09/16 21:00:11 INFO agent session established instance_name=cgk-oracle-10 session_count=11
2026/09/16 21:00:11 INFO agent session established instance_name=177 session_count=12
2026/09/16 21:00:11 INFO agent session established instance_name=kul-tib-tomcat2 session_count=13
2026/09/16 21:00:11 INFO agent session established instance_name=cdm-oracle-159 session_count=14
2026/09/16 21:00:11 INFO agent session established instance_name=pvg-esb4-207 session_count=15
2026/09/16 21:00:11 INFO agent session established instance_name=cdm-179 session_count=16
2026/09/16 21:00:11 INFO agent session established instance_name=pvg-esb4-206 session_count=17
2026/09/16 21:00:11 INFO agent session established instance_name=mysql136 session_count=18
2026/09/16 21:00:11 INFO agent session established instance_name=kul-tib-tomcat1 session_count=19
[GIN] 2026/09/16 - 21:00:13 | 200 |   2.59ms |  192.168.124.15 | GET      "/assets/hosts/"
[GIN] 2026/09/16 - 21:00:18 | 200 |   2.15ms |  192.168.124.15 | GET      "/assets/hosts/"
[GIN] 2026/09/16 - 21:00:19 | 200 |  428.8ms |   192.168.240.2 | POST     "/monitor/alert-webhook/api/v2/alerts"
[GIN] 2026/09/16 - 21:00:23 | 200 |   2.97ms |  192.168.124.15 | GET      "/assets/hosts/"
[GIN] 2026/09/16 - 21:00:28 | 200 |   3.04ms |  192.168.124.15 | GET      "/assets/hosts/"
[GIN] 2026/09/16 - 21:00:33 | 200 | 420.81ms |   192.168.240.2 | GET      "/monitor/prometheus/http-sd/"
[GIN] 2026/09/16 - 21:00:33 | 200 |   2.78ms |  192.168.124.15 | GET      "/assets/hosts/"
[GIN] 2026/09/16 - 21:00:38 | 200 |   1.97ms |  192.168.124.15 | GET      "/assets/hosts/"
[GIN] 2026/09/16 - 21:00:43 | 200 |   1.98ms |  192.168.124.15 | GET      "/assets/hosts/"
[GIN] 2026/09/16 - 21:00:48 | 200 |   2.08ms |  192.168.124.15 | GET      "/assets/hosts/"
[GIN] 2026/09/16 - 21:00:49 | 200 | 407.82ms |   192.168.240.2 | POST     "/monitor/alert-webhook/api/v2/alerts"
[GIN] 2026/09/16 - 21:00:53 | 200 |   3.17ms |  192.168.124.15 | GET      "/assets/hosts/"
[GIN] 2026/09/16 - 21:00:58 | 200 |   3.82ms |  192.168.124.15 | GET      "/assets/hosts/"
[GIN] 2026/09/16 - 21:01:01 | 200 |   2.31ms |  192.168.124.15 | GET      "/assets/hosts/"
[GIN] 2026/09/16 - 21:01:03 | 200 | 352.66ms |   192.168.240.2 | GET      "/monitor/prometheus/http-sd/"
[GIN] 2026/09/16 - 21:01:03 | 200 |   2.09ms |  192.168.124.15 | GET      "/assets/hosts/"
[GIN] 2026/09/16 - 21:01:08 | 200 |   4.01ms |  192.168.124.15 | GET      "/assets/hosts/"
[GIN] 2026/09/16 - 21:01:13 | 200 |   2.24ms |  192.168.124.15 | GET      "/assets/hosts/"
[GIN] 2026/09/16 - 21:01:18 | 200 |   2.13ms |  192.168.124.15 | GET      "/assets/hosts/"
[GIN] 2026/09/16 - 21:01:19 | 200 | 415.03ms |   192.168.240.2 | POST     "/monitor/alert-webhook/api/v2/alerts"
[GIN] 2026/09/16 - 21:01:20 | 200 | 397.99ms |   192.168.240.2 | POST     "/monitor/alert-webhook/api/v2/alerts"
[GIN] 2026/09/16 - 21:01:23 | 200 |   6.24ms |  192.168.124.15 | GET      "/assets/hosts/"
[GIN] 2026/09/16 - 21:01:28 | 200 |   2.01ms |  192.168.124.15 | GET      "/assets/hosts/"
[GIN] 2026/09/16 - 21:01:33 | 200 | 358.83ms |   192.168.240.2 | GET      "/monitor/prometheus/http-sd/"
[GIN] 2026/09/16 - 21:01:33 | 200 |   1.95ms |  192.168.124.15 | GET      "/assets/hosts/"
[GIN] 2026/09/16 - 21:01:38 | 200 |   1.99ms |  192.168.124.15 | GET      "/assets/hosts/"
2026/09/16 21:01:42 INFO agent session ended instance_name=pvg-esb4-202 session_count=18
2026/09/16 21:01:42 INFO agent session ended instance_name=pvg4-esb-208 session_count=17
2026/09/16 21:01:42 INFO agent session ended instance_name=tib_nginx-208 session_count=16
2026/09/16 21:01:42 INFO agent session ended instance_name=tib-es-redis-209 session_count=15
2026/09/16 21:01:42 INFO agent session ended instance_name=localhost session_count=14
2026/09/16 21:01:42 INFO agent session ended instance_name=pvg-esb4-204 session_count=13
2026/09/16 21:01:42 INFO agent session ended instance_name=pvg-esb4-201 session_count=12
2026/09/16 21:01:42 INFO agent session ended instance_name=cdm-oracle-159 session_count=11
2026/09/16 21:01:42 INFO agent session ended instance_name=mysql134 session_count=10
2026/09/16 21:01:42 INFO agent session ended instance_name=mysql135 session_count=9
2026/09/16 21:01:42 INFO agent session ended instance_name=tib-oracle session_count=8
2026/09/16 21:01:42 INFO agent session ended instance_name=177 session_count=7
2026/09/16 21:01:42 INFO agent session ended instance_name=pvg-esb4-207 session_count=6
2026/09/16 21:01:42 INFO agent session ended instance_name=mysql136 session_count=5
2026/09/16 21:01:42 INFO agent session ended instance_name=cdm-179 session_count=4
2026/09/16 21:01:42 INFO agent session ended instance_name=pvg-esb4-206 session_count=3
2026/09/16 21:01:42 INFO agent session ended instance_name=kul-tib-tomcat2 session_count=2
2026/09/16 21:01:42 INFO agent session ended instance_name=cgk-oracle-10 session_count=1
2026/09/16 21:01:42 INFO agent session ended instance_name=kul-tib-tomcat1 session_count=0
[GIN] 2026/09/16 - 21:01:43 | 200 |   2.06ms |  192.168.124.15 | GET      "/assets/hosts/"
2026/09/16 21:01:43 INFO agent session established instance_name=pvg-esb4-202 session_count=1
2026/09/16 21:01:43 INFO agent session established instance_name=pvg4-esb-208 session_count=2
2026/09/16 21:01:43 INFO agent session established instance_name=tib-es-redis-209 session_count=3
2026/09/16 21:01:43 INFO agent session established instance_name=tib_nginx-208 session_count=4
2026/09/16 21:01:43 INFO agent session established instance_name=localhost session_count=5
2026/09/16 21:01:43 INFO agent session established instance_name=pvg-esb4-204 session_count=6
2026/09/16 21:01:43 INFO agent session established instance_name=pvg-esb4-201 session_count=7
2026/09/16 21:01:43 INFO agent session established instance_name=cdm-oracle-159 session_count=8
2026/09/16 21:01:43 INFO agent session established instance_name=mysql134 session_count=9
2026/09/16 21:01:43 INFO agent session established instance_name=mysql135 session_count=10
2026/09/16 21:01:43 INFO agent session established instance_name=tib-oracle session_count=11
2026/09/16 21:01:43 INFO agent session established instance_name=177 session_count=12
2026/09/16 21:01:43 INFO agent session established instance_name=pvg-esb4-207 session_count=13
2026/09/16 21:01:43 INFO agent session established instance_name=mysql136 session_count=14
2026/09/16 21:01:43 INFO agent session established instance_name=cdm-179 session_count=15
2026/09/16 21:01:43 INFO agent session established instance_name=pvg-esb4-206 session_count=16
2026/09/16 21:01:43 INFO agent session established instance_name=kul-tib-tomcat2 session_count=17
2026/09/16 21:01:43 INFO agent session established instance_name=cgk-oracle-10 session_count=18
2026/09/16 21:01:43 INFO agent session established instance_name=kul-tib-tomcat1 session_count=19
[GIN] 2026/09/16 - 21:01:48 | 200 |   2.59ms |  192.168.124.15 | GET      "/assets/hosts/"
[GIN] 2026/09/16 - 21:01:49 | 200 |  347.4ms |   192.168.240.2 | POST     "/monitor/alert-webhook/api/v2/alerts"
[GIN] 2026/09/16 - 21:01:53 | 200 |   2.25ms |  192.168.124.15 | GET      "/assets/hosts/"
[GIN] 2026/09/16 - 21:01:58 | 200 |   2.95ms |  192.168.124.15 | GET      "/assets/hosts/"
[GIN] 2026/09/16 - 21:02:01 | 200 |   3.41ms |  192.168.124.15 | GET      "/assets/hosts/"
[GIN] 2026/09/16 - 21:02:03 | 200 | 374.55ms |   192.168.240.2 | GET      "/monitor/prometheus/http-sd/"
[GIN] 2026/09/16 - 21:02:03 | 200 |   2.15ms |  192.168.124.15 | GET      "/assets/hosts/"
[GIN] 2026/09/16 - 21:02:08 | 200 |   2.36ms |  192.168.124.15 | GET      "/assets/hosts/"
[GIN] 2026/09/16 - 21:02:13 | 200 |   2.36ms |  192.168.124.15 | GET      "/assets/hosts/"
[GIN] 2026/09/16 - 21:02:18 | 200 |   2.16ms |  192.168.124.15 | GET      "/assets/hosts/"
[GIN] 2026/09/16 - 21:02:19 | 200 | 369.14ms |   192.168.240.2 | POST     "/monitor/alert-webhook/api/v2/alerts"
[GIN] 2026/09/16 - 21:02:23 | 200 |    2.2ms |  192.168.124.15 | GET      "/assets/hosts/"
[GIN] 2026/09/16 - 21:02:28 | 200 |    3.9ms |  192.168.124.15 | GET      "/assets/hosts/"
[GIN] 2026/09/16 - 21:02:32 | 200 | 341.92ms |   192.168.240.2 | GET      "/monitor/prometheus/http-sd/"
[GIN] 2026/09/16 - 21:02:33 | 200 |    2.3ms |  192.168.124.15 | GET      "/assets/hosts/"
[GIN] 2026/09/16 - 21:02:38 | 200 |   2.86ms |  192.168.124.15 | GET      "/assets/hosts/"
[GIN] 2026/09/16 - 21:02:43 | 200 |   2.86ms |  192.168.124.15 | GET      "/assets/hosts/"
[GIN] 2026/09/16 - 21:02:48 | 200 |   2.18ms |  192.168.124.15 | GET      "/assets/hosts/"
[GIN] 2026/09/16 - 21:02:49 | 200 | 434.12ms |   192.168.240.2 | POST     "/monitor/alert-webhook/api/v2/alerts"
[GIN] 2026/09/16 - 21:02:50 | 200 | 433.32ms |   192.168.240.2 | POST     "/monitor/alert-webhook/api/v2/alerts"
[GIN] 2026/09/16 - 21:02:53 | 200 |   4.06ms |  192.168.124.15 | GET      "/assets/hosts/"
[GIN] 2026/09/16 - 21:02:58 | 200 |   2.26ms |  192.168.124.15 | GET      "/assets/hosts/"
[GIN] 2026/09/16 - 21:03:01 | 200 |   2.63ms |  192.168.124.15 | GET      "/assets/hosts/"
[GIN] 2026/09/16 - 21:03:03 | 200 | 348.06ms |   192.168.240.2 | GET      "/monitor/prometheus/http-sd/"
[GIN] 2026/09/16 - 21:03:03 | 200 |   1.87ms |  192.168.124.15 | GET      "/assets/hosts/"
[GIN] 2026/09/16 - 21:03:08 | 200 |   2.29ms |  192.168.124.15 | GET      "/assets/hosts/"
[GIN] 2026/09/16 - 21:03:13 | 200 |   3.27ms |  192.168.124.15 | GET      "/assets/hosts/"
2026/09/16 21:03:14 INFO agent session ended instance_name=pvg-esb4-202 session_count=18
2026/09/16 21:03:14 INFO agent session ended instance_name=tib-es-redis-209 session_count=17
2026/09/16 21:03:14 INFO agent session ended instance_name=pvg-esb4-201 session_count=16
2026/09/16 21:03:14 INFO agent session ended instance_name=mysql134 session_count=15
2026/09/16 21:03:14 INFO agent session ended instance_name=localhost session_count=14
2026/09/16 21:03:14 INFO agent session ended instance_name=pvg-esb4-204 session_count=13
2026/09/16 21:03:14 INFO agent session ended instance_name=cdm-oracle-159 session_count=12
2026/09/16 21:03:14 INFO agent session ended instance_name=tib_nginx-208 session_count=11
2026/09/16 21:03:14 INFO agent session ended instance_name=tib-oracle session_count=10
2026/09/16 21:03:14 INFO agent session ended instance_name=pvg4-esb-208 session_count=9
2026/09/16 21:03:14 INFO agent session ended instance_name=mysql135 session_count=8
2026/09/16 21:03:14 INFO agent session ended instance_name=pvg-esb4-206 session_count=7
2026/09/16 21:03:14 INFO agent session ended instance_name=cdm-179 session_count=6
2026/09/16 21:03:14 INFO agent session ended instance_name=pvg-esb4-207 session_count=5
2026/09/16 21:03:14 INFO agent session ended instance_name=cgk-oracle-10 session_count=4
2026/09/16 21:03:14 INFO agent session ended instance_name=177 session_count=3
2026/09/16 21:03:14 INFO agent session ended instance_name=mysql136 session_count=2
2026/09/16 21:03:14 INFO agent session ended instance_name=kul-tib-tomcat1 session_count=1
2026/09/16 21:03:14 INFO agent session ended instance_name=kul-tib-tomcat2 session_count=0
2026/09/16 21:03:15 INFO agent session established instance_name=pvg-esb4-202 session_count=1
2026/09/16 21:03:15 INFO agent session established instance_name=pvg-esb4-201 session_count=2
2026/09/16 21:03:15 INFO agent session established instance_name=tib-es-redis-209 session_count=3
2026/09/16 21:03:15 INFO agent session established instance_name=mysql134 session_count=4
2026/09/16 21:03:15 INFO agent session established instance_name=localhost session_count=5
2026/09/16 21:03:15 INFO agent session established instance_name=pvg-esb4-204 session_count=6
2026/09/16 21:03:15 INFO agent session established instance_name=cdm-oracle-159 session_count=7
2026/09/16 21:03:15 INFO agent session established instance_name=tib_nginx-208 session_count=8
2026/09/16 21:03:15 INFO agent session established instance_name=tib-oracle session_count=9
2026/09/16 21:03:15 INFO agent session established instance_name=pvg4-esb-208 session_count=10
2026/09/16 21:03:15 INFO agent session established instance_name=mysql135 session_count=11
2026/09/16 21:03:15 INFO agent session established instance_name=pvg-esb4-206 session_count=12
2026/09/16 21:03:15 INFO agent session established instance_name=cdm-179 session_count=13
2026/09/16 21:03:15 INFO agent session established instance_name=pvg-esb4-207 session_count=14
2026/09/16 21:03:15 INFO agent session established instance_name=cgk-oracle-10 session_count=15
2026/09/16 21:03:15 INFO agent session established instance_name=177 session_count=16
2026/09/16 21:03:15 INFO agent session established instance_name=mysql136 session_count=17
2026/09/16 21:03:15 INFO agent session established instance_name=kul-tib-tomcat1 session_count=18
2026/09/16 21:03:15 INFO agent session established instance_name=kul-tib-tomcat2 session_count=19
[GIN] 2026/09/16 - 21:03:18 | 200 |   2.08ms |  192.168.124.15 | GET      "/assets/hosts/"
[GIN] 2026/09/16 - 21:03:19 | 200 | 411.66ms |   192.168.240.2 | POST     "/monitor/alert-webhook/api/v2/alerts"
[GIN] 2026/09/16 - 21:03:23 | 200 |    2.3ms |  192.168.124.15 | GET      "/assets/hosts/"
[GIN] 2026/09/16 - 21:03:28 | 200 |   3.73ms |  192.168.124.15 | GET      "/assets/hosts/"
[GIN] 2026/09/16 - 21:03:33 | 200 | 344.03ms |   192.168.240.2 | GET      "/monitor/prometheus/http-sd/"
[GIN] 2026/09/16 - 21:03:33 | 200 |   2.58ms |  192.168.124.15 | GET      "/assets/hosts/"
[GIN] 2026/09/16 - 21:03:38 | 200 |   2.21ms |  192.168.124.15 | GET      "/assets/hosts/"
[GIN] 2026/09/16 - 21:03:43 | 200 |   5.88ms |  192.168.124.15 | GET      "/assets/hosts/"
[GIN] 2026/09/16 - 21:03:48 | 200 |   2.19ms |  192.168.124.15 | GET      "/assets/hosts/"
[GIN] 2026/09/16 - 21:03:49 | 200 | 367.75ms |   192.168.240.2 | POST     "/monitor/alert-webhook/api/v2/alerts"
[GIN] 2026/09/16 - 21:03:53 | 200 |   4.02ms |  192.168.124.15 | GET      "/assets/hosts/"
[GIN] 2026/09/16 - 21:03:58 | 200 |   2.11ms |  192.168.124.15 | GET      "/assets/hosts/"
[GIN] 2026/09/16 - 21:04:01 | 200 |   2.28ms |  192.168.124.15 | GET      "/assets/hosts/"
[GIN] 2026/09/16 - 21:04:03 | 200 |  362.3ms |   192.168.240.2 | GET      "/monitor/prometheus/http-sd/"
[GIN] 2026/09/16 - 21:04:03 | 200 |   4.17ms |  192.168.124.15 | GET      "/assets/hosts/"
[GIN] 2026/09/16 - 21:04:08 | 200 |   4.74ms |  192.168.124.15 | GET      "/assets/hosts/"
[GIN] 2026/09/16 - 21:04:13 | 200 |   2.22ms |  192.168.124.15 | GET      "/assets/hosts/"
[GIN] 2026/09/16 - 21:04:18 | 200 |   3.17ms |  192.168.124.15 | GET      "/assets/hosts/"
[GIN] 2026/09/16 - 21:04:19 | 200 | 347.33ms |   192.168.240.2 | POST     "/monitor/alert-webhook/api/v2/alerts"
[GIN] 2026/09/16 - 21:04:20 | 200 |  399.1ms |   192.168.240.2 | POST     "/monitor/alert-webhook/api/v2/alerts"
[GIN] 2026/09/16 - 21:04:23 | 200 |   3.67ms |  192.168.124.15 | GET      "/assets/hosts/"
[GIN] 2026/09/16 - 21:04:28 | 200 |    2.5ms |  192.168.124.15 | GET      "/assets/hosts/"
[GIN] 2026/09/16 - 21:04:33 | 200 | 344.81ms |   192.168.240.2 | GET      "/monitor/prometheus/http-sd/"
[GIN] 2026/09/16 - 21:04:33 | 200 |   2.16ms |  192.168.124.15 | GET      "/assets/hosts/"
[GIN] 2026/09/16 - 21:04:38 | 200 |   3.22ms |  192.168.124.15 | GET      "/assets/hosts/"
[GIN] 2026/09/16 - 21:04:43 | 200 |   2.78ms |  192.168.124.15 | GET      "/assets/hosts/"
2026/09/16 21:04:46 INFO agent session ended instance_name=pvg-esb4-201 session_count=18
2026/09/16 21:04:46 INFO agent session ended instance_name=pvg-esb4-204 session_count=17
2026/09/16 21:04:46 INFO agent session ended instance_name=pvg-esb4-202 session_count=16
2026/09/16 21:04:46 INFO agent session ended instance_name=localhost session_count=15
2026/09/16 21:04:46 INFO agent session ended instance_name=tib-es-redis-209 session_count=14
2026/09/16 21:04:46 INFO agent session ended instance_name=mysql134 session_count=13
2026/09/16 21:04:46 INFO agent session ended instance_name=cdm-oracle-159 session_count=12
2026/09/16 21:04:46 INFO agent session ended instance_name=tib-oracle session_count=11
2026/09/16 21:04:46 INFO agent session ended instance_name=tib_nginx-208 session_count=10
2026/09/16 21:04:46 INFO agent session ended instance_name=pvg4-esb-208 session_count=9
2026/09/16 21:04:46 INFO agent session ended instance_name=177 session_count=8
2026/09/16 21:04:46 INFO agent session ended instance_name=kul-tib-tomcat2 session_count=7
2026/09/16 21:04:46 INFO agent session ended instance_name=pvg-esb4-206 session_count=6
2026/09/16 21:04:46 INFO agent session ended instance_name=mysql136 session_count=5
2026/09/16 21:04:46 INFO agent session ended instance_name=mysql135 session_count=4
2026/09/16 21:04:46 INFO agent session ended instance_name=cdm-179 session_count=3
2026/09/16 21:04:46 INFO agent session ended instance_name=kul-tib-tomcat1 session_count=2
2026/09/16 21:04:46 INFO agent session ended instance_name=cgk-oracle-10 session_count=1
2026/09/16 21:04:46 INFO agent session ended instance_name=pvg-esb4-207 session_count=0
2026/09/16 21:04:47 INFO agent session established instance_name=pvg-esb4-201 session_count=1
2026/09/16 21:04:47 INFO agent session established instance_name=pvg-esb4-202 session_count=2
2026/09/16 21:04:47 INFO agent session established instance_name=localhost session_count=3
2026/09/16 21:04:47 INFO agent session established instance_name=tib-es-redis-209 session_count=4
2026/09/16 21:04:47 INFO agent session established instance_name=pvg-esb4-204 session_count=5
2026/09/16 21:04:47 INFO agent session established instance_name=mysql134 session_count=6
2026/09/16 21:04:47 INFO agent session established instance_name=cdm-oracle-159 session_count=7
2026/09/16 21:04:47 INFO agent session established instance_name=tib_nginx-208 session_count=8
2026/09/16 21:04:47 INFO agent session established instance_name=tib-oracle session_count=9
2026/09/16 21:04:47 INFO agent session established instance_name=pvg4-esb-208 session_count=10
2026/09/16 21:04:47 INFO agent session established instance_name=177 session_count=11
2026/09/16 21:04:47 INFO agent session established instance_name=kul-tib-tomcat2 session_count=12
2026/09/16 21:04:47 INFO agent session established instance_name=pvg-esb4-206 session_count=13
2026/09/16 21:04:47 INFO agent session established instance_name=mysql136 session_count=14
2026/09/16 21:04:47 INFO agent session established instance_name=cdm-179 session_count=15
2026/09/16 21:04:47 INFO agent session established instance_name=mysql135 session_count=16
2026/09/16 21:04:47 INFO agent session established instance_name=kul-tib-tomcat1 session_count=17
2026/09/16 21:04:47 INFO agent session established instance_name=cgk-oracle-10 session_count=18
2026/09/16 21:04:47 INFO agent session established instance_name=pvg-esb4-207 session_count=19
[GIN] 2026/09/16 - 21:04:48 | 200 |   3.25ms |  192.168.124.15 | GET      "/assets/hosts/"
[GIN] 2026/09/16 - 21:04:49 | 200 | 361.27ms |   192.168.240.2 | POST     "/monitor/alert-webhook/api/v2/alerts"
[GIN] 2026/09/16 - 21:04:53 | 200 |   3.36ms |  192.168.124.15 | GET      "/assets/hosts/"
[GIN] 2026/09/16 - 21:04:58 | 200 |   2.13ms |  192.168.124.15 | GET      "/assets/hosts/"
[GIN] 2026/09/16 - 21:05:01 | 200 |   2.52ms |  192.168.124.15 | GET      "/assets/hosts/"
[GIN] 2026/09/16 - 21:05:03 | 200 |  448.7ms |   192.168.240.2 | GET      "/monitor/prometheus/http-sd/"
[GIN] 2026/09/16 - 21:05:03 | 200 |   2.38ms |  192.168.124.15 | GET      "/assets/hosts/"
[GIN] 2026/09/16 - 21:05:08 | 200 |   2.74ms |  192.168.124.15 | GET      "/assets/hosts/"
[GIN] 2026/09/16 - 21:05:13 | 200 |   2.73ms |  192.168.124.15 | GET      "/assets/hosts/"
[GIN] 2026/09/16 - 21:05:18 | 200 |   2.22ms |  192.168.124.15 | GET      "/assets/hosts/"
[GIN] 2026/09/16 - 21:05:23 | 200 |   2.15ms |  192.168.124.15 | GET      "/assets/hosts/"
[GIN] 2026/09/16 - 21:05:28 | 200 |   3.77ms |  192.168.124.15 | GET      "/assets/hosts/"
[GIN] 2026/09/16 - 21:05:33 | 200 | 343.17ms |   192.168.240.2 | GET      "/monitor/prometheus/http-sd/"
[GIN] 2026/09/16 - 21:05:33 | 200 |   4.02ms |  192.168.124.15 | GET      "/assets/hosts/"
[GIN] 2026/09/16 - 21:05:38 | 200 |   4.09ms |  192.168.124.15 | GET      "/assets/hosts/"
[GIN] 2026/09/16 - 21:05:43 | 200 |      4ms |  192.168.124.15 | GET      "/assets/hosts/"
[GIN] 2026/09/16 - 21:05:48 | 200 |   2.07ms |  192.168.124.15 | GET      "/assets/hosts/"
[GIN] 2026/09/16 - 21:05:49 | 200 | 362.94ms |   192.168.240.2 | POST     "/monitor/alert-webhook/api/v2/alerts"
[GIN] 2026/09/16 - 21:05:50 | 200 | 384.69ms |   192.168.240.2 | POST     "/monitor/alert-webhook/api/v2/alerts"
[GIN] 2026/09/16 - 21:05:53 | 200 |   2.31ms |  192.168.124.15 | GET      "/assets/hosts/"
[GIN] 2026/09/16 - 21:05:58 | 200 |   2.28ms |  192.168.124.15 | GET      "/assets/hosts/"
[GIN] 2026/09/16 - 21:06:01 | 200 |   2.51ms |  192.168.124.15 | GET      "/assets/hosts/"
[GIN] 2026/09/16 - 21:06:03 | 200 | 355.83ms |   192.168.240.2 | GET      "/monitor/prometheus/http-sd/"
[GIN] 2026/09/16 - 21:06:03 | 200 |    3.4ms |  192.168.124.15 | GET      "/assets/hosts/"
[GIN] 2026/09/16 - 21:06:08 | 200 |   2.31ms |  192.168.124.15 | GET      "/assets/hosts/"
[GIN] 2026/09/16 - 21:06:13 | 200 |   2.08ms |  192.168.124.15 | GET      "/assets/hosts/"
[GIN] 2026/09/16 - 21:06:18 | 200 |   2.55ms |  192.168.124.15 | GET      "/assets/hosts/"
2026/09/16 21:06:18 INFO agent session ended instance_name=pvg-esb4-201 session_count=18
2026/09/16 21:06:18 INFO agent session ended instance_name=tib_nginx-208 session_count=17
2026/09/16 21:06:18 INFO agent session ended instance_name=pvg-esb4-204 session_count=16
2026/09/16 21:06:18 INFO agent session ended instance_name=mysql134 session_count=15
2026/09/16 21:06:18 INFO agent session ended instance_name=tib-es-redis-209 session_count=14
2026/09/16 21:06:18 INFO agent session ended instance_name=pvg-esb4-206 session_count=13
2026/09/16 21:06:18 INFO agent session ended instance_name=177 session_count=12
2026/09/16 21:06:18 INFO agent session ended instance_name=cdm-oracle-159 session_count=11
2026/09/16 21:06:18 INFO agent session ended instance_name=pvg-esb4-202 session_count=10
2026/09/16 21:06:18 INFO agent session ended instance_name=mysql136 session_count=9
2026/09/16 21:06:18 INFO agent session ended instance_name=localhost session_count=8
2026/09/16 21:06:18 INFO agent session ended instance_name=kul-tib-tomcat2 session_count=7
2026/09/16 21:06:18 INFO agent session ended instance_name=pvg4-esb-208 session_count=6
2026/09/16 21:06:18 INFO agent session ended instance_name=cdm-179 session_count=5
2026/09/16 21:06:18 INFO agent session ended instance_name=tib-oracle session_count=4
2026/09/16 21:06:18 INFO agent session ended instance_name=kul-tib-tomcat1 session_count=3
2026/09/16 21:06:18 INFO agent session ended instance_name=mysql135 session_count=2
2026/09/16 21:06:18 INFO agent session ended instance_name=cgk-oracle-10 session_count=1
2026/09/16 21:06:19 INFO agent session ended instance_name=pvg-esb4-207 session_count=0
[GIN] 2026/09/16 - 21:06:19 | 200 | 357.01ms |   192.168.240.2 | POST     "/monitor/alert-webhook/api/v2/alerts"
2026/09/16 21:06:19 INFO agent session established instance_name=pvg-esb4-201 session_count=1
2026/09/16 21:06:19 INFO agent session established instance_name=tib_nginx-208 session_count=2
2026/09/16 21:06:19 INFO agent session established instance_name=pvg-esb4-204 session_count=3
2026/09/16 21:06:19 INFO agent session established instance_name=mysql134 session_count=4
2026/09/16 21:06:19 INFO agent session established instance_name=tib-es-redis-209 session_count=5
2026/09/16 21:06:19 INFO agent session established instance_name=pvg-esb4-206 session_count=6
2026/09/16 21:06:19 INFO agent session established instance_name=cdm-oracle-159 session_count=7
2026/09/16 21:06:19 INFO agent session established instance_name=pvg-esb4-202 session_count=8
2026/09/16 21:06:19 INFO agent session established instance_name=177 session_count=9
2026/09/16 21:06:19 INFO agent session established instance_name=mysql136 session_count=10
2026/09/16 21:06:19 INFO agent session established instance_name=localhost session_count=11
2026/09/16 21:06:19 INFO agent session established instance_name=kul-tib-tomcat2 session_count=12
2026/09/16 21:06:19 INFO agent session established instance_name=tib-oracle session_count=13
2026/09/16 21:06:19 INFO agent session established instance_name=pvg4-esb-208 session_count=14
2026/09/16 21:06:19 INFO agent session established instance_name=cdm-179 session_count=15
2026/09/16 21:06:19 INFO agent session established instance_name=kul-tib-tomcat1 session_count=16
2026/09/16 21:06:19 INFO agent session established instance_name=mysql135 session_count=17
2026/09/16 21:06:20 INFO agent session established instance_name=cgk-oracle-10 session_count=18
2026/09/16 21:06:20 INFO agent session established instance_name=pvg-esb4-207 session_count=19
[GIN] 2026/09/16 - 21:06:23 | 200 |   2.36ms |  192.168.124.15 | GET      "/assets/hosts/"
[GIN] 2026/09/16 - 21:06:28 | 200 |   2.41ms |  192.168.124.15 | GET      "/assets/hosts/"
[GIN] 2026/09/16 - 21:06:33 | 200 |    398ms |   192.168.240.2 | GET      "/monitor/prometheus/http-sd/"
[GIN] 2026/09/16 - 21:06:33 | 200 |   2.05ms |  192.168.124.15 | GET      "/assets/hosts/"
[GIN] 2026/09/16 - 21:06:38 | 200 |   2.64ms |  192.168.124.15 | GET      "/assets/hosts/"
[GIN] 2026/09/16 - 21:06:43 | 200 |   1.91ms |  192.168.124.15 | GET      "/assets/hosts/"
2026/09/16 21:06:48 INFO agent session ended instance_name=mysql134 session_count=18
2026/09/16 21:06:48 INFO agent session ended instance_name=pvg-esb4-206 session_count=17
2026/09/16 21:06:48 INFO agent session ended instance_name=pvg-esb4-202 session_count=16
2026/09/16 21:06:48 INFO agent session ended instance_name=pvg-esb4-207 session_count=15
2026/09/16 21:06:48 INFO agent session ended instance_name=kul-tib-tomcat1 session_count=14
2026/09/16 21:06:48 INFO agent session ended instance_name=pvg4-esb-208 session_count=13
2026/09/16 21:06:48 INFO agent session ended instance_name=177 session_count=12
2026/09/16 21:06:48 INFO agent session ended instance_name=tib-es-redis-209 session_count=10
2026/09/16 21:06:48 INFO agent session ended instance_name=cdm-179 session_count=11
2026/09/16 21:06:48 INFO agent session ended instance_name=tib-oracle session_count=9
2026/09/16 21:06:48 INFO agent session ended instance_name=cgk-oracle-10 session_count=8
2026/09/16 21:06:48 INFO agent session ended instance_name=pvg-esb4-201 session_count=7
2026/09/16 21:06:48 INFO agent session ended instance_name=tib_nginx-208 session_count=6
2026/09/16 21:06:48 INFO agent session ended instance_name=cdm-oracle-159 session_count=5
2026/09/16 21:06:48 INFO agent session ended instance_name=pvg-esb4-204 session_count=4
2026/09/16 21:06:48 INFO agent session ended instance_name=localhost session_count=3
2026/09/16 21:06:48 INFO agent session ended instance_name=mysql136 session_count=2
2026/09/16 21:06:48 INFO agent session ended instance_name=kul-tib-tomcat2 session_count=1
2026/09/16 21:06:48 INFO agent session ended instance_name=mysql135 session_count=0
2026/09/16 21:06:48 INFO autoadmin starting version=09dc53e-dirty role=api
[GIN-debug] [WARNING] Running in "debug" mode. Switch to "release" mode in production.
 - using env:	export GIN_MODE=release
 - using code:	gin.SetMode(gin.ReleaseMode)

[GIN-debug] GET    /health/live              --> autoadmin/internal/api/router.NewWithGateway.func1 (5 handlers)
[GIN-debug] GET    /health/ready             --> autoadmin/internal/api/router.readiness.func1 (5 handlers)
[GIN-debug] POST   /sys/login                --> autoadmin/internal/identity.(*Handler).Login-fm (5 handlers)
[GIN-debug] GET    /sys/users/current/       --> autoadmin/internal/identity.(*Handler).Current-fm (6 handlers)
[GIN-debug] GET    /sys/users/               --> autoadmin/internal/identity.(*Handler).ListUsers-fm (7 handlers)
[GIN-debug] POST   /user/changeAvatar        --> autoadmin/internal/identity.(*Handler).ChangeAvatar-fm (6 handlers)
[GIN-debug] POST   /sys/usercenter/updateUserInfo/ --> autoadmin/internal/identity.(*Handler).UpdateUserInfo-fm (7 handlers)
[GIN-debug] POST   /sys/usercenter/updateUserPassword/ --> autoadmin/internal/identity.(*Handler).UpdateUserPassword-fm (6 handlers)
[GIN-debug] GET    /sys/usercenter/alertMediaBindings/ --> autoadmin/internal/identity.(*Handler).AlertMediaBindings-fm (6 handlers)
[GIN-debug] POST   /sys/usercenter/updateAlertMediaBindings/ --> autoadmin/internal/identity.(*Handler).UpdateAlertMediaBindings-fm (6 handlers)
[GIN-debug] GET    /sys/usercenter/apiTokens/ --> autoadmin/internal/identity.(*APITokenHandler).List-fm (7 handlers)
[GIN-debug] POST   /sys/usercenter/createApiToken/ --> autoadmin/internal/identity.(*APITokenHandler).Create-fm (7 handlers)
[GIN-debug] POST   /sys/usercenter/rotateApiToken/ --> autoadmin/internal/identity.(*APITokenHandler).Rotate-fm (7 handlers)
[GIN-debug] POST   /sys/usercenter/disableApiToken/ --> autoadmin/internal/identity.(*APITokenHandler).Disable-fm (7 handlers)
[GIN-debug] POST   /sys/usercenter/deleteApiToken/ --> autoadmin/internal/identity.(*APITokenHandler).Delete-fm (7 handlers)
[GIN-debug] GET    /sys/automation/playbooks/ --> autoadmin/internal/automation.(*Handler).List-fm (7 handlers)
[GIN-debug] POST   /sys/automation/playbooks/validate/ --> autoadmin/internal/automation.(*Handler).Validate-fm (7 handlers)
[GIN-debug] GET    /sys/automation/playbooks/host-options/ --> autoadmin/internal/automation.(*Handler).HostOptions-fm (7 handlers)
[GIN-debug] GET    /sys/automation/playbooks/group-tree/ --> autoadmin/internal/automation.(*Handler).GroupTree-fm (7 handlers)
[GIN-debug] GET    /sys/automation/playbooks/:id/ --> autoadmin/internal/automation.(*Handler).Get-fm (7 handlers)
[GIN-debug] POST   /sys/automation/playbooks/ --> autoadmin/internal/automation.(*Handler).Create-fm (7 handlers)
[GIN-debug] PATCH  /sys/automation/playbooks/:id/ --> autoadmin/internal/automation.(*Handler).Update-fm (7 handlers)
[GIN-debug] PUT    /sys/automation/playbooks/:id/ --> autoadmin/internal/automation.(*Handler).Update-fm (7 handlers)
[GIN-debug] POST   /sys/automation/playbooks/:id/upload/ --> autoadmin/internal/automation.(*Handler).UploadFile-fm (7 handlers)
[GIN-debug] GET    /sys/automation/playbooks/:id/download/ --> autoadmin/internal/automation.(*Handler).DownloadFile-fm (7 handlers)
[GIN-debug] POST   /sys/automation/playbooks/batch-delete/ --> autoadmin/internal/automation.(*Handler).BatchDeletePlaybooks-fm (7 handlers)
[GIN-debug] GET    /sys/automation/inventories/ --> autoadmin/internal/automation.(*Handler).ListInventories-fm (7 handlers)
[GIN-debug] POST   /sys/automation/inventories/ --> autoadmin/internal/automation.(*Handler).CreateInventory-fm (7 handlers)
[GIN-debug] GET    /sys/automation/inventories/:id/ --> autoadmin/internal/automation.(*Handler).GetInventory-fm (7 handlers)
[GIN-debug] PATCH  /sys/automation/inventories/:id/ --> autoadmin/internal/automation.(*Handler).UpdateInventory-fm (7 handlers)
[GIN-debug] PUT    /sys/automation/inventories/:id/ --> autoadmin/internal/automation.(*Handler).UpdateInventory-fm (7 handlers)
[GIN-debug] POST   /sys/automation/inventories/batch-delete/ --> autoadmin/internal/automation.(*Handler).BatchDeleteInventories-fm (7 handlers)
[GIN-debug] POST   /sys/automation/inventories/:id/precheck-limit/ --> autoadmin/internal/automation.(*Handler).PrecheckInventoryLimit-fm (7 handlers)
[GIN-debug] GET    /sys/automation/tasks/    --> autoadmin/internal/automation.(*Handler).ListTasks-fm (7 handlers)
[GIN-debug] POST   /sys/automation/tasks/    --> autoadmin/internal/automation.(*Handler).CreateTask-fm (7 handlers)
[GIN-debug] GET    /sys/automation/tasks/:id/ --> autoadmin/internal/automation.(*Handler).GetTask-fm (7 handlers)
[GIN-debug] PATCH  /sys/automation/tasks/:id/ --> autoadmin/internal/automation.(*Handler).UpdateTask-fm (7 handlers)
[GIN-debug] PUT    /sys/automation/tasks/:id/ --> autoadmin/internal/automation.(*Handler).UpdateTask-fm (7 handlers)
[GIN-debug] POST   /sys/automation/tasks/batch-delete/ --> autoadmin/internal/automation.(*Handler).BatchDeleteTasks-fm (7 handlers)
[GIN-debug] POST   /sys/automation/tasks/:id/precheck/ --> autoadmin/internal/automation.(*Handler).PrecheckTask-fm (7 handlers)
[GIN-debug] POST   /sys/automation/tasks/:id/run_now/ --> autoadmin/internal/automation.(*Handler).RunTaskNow-fm (7 handlers)
[GIN-debug] GET    /sys/automation/jobs/     --> autoadmin/internal/automation.(*Handler).ListJobs-fm (7 handlers)
[GIN-debug] GET    /sys/automation/jobs/:id/ --> autoadmin/internal/automation.(*Handler).GetJob-fm (7 handlers)
[GIN-debug] GET    /sys/automation/jobs/:id/log/ --> autoadmin/internal/automation.(*Handler).JobLog-fm (7 handlers)
[GIN-debug] GET    /sys/automation/jobs/:id/events/ --> autoadmin/internal/automation.(*Handler).JobEvents-fm (7 handlers)
[GIN-debug] GET    /sys/automation/jobs/:id/status-summary/ --> autoadmin/internal/automation.(*Handler).JobStatusSummary-fm (7 handlers)
[GIN-debug] POST   /sys/automation/jobs/:id/cancel/ --> autoadmin/internal/automation.(*Handler).CancelJob-fm (7 handlers)
[GIN-debug] GET    /sys/scheduler/tasks/     --> autoadmin/internal/scheduler.(*Handler).List-fm (7 handlers)
[GIN-debug] GET    /sys/scheduler/tasks/:id/ --> autoadmin/internal/scheduler.(*Handler).Get-fm (7 handlers)
[GIN-debug] PATCH  /sys/scheduler/tasks/:id/ --> autoadmin/internal/scheduler.(*Handler).Update-fm (7 handlers)
[GIN-debug] POST   /sys/scheduler/tasks/:id/toggle_enabled/ --> autoadmin/internal/scheduler.(*Handler).Toggle-fm (7 handlers)
[GIN-debug] POST   /sys/scheduler/tasks/:id/enable/ --> autoadmin/internal/scheduler.(*Handler).Enable-fm (7 handlers)
[GIN-debug] POST   /sys/scheduler/tasks/:id/disable/ --> autoadmin/internal/scheduler.(*Handler).Disable-fm (7 handlers)
[GIN-debug] POST   /sys/scheduler/tasks/:id/run_now/ --> autoadmin/internal/scheduler.(*Handler).RunNow-fm (7 handlers)
[GIN-debug] GET    /sys/scheduler/tasks/:id/status/ --> autoadmin/internal/scheduler.(*Handler).Status-fm (7 handlers)
[GIN-debug] POST   /sys/scheduler/tasks/start_scheduler/ --> autoadmin/internal/scheduler.(*Handler).StartScheduler-fm (7 handlers)
[GIN-debug] POST   /sys/scheduler/tasks/stop_scheduler/ --> autoadmin/internal/scheduler.(*Handler).StopScheduler-fm (7 handlers)
[GIN-debug] GET    /sys/scheduler/task-logs/ --> autoadmin/internal/scheduler.(*Handler).ListLogs-fm (7 handlers)
[GIN-debug] GET    /sys/scheduler/task-logs/:id/ --> autoadmin/internal/scheduler.(*Handler).GetLog-fm (7 handlers)
[GIN-debug] GET    /sys/users/:id/           --> autoadmin/internal/identity.(*Handler).UserDetail-fm (7 handlers)
[GIN-debug] POST   /sys/users/               --> autoadmin/internal/identity.(*Handler).CreateUser-fm (7 handlers)
[GIN-debug] PATCH  /sys/users/:id/           --> autoadmin/internal/identity.(*Handler).UpdateUser-fm (7 handlers)
[GIN-debug] GET    /sys/users/checkUserName/ --> autoadmin/internal/identity.(*Handler).CheckUsername-fm (7 handlers)
[GIN-debug] POST   /sys/users/batch-delete/  --> autoadmin/internal/identity.(*Handler).BatchDeleteUsers-fm (7 handlers)
[GIN-debug] POST   /sys/users/resetUserPwd/  --> autoadmin/internal/identity.(*Handler).ResetPassword-fm (7 handlers)
[GIN-debug] POST   /sys/users/assginUserRoles/ --> autoadmin/internal/identity.(*Handler).AssignRoles-fm (7 handlers)
[GIN-debug] POST   /sys/users/changeUserStatus/ --> autoadmin/internal/identity.(*Handler).ChangeUserStatus-fm (7 handlers)
[GIN-debug] GET    /sys/users/getUserRolesById/ --> autoadmin/internal/identity.(*Handler).GetUserRoles-fm (7 handlers)
[GIN-debug] GET    /sys/user-groups/         --> autoadmin/internal/identity.(*Handler).ListUserGroups-fm (7 handlers)
[GIN-debug] POST   /sys/user-groups/create/  --> autoadmin/internal/identity.(*Handler).CreateUserGroup-fm (7 handlers)
[GIN-debug] POST   /sys/user-groups/update/  --> autoadmin/internal/identity.(*Handler).UpdateUserGroup-fm (7 handlers)
[GIN-debug] POST   /sys/user-groups/batch-delete/ --> autoadmin/internal/identity.(*Handler).BatchDeleteUserGroups-fm (7 handlers)
[GIN-debug] GET    /sys/roles/               --> autoadmin/internal/rbac.(*Handler).List-fm (7 handlers)
[GIN-debug] GET    /sys/roles/:id/           --> autoadmin/internal/rbac.(*Handler).Get-fm (7 handlers)
[GIN-debug] POST   /sys/roles/               --> autoadmin/internal/rbac.(*Handler).Create-fm (7 handlers)
[GIN-debug] PATCH  /sys/roles/:id/           --> autoadmin/internal/rbac.(*Handler).Update-fm (7 handlers)
[GIN-debug] POST   /sys/roles/batch-delete/  --> autoadmin/internal/rbac.(*Handler).DeleteMany-fm (7 handlers)
[GIN-debug] GET    /sys/roles/getCurrentUserRoleList/ --> autoadmin/internal/rbac.(*Handler).Current-fm (6 handlers)
[GIN-debug] GET    /sys/menus/getMenuTree/   --> autoadmin/internal/rbac.(*Handler).MenuTree-fm (7 handlers)
[GIN-debug] GET    /sys/menus/:id/           --> autoadmin/internal/rbac.(*Handler).GetMenu-fm (7 handlers)
[GIN-debug] POST   /sys/menus/               --> autoadmin/internal/rbac.(*Handler).CreateMenu-fm (7 handlers)
[GIN-debug] PATCH  /sys/menus/:id/           --> autoadmin/internal/rbac.(*Handler).UpdateMenu-fm (7 handlers)
[GIN-debug] GET    /sys/menus/getMenuListByRoleId/ --> autoadmin/internal/rbac.(*Handler).MenuIDsByRole-fm (7 handlers)
[GIN-debug] POST   /sys/menus/grantMenu/     --> autoadmin/internal/rbac.(*Handler).GrantMenus-fm (7 handlers)
[GIN-debug] DELETE /sys/menus/deleteMenuById/ --> autoadmin/internal/rbac.(*Handler).DeleteMenu-fm (7 handlers)
[GIN-debug] GET    /sys/configs/             --> autoadmin/internal/sysconfig.(*Handler).List-fm (6 handlers)
[GIN-debug] GET    /sys/configs/:id/         --> autoadmin/internal/sysconfig.(*Handler).Get-fm (6 handlers)
[GIN-debug] PATCH  /sys/configs/:id/         --> autoadmin/internal/sysconfig.(*Handler).Update-fm (6 handlers)
[GIN-debug] POST   /sys/configs/:id/reset-default/ --> autoadmin/internal/sysconfig.(*Handler).Reset-fm (6 handlers)
[GIN-debug] GET    /sys/configs/by-key/:key/ --> autoadmin/internal/sysconfig.(*Handler).GetByKey-fm (6 handlers)
[GIN-debug] PATCH  /sys/configs/update-by-key/:key/ --> autoadmin/internal/sysconfig.(*Handler).UpdateByKey-fm (6 handlers)
[GIN-debug] GET    /sys/audit/operation-logs/ --> autoadmin/internal/audit.(*Handler).List-fm (7 handlers)
[GIN-debug] GET    /sys/audit/login-logs/    --> autoadmin/internal/audit.(*Handler).ListLoginLogs-fm (7 handlers)
[GIN-debug] GET    /sys/audit/webssh-sessions/ --> autoadmin/internal/audit.(*Handler).ListWebSSHSessions-fm (7 handlers)
[GIN-debug] GET    /sys/audit/webssh-sessions/:id/content/ --> autoadmin/internal/audit.(*Handler).WebSSHContent-fm (7 handlers)
[GIN-debug] GET    /sys/audit/webssh-sessions/:id/download/ --> autoadmin/internal/audit.(*Handler).DownloadWebSSH-fm (7 handlers)
[GIN-debug] GET    /sys/audit/webssh-sessions/download-all/ --> autoadmin/internal/audit.(*Handler).DownloadWebSSHMany-fm (7 handlers)
[GIN-debug] GET    /api/agent/jobs/query     --> autoadmin/internal/assets.(*Handler).QueryAgentJobs-fm (6 handlers)
[GIN-debug] GET    /api/agent/packages/      --> autoadmin/internal/assets.(*Handler).ListAgentPackages-fm (7 handlers)
[GIN-debug] GET    /api/agent/packages/download/ --> autoadmin/internal/assets.(*Handler).DownloadAgentPackage-fm (7 handlers)
[GIN-debug] POST   /api/agent/packages/upload/ --> autoadmin/internal/assets.(*Handler).UploadAgentPackage-fm (7 handlers)
[GIN-debug] POST   /api/agent/packages/:id/activate/ --> autoadmin/internal/assets.(*Handler).ActivateAgentPackage-fm (7 handlers)
[GIN-debug] POST   /api/agent/packages/batch-delete/ --> autoadmin/internal/assets.(*Handler).BatchDeleteAgentPackages-fm (7 handlers)
[GIN-debug] POST   /api/agent/install        --> autoadmin/internal/assets.(*Handler).AgentInstall-fm (7 handlers)
[GIN-debug] GET    /assets/projects/         --> autoadmin/internal/assets.(*Handler).ListProjects-fm (7 handlers)
[GIN-debug] GET    /assets/projects/:id/     --> autoadmin/internal/assets.(*Handler).GetProject-fm (7 handlers)
[GIN-debug] POST   /assets/projects/         --> autoadmin/internal/assets.(*Handler).CreateProject-fm (7 handlers)
[GIN-debug] PUT    /assets/projects/:id/     --> autoadmin/internal/assets.(*Handler).UpdateProject-fm (7 handlers)
[GIN-debug] PATCH  /assets/projects/:id/     --> autoadmin/internal/assets.(*Handler).UpdateProject-fm (7 handlers)
[GIN-debug] POST   /assets/projects/batch-delete/ --> autoadmin/internal/assets.(*Handler).BatchDeleteProjects-fm (7 handlers)
[GIN-debug] GET    /assets/business-systems/ --> autoadmin/internal/assets.(*Handler).ListBusinessSystems-fm (7 handlers)
[GIN-debug] GET    /assets/business-systems/:id/ --> autoadmin/internal/assets.(*Handler).GetBusinessSystem-fm (7 handlers)
[GIN-debug] POST   /assets/business-systems/ --> autoadmin/internal/assets.(*Handler).CreateBusinessSystem-fm (7 handlers)
[GIN-debug] PUT    /assets/business-systems/:id/ --> autoadmin/internal/assets.(*Handler).UpdateBusinessSystem-fm (7 handlers)
[GIN-debug] PATCH  /assets/business-systems/:id/ --> autoadmin/internal/assets.(*Handler).UpdateBusinessSystem-fm (7 handlers)
[GIN-debug] POST   /assets/business-systems/batch-delete/ --> autoadmin/internal/assets.(*Handler).BatchDeleteBusinessSystems-fm (7 handlers)
[GIN-debug] GET    /assets/business-environments/ --> autoadmin/internal/assets.(*Handler).ListEnvironments-fm (7 handlers)
[GIN-debug] GET    /assets/business-environments/:id/ --> autoadmin/internal/assets.(*Handler).GetEnvironment-fm (7 handlers)
[GIN-debug] POST   /assets/business-environments/ --> autoadmin/internal/assets.(*Handler).CreateEnvironment-fm (7 handlers)
[GIN-debug] PUT    /assets/business-environments/:id/ --> autoadmin/internal/assets.(*Handler).UpdateEnvironment-fm (7 handlers)
[GIN-debug] PATCH  /assets/business-environments/:id/ --> autoadmin/internal/assets.(*Handler).UpdateEnvironment-fm (7 handlers)
[GIN-debug] POST   /assets/business-environments/batch-delete/ --> autoadmin/internal/assets.(*Handler).BatchDeleteEnvironments-fm (7 handlers)
[GIN-debug] GET    /assets/credentials/      --> autoadmin/internal/assets.(*Handler).ListCredentials-fm (7 handlers)
[GIN-debug] POST   /assets/credentials/batch-create/ --> autoadmin/internal/assets.(*Handler).BatchCreateCredentials-fm (7 handlers)
[GIN-debug] POST   /assets/credentials/batch-delete/ --> autoadmin/internal/assets.(*Handler).DeleteCredentials-fm (7 handlers)
[GIN-debug] GET    /assets/credentials/:id/  --> autoadmin/internal/assets.(*Handler).GetCredential-fm (7 handlers)
[GIN-debug] POST   /assets/credentials/      --> autoadmin/internal/assets.(*Handler).CreateCredential-fm (7 handlers)
[GIN-debug] PUT    /assets/credentials/:id/  --> autoadmin/internal/assets.(*Handler).UpdateCredential-fm (7 handlers)
[GIN-debug] PATCH  /assets/credentials/:id/  --> autoadmin/internal/assets.(*Handler).UpdateCredential-fm (7 handlers)
[GIN-debug] GET    /assets/host-groups/      --> autoadmin/internal/assets.(*Handler).ListHostGroups-fm (7 handlers)
[GIN-debug] GET    /assets/host-groups/tree/ --> autoadmin/internal/assets.(*Handler).HostGroupTree-fm (7 handlers)
[GIN-debug] GET    /assets/host-groups/:id/  --> autoadmin/internal/assets.(*Handler).GetHostGroup-fm (7 handlers)
[GIN-debug] POST   /assets/host-groups/      --> autoadmin/internal/assets.(*Handler).CreateHostGroup-fm (7 handlers)
[GIN-debug] PUT    /assets/host-groups/:id/  --> autoadmin/internal/assets.(*Handler).UpdateHostGroup-fm (7 handlers)
[GIN-debug] PATCH  /assets/host-groups/:id/  --> autoadmin/internal/assets.(*Handler).UpdateHostGroup-fm (7 handlers)
[GIN-debug] POST   /assets/host-groups/batch-delete/ --> autoadmin/internal/assets.(*Handler).BatchDeleteHostGroups-fm (7 handlers)
[GIN-debug] GET    /assets/hosts/:id/webssh/ --> autoadmin/internal/assets.(*Handler).WebSSH-fm (7 handlers)
[GIN-debug] GET    /assets/hosts/:id/agent-runtime-status/ --> autoadmin/internal/assets.(*Handler).GetHostAgentRuntimeStatus-fm (7 handlers)
[GIN-debug] GET    /assets/hosts/:id/webssh-active-count/ --> autoadmin/internal/assets.(*Handler).GetHostWebSSHActiveCount-fm (7 handlers)
[GIN-debug] GET    /assets/hosts/:id/webssh-active-sessions/ --> autoadmin/internal/assets.(*Handler).GetHostWebSSHActiveSessions-fm (7 handlers)
[GIN-debug] GET    /assets/hosts/:id/files/list/ --> autoadmin/internal/assets.(*Handler).ListWebSSHFiles-fm (7 handlers)
[GIN-debug] GET    /assets/hosts/:id/files/download/ --> autoadmin/internal/assets.(*Handler).DownloadWebSSHFile-fm (7 handlers)
[GIN-debug] POST   /assets/hosts/:id/files/upload/chunk/ --> autoadmin/internal/assets.(*Handler).UploadWebSSHFile-fm (7 handlers)
[GIN-debug] POST   /assets/hosts/:id/files/rename/ --> autoadmin/internal/assets.(*Handler).RenameWebSSHFile-fm (7 handlers)
[GIN-debug] DELETE /assets/hosts/:id/files/delete/ --> autoadmin/internal/assets.(*Handler).DeleteWebSSHFile-fm (7 handlers)
[GIN-debug] POST   /assets/hosts/:id/files/create-dir/ --> autoadmin/internal/assets.(*Handler).CreateWebSSHDirectory-fm (7 handlers)
[GIN-debug] POST   /assets/hosts/:id/refresh-info/ --> autoadmin/internal/assets.(*Handler).RefreshHostInfo-fm (7 handlers)
[GIN-debug] GET    /assets/hosts/            --> autoadmin/internal/assets.(*Handler).ListHosts-fm (7 handlers)
[GIN-debug] POST   /assets/hosts/refresh-info/ --> autoadmin/internal/assets.(*Handler).BatchRefreshHostInfo-fm (7 handlers)
[GIN-debug] POST   /assets/hosts/batch-delete/ --> autoadmin/internal/assets.(*Handler).DeleteHosts-fm (7 handlers)
[GIN-debug] GET    /assets/hosts/:id/        --> autoadmin/internal/assets.(*Handler).GetHost-fm (7 handlers)
[GIN-debug] POST   /assets/hosts/            --> autoadmin/internal/assets.(*Handler).CreateHost-fm (7 handlers)
[GIN-debug] PUT    /assets/hosts/:id/        --> autoadmin/internal/assets.(*Handler).UpdateHost-fm (7 handlers)
[GIN-debug] PATCH  /assets/hosts/:id/        --> autoadmin/internal/assets.(*Handler).UpdateHost-fm (7 handlers)
[GIN-debug] GET    /ws/assets/hosts/:id/webssh/ --> autoadmin/internal/assets.(*Handler).WebSSH-fm (7 handlers)
[GIN-debug] GET    /ws/automation/jobs/:id/logs/ --> autoadmin/internal/automation.(*Handler).JobLogStream-fm (7 handlers)
[GIN-debug] GET    /assets/applications/     --> autoadmin/internal/assets.(*Handler).ListApplications-fm (7 handlers)
[GIN-debug] GET    /assets/applications/:id/ --> autoadmin/internal/assets.(*Handler).GetApplication-fm (7 handlers)
[GIN-debug] POST   /assets/applications/     --> autoadmin/internal/assets.(*Handler).CreateApplication-fm (7 handlers)
[GIN-debug] PUT    /assets/applications/:id/ --> autoadmin/internal/assets.(*Handler).UpdateApplication-fm (7 handlers)
[GIN-debug] PATCH  /assets/applications/:id/ --> autoadmin/internal/assets.(*Handler).UpdateApplication-fm (7 handlers)
[GIN-debug] POST   /assets/applications/batch-delete/ --> autoadmin/internal/assets.(*Handler).DeleteApplications-fm (7 handlers)
[GIN-debug] GET    /assets/application-versions/ --> autoadmin/internal/assets.(*Handler).ListVersions-fm (7 handlers)
[GIN-debug] GET    /assets/application-versions/:id/ --> autoadmin/internal/assets.(*Handler).GetVersion-fm (7 handlers)
[GIN-debug] POST   /assets/application-versions/ --> autoadmin/internal/assets.(*Handler).CreateVersion-fm (7 handlers)
[GIN-debug] PUT    /assets/application-versions/:id/ --> autoadmin/internal/assets.(*Handler).UpdateVersion-fm (7 handlers)
[GIN-debug] PATCH  /assets/application-versions/:id/ --> autoadmin/internal/assets.(*Handler).UpdateVersion-fm (7 handlers)
[GIN-debug] POST   /assets/application-versions/batch-delete/ --> autoadmin/internal/assets.(*Handler).BatchDeleteVersions-fm (7 handlers)
[GIN-debug] GET    /assets/cluster-profiles/ --> autoadmin/internal/assets.(*Handler).ListProfiles-fm (7 handlers)
[GIN-debug] GET    /assets/cluster-profiles/:id/ --> autoadmin/internal/assets.(*Handler).GetProfile-fm (7 handlers)
[GIN-debug] POST   /assets/cluster-profiles/ --> autoadmin/internal/assets.(*Handler).CreateProfile-fm (7 handlers)
[GIN-debug] PUT    /assets/cluster-profiles/:id/ --> autoadmin/internal/assets.(*Handler).UpdateProfile-fm (7 handlers)
[GIN-debug] PATCH  /assets/cluster-profiles/:id/ --> autoadmin/internal/assets.(*Handler).UpdateProfile-fm (7 handlers)
[GIN-debug] POST   /assets/cluster-profiles/batch-delete/ --> autoadmin/internal/assets.(*Handler).BatchDeleteProfiles-fm (7 handlers)
[GIN-debug] GET    /sys/security/baseline/   --> autoadmin/internal/baseline.(*Handler).ListBaselines-fm (7 handlers)
[GIN-debug] GET    /sys/security/baseline/:id/ --> autoadmin/internal/baseline.(*Handler).GetBaseline-fm (7 handlers)
[GIN-debug] POST   /sys/security/baseline/   --> autoadmin/internal/baseline.(*Handler).SaveBaseline-fm (7 handlers)
[GIN-debug] PATCH  /sys/security/baseline/:id/ --> autoadmin/internal/baseline.(*Handler).SaveBaseline-fm (7 handlers)
[GIN-debug] DELETE /sys/security/baseline/:id/ --> autoadmin/internal/baseline.(*Handler).DeleteBaseline-fm (7 handlers)
[GIN-debug] POST   /sys/security/baseline/:id/scan/ --> autoadmin/internal/baseline.(*Handler).StartScan-fm (7 handlers)
[GIN-debug] POST   /sys/security/baseline/:id/categories/ --> autoadmin/internal/baseline.(*Handler).CreateBaselineCategory-fm (7 handlers)
[GIN-debug] PATCH  /sys/security/baseline/:id/categories/:categoryId/ --> autoadmin/internal/baseline.(*Handler).UpdateBaselineCategory-fm (7 handlers)
[GIN-debug] DELETE /sys/security/baseline/:id/categories/:categoryId/ --> autoadmin/internal/baseline.(*Handler).DeleteBaselineCategory-fm (7 handlers)
[GIN-debug] POST   /sys/security/baseline/:id/items/ --> autoadmin/internal/baseline.(*Handler).AddBaselineItem-fm (7 handlers)
[GIN-debug] PATCH  /sys/security/baseline/:id/items/:itemId/ --> autoadmin/internal/baseline.(*Handler).UpdateBaselineItem-fm (7 handlers)
[GIN-debug] DELETE /sys/security/baseline/:id/items/:itemId/ --> autoadmin/internal/baseline.(*Handler).DeleteBaselineItem-fm (7 handlers)
[GIN-debug] GET    /sys/security/scans/      --> autoadmin/internal/baseline.(*Handler).ListScans-fm (7 handlers)
[GIN-debug] GET    /sys/security/scans/:id/  --> autoadmin/internal/baseline.(*Handler).GetScan-fm (7 handlers)
[GIN-debug] POST   /sys/security/scans/:id/cancel/ --> autoadmin/internal/baseline.(*Handler).CancelScan-fm (7 handlers)
[GIN-debug] GET    /assets/application-deployment-templates/ --> autoadmin/internal/assets.(*Handler).ListDeploymentTemplates-fm (7 handlers)
[GIN-debug] GET    /assets/application-deployment-templates/:id/ --> autoadmin/internal/assets.(*Handler).GetDeploymentTemplate-fm (7 handlers)
[GIN-debug] POST   /assets/application-deployment-templates/ --> autoadmin/internal/assets.(*Handler).CreateDeploymentTemplate-fm (7 handlers)
[GIN-debug] PUT    /assets/application-deployment-templates/:id/ --> autoadmin/internal/assets.(*Handler).UpdateDeploymentTemplate-fm (7 handlers)
[GIN-debug] PATCH  /assets/application-deployment-templates/:id/ --> autoadmin/internal/assets.(*Handler).UpdateDeploymentTemplate-fm (7 handlers)
[GIN-debug] POST   /assets/application-deployment-templates/batch-delete/ --> autoadmin/internal/assets.(*Handler).BatchDeleteDeploymentTemplates-fm (7 handlers)
[GIN-debug] GET    /assets/application-services/ --> autoadmin/internal/assets.(*Handler).ListApplicationServices-fm (7 handlers)
[GIN-debug] GET    /assets/application-services/:id/log-config/ --> autoadmin/internal/assets.(*Handler).GetApplicationServiceLogConfig-fm (7 handlers)
[GIN-debug] POST   /assets/application-services/:id/refresh-runtime-status/ --> autoadmin/internal/assets.(*Handler).RefreshApplicationServiceRuntimeStatus-fm (7 handlers)
[GIN-debug] GET    /assets/application-services/:id/ --> autoadmin/internal/assets.(*Handler).GetApplicationService-fm (7 handlers)
[GIN-debug] POST   /assets/application-services/ --> autoadmin/internal/assets.(*Handler).CreateApplicationService-fm (7 handlers)
[GIN-debug] PATCH  /assets/application-services/:id/ --> autoadmin/internal/assets.(*Handler).UpdateApplicationService-fm (7 handlers)
[GIN-debug] POST   /assets/application-services/batch-delete/ --> autoadmin/internal/assets.(*Handler).BatchDeleteApplicationServices-fm (7 handlers)
[GIN-debug] GET    /assets/application-deployments/ --> autoadmin/internal/assets.(*Handler).ListApplicationDeployments-fm (7 handlers)
[GIN-debug] GET    /assets/application-deployments/:id/ --> autoadmin/internal/assets.(*Handler).GetApplicationDeployment-fm (7 handlers)
[GIN-debug] POST   /assets/application-deployments/:id/control/ --> autoadmin/internal/assets.(*Handler).ControlApplicationDeployment-fm (7 handlers)
[GIN-debug] POST   /assets/application-deployments/ --> autoadmin/internal/assets.(*Handler).CreateApplicationDeployment-fm (7 handlers)
[GIN-debug] PATCH  /assets/application-deployments/:id/ --> autoadmin/internal/assets.(*Handler).UpdateApplicationDeployment-fm (7 handlers)
[GIN-debug] POST   /assets/application-deployments/batch-delete/ --> autoadmin/internal/assets.(*Handler).BatchDeleteApplicationDeployments-fm (7 handlers)
[GIN-debug] GET    /sys/inspection/groups/   --> autoadmin/internal/inspection.(*Handler).ListGroups-fm (7 handlers)
[GIN-debug] GET    /sys/inspection/groups/:id/ --> autoadmin/internal/inspection.(*Handler).GetGroup-fm (7 handlers)
[GIN-debug] POST   /sys/inspection/groups/   --> autoadmin/internal/inspection.(*Handler).SaveGroup-fm (7 handlers)
[GIN-debug] PATCH  /sys/inspection/groups/:id/ --> autoadmin/internal/inspection.(*Handler).SaveGroup-fm (7 handlers)
[GIN-debug] POST   /sys/inspection/groups/batch-delete/ --> autoadmin/internal/inspection.(*Handler).BatchDeleteGroups-fm (7 handlers)
[GIN-debug] GET    /sys/inspection/tasks/    --> autoadmin/internal/inspection.(*Handler).ListTasks-fm (7 handlers)
[GIN-debug] GET    /sys/inspection/tasks/:id/ --> autoadmin/internal/inspection.(*Handler).GetTask-fm (7 handlers)
[GIN-debug] POST   /sys/inspection/tasks/    --> autoadmin/internal/inspection.(*Handler).SaveTask-fm (7 handlers)
[GIN-debug] PATCH  /sys/inspection/tasks/:id/ --> autoadmin/internal/inspection.(*Handler).SaveTask-fm (7 handlers)
[GIN-debug] POST   /sys/inspection/tasks/batch-delete/ --> autoadmin/internal/inspection.(*Handler).BatchDeleteTasks-fm (7 handlers)
[GIN-debug] POST   /sys/inspection/tasks/:id/run/ --> autoadmin/internal/inspection.(*Handler).RunTask-fm (7 handlers)
[GIN-debug] GET    /sys/inspection/executions/ --> autoadmin/internal/inspection.(*Handler).ListExecutions-fm (7 handlers)
[GIN-debug] GET    /sys/inspection/executions/:id/ --> autoadmin/internal/inspection.(*Handler).GetExecution-fm (7 handlers)
[GIN-debug] POST   /sys/inspection/executions/:id/cancel/ --> autoadmin/internal/inspection.(*Handler).CancelExecution-fm (7 handlers)
[GIN-debug] GET    /monitor/summary/         --> autoadmin/internal/monitor.(*Handler).Summary-fm (7 handlers)
[GIN-debug] GET    /monitor/packages/        --> autoadmin/internal/monitor.(*Handler).ListPackages-fm (7 handlers)
[GIN-debug] POST   /monitor/packages/        --> autoadmin/internal/monitor.(*Handler).CreateSoftwarePackage-fm (7 handlers)
[GIN-debug] GET    /monitor/packages/:id/    --> autoadmin/internal/monitor.(*Handler).GetSoftwarePackage-fm (7 handlers)
[GIN-debug] PATCH  /monitor/packages/:id/    --> autoadmin/internal/monitor.(*Handler).UpdateSoftwarePackage-fm (7 handlers)
[GIN-debug] PUT    /monitor/packages/:id/    --> autoadmin/internal/monitor.(*Handler).UpdateSoftwarePackage-fm (7 handlers)
[GIN-debug] POST   /monitor/packages/:id/upload/ --> autoadmin/internal/monitor.(*Handler).UploadSoftwarePackage-fm (7 handlers)
[GIN-debug] POST   /monitor/packages/:id/sync-official/ --> autoadmin/internal/monitor.(*Handler).SyncSoftwarePackageFromOfficial-fm (7 handlers)
[GIN-debug] POST   /monitor/packages/batch-delete/ --> autoadmin/internal/monitor.(*Handler).BatchDeleteSoftwarePackages-fm (7 handlers)
[GIN-debug] GET    /monitor/targets/         --> autoadmin/internal/monitor.(*Handler).ListTargets-fm (7 handlers)
[GIN-debug] GET    /monitor/targets/host-group-tree/ --> autoadmin/internal/monitor.(*Handler).HostGroupTree-fm (7 handlers)
[GIN-debug] GET    /monitor/targets/exporter-options/ --> autoadmin/internal/monitor.(*Handler).ExporterOptions-fm (7 handlers)
[GIN-debug] GET    /monitor/targets/host-overview/ --> autoadmin/internal/monitor.(*Handler).HostOverview-fm (7 handlers)
[GIN-debug] POST   /monitor/targets/batch-create/ --> autoadmin/internal/monitor.(*Handler).BatchCreateTargets-fm (7 handlers)
[GIN-debug] POST   /monitor/targets/batch-delete/ --> autoadmin/internal/monitor.(*Handler).BatchDeleteTargets-fm (7 handlers)
[GIN-debug] POST   /monitor/targets/batch-start-service/ --> autoadmin/internal/monitor.(*Handler).BatchStartTargetService-fm (7 handlers)
[GIN-debug] POST   /monitor/targets/batch-stop-service/ --> autoadmin/internal/monitor.(*Handler).BatchStopTargetService-fm (7 handlers)
[GIN-debug] GET    /monitor/targets/:id/     --> autoadmin/internal/monitor.(*Handler).GetTarget-fm (7 handlers)
[GIN-debug] PATCH  /monitor/targets/:id/     --> autoadmin/internal/monitor.(*Handler).UpdateTarget-fm (7 handlers)
[GIN-debug] PUT    /monitor/targets/:id/     --> autoadmin/internal/monitor.(*Handler).UpdateTarget-fm (7 handlers)
[GIN-debug] POST   /monitor/targets/:id/retry/ --> autoadmin/internal/monitor.(*Handler).RetryTarget-fm (7 handlers)
[GIN-debug] POST   /monitor/targets/:id/cancel/ --> autoadmin/internal/monitor.(*Handler).CancelTarget-fm (7 handlers)
[GIN-debug] POST   /monitor/targets/:id/check-service-status/ --> autoadmin/internal/monitor.(*Handler).CheckTargetService-fm (7 handlers)
[GIN-debug] POST   /monitor/targets/:id/start-service/ --> autoadmin/internal/monitor.(*Handler).StartTargetService-fm (7 handlers)
[GIN-debug] POST   /monitor/targets/:id/stop-service/ --> autoadmin/internal/monitor.(*Handler).StopTargetService-fm (7 handlers)
[GIN-debug] GET    /monitor/install-histories/ --> autoadmin/internal/monitor.(*Handler).ListInstallHistories-fm (7 handlers)
[GIN-debug] GET    /monitor/install-histories/:id/ --> autoadmin/internal/monitor.(*Handler).GetInstallHistory-fm (7 handlers)
[GIN-debug] POST   /monitor/install-histories/:id/cancel/ --> autoadmin/internal/monitor.(*Handler).CancelInstallHistory-fm (7 handlers)
[GIN-debug] POST   /monitor/log-targets/batch-create/ --> autoadmin/internal/monitor.(*Handler).BatchCreateLogTargets-fm (7 handlers)
[GIN-debug] POST   /monitor/log-targets/batch-retry/ --> autoadmin/internal/monitor.(*Handler).BatchRetryLogTargets-fm (7 handlers)
[GIN-debug] POST   /monitor/log-targets/batch-start-service/ --> autoadmin/internal/monitor.(*Handler).BatchStartLogTargets-fm (7 handlers)
[GIN-debug] POST   /monitor/log-targets/batch-stop-service/ --> autoadmin/internal/monitor.(*Handler).BatchStopLogTargets-fm (7 handlers)
[GIN-debug] POST   /monitor/log-targets/batch-apply/ --> autoadmin/internal/monitor.(*Handler).BatchApplyLogTargets-fm (7 handlers)
[GIN-debug] POST   /monitor/log-targets/:id/retry/ --> autoadmin/internal/monitor.(*Handler).RetryLogTarget-fm (7 handlers)
[GIN-debug] POST   /monitor/log-targets/:id/cancel/ --> autoadmin/internal/monitor.(*Handler).CancelLogTarget-fm (7 handlers)
[GIN-debug] POST   /monitor/log-targets/batch-delete/ --> autoadmin/internal/monitor.(*Handler).BatchDeleteLogTargets-fm (7 handlers)
[GIN-debug] POST   /monitor/log-targets/:id/check-status/ --> autoadmin/internal/monitor.(*Handler).CheckLogTargetService-fm (7 handlers)
[GIN-debug] POST   /monitor/log-targets/:id/start-service/ --> autoadmin/internal/monitor.(*Handler).StartLogTargetService-fm (7 handlers)
[GIN-debug] POST   /monitor/log-targets/:id/stop-service/ --> autoadmin/internal/monitor.(*Handler).StopLogTargetService-fm (7 handlers)
[GIN-debug] POST   /monitor/log-targets/:id/apply/ --> autoadmin/internal/monitor.(*Handler).ApplyLogTargetConfig-fm (7 handlers)
[GIN-debug] GET    /monitor/alert-histories/ --> autoadmin/internal/monitor.(*Handler).ListAlertHistories-fm (7 handlers)
[GIN-debug] GET    /monitor/alert-histories/:id/ --> autoadmin/internal/monitor.(*Handler).GetAlertHistory-fm (7 handlers)
[GIN-debug] GET    /monitor/alert-histories/:id/notification-status/ --> autoadmin/internal/monitor.(*Handler).AlertNotificationStatus-fm (7 handlers)
[GIN-debug] GET    /monitor/alert-notification/user-chain/ --> autoadmin/internal/monitor.(*Handler).UserAlertChain-fm (7 handlers)
[GIN-debug] GET    /monitor/alert-notification/chain/:historyId/ --> autoadmin/internal/monitor.(*Handler).AlertChainEvaluation-fm (7 handlers)
[GIN-debug] GET    /monitor/media/           --> autoadmin/internal/monitor.(*Handler).ListAlertMedia-fm (7 handlers)
[GIN-debug] POST   /monitor/media/           --> autoadmin/internal/monitor.(*Handler).CreateAlertMedia-fm (7 handlers)
[GIN-debug] GET    /monitor/media/:id/       --> autoadmin/internal/monitor.(*Handler).GetAlertMedia-fm (7 handlers)
[GIN-debug] PATCH  /monitor/media/:id/       --> autoadmin/internal/monitor.(*Handler).UpdateAlertMedia-fm (7 handlers)
[GIN-debug] PUT    /monitor/media/:id/       --> autoadmin/internal/monitor.(*Handler).UpdateAlertMedia-fm (7 handlers)
[GIN-debug] POST   /monitor/media/:id/test/  --> autoadmin/internal/monitor.(*Handler).TestAlertMedia-fm (7 handlers)
[GIN-debug] POST   /monitor/media/batch-delete/ --> autoadmin/internal/monitor.(*Handler).BatchDeleteAlertMedia-fm (7 handlers)
[GIN-debug] GET    /monitor/notification-policies/ --> autoadmin/internal/monitor.(*Handler).ListNotificationPolicies-fm (7 handlers)
[GIN-debug] POST   /monitor/notification-policies/create/ --> autoadmin/internal/monitor.(*Handler).CreateNotificationPolicy-fm (7 handlers)
[GIN-debug] POST   /monitor/notification-policies/update/ --> autoadmin/internal/monitor.(*Handler).UpdateNotificationPolicy-fm (7 handlers)
[GIN-debug] POST   /monitor/notification-policies/batch-delete/ --> autoadmin/internal/monitor.(*Handler).BatchDeleteNotificationPolicies-fm (7 handlers)
[GIN-debug] GET    /monitor/log-retention-tiers/ --> autoadmin/internal/monitor.(*Handler).ListRetentionTiers-fm (7 handlers)
[GIN-debug] POST   /monitor/log-retention-tiers/ --> autoadmin/internal/monitor.(*Handler).CreateRetentionTier-fm (7 handlers)
[GIN-debug] GET    /monitor/log-retention-tiers/:id/ --> autoadmin/internal/monitor.(*Handler).GetRetentionTier-fm (7 handlers)
[GIN-debug] PATCH  /monitor/log-retention-tiers/:id/ --> autoadmin/internal/monitor.(*Handler).UpdateRetentionTier-fm (7 handlers)
[GIN-debug] PUT    /monitor/log-retention-tiers/:id/ --> autoadmin/internal/monitor.(*Handler).UpdateRetentionTier-fm (7 handlers)
[GIN-debug] POST   /monitor/log-retention-tiers/batch-delete/ --> autoadmin/internal/monitor.(*Handler).BatchDeleteRetentionTiers-fm (7 handlers)
[GIN-debug] GET    /monitor/log-processing-rules/ --> autoadmin/internal/monitor.(*Handler).ListProcessingRules-fm (7 handlers)
[GIN-debug] POST   /monitor/log-processing-rules/ --> autoadmin/internal/monitor.(*Handler).CreateProcessingRule-fm (7 handlers)
[GIN-debug] GET    /monitor/log-processing-rules/:id/ --> autoadmin/internal/monitor.(*Handler).GetProcessingRule-fm (7 handlers)
[GIN-debug] PATCH  /monitor/log-processing-rules/:id/ --> autoadmin/internal/monitor.(*Handler).UpdateProcessingRule-fm (7 handlers)
[GIN-debug] PUT    /monitor/log-processing-rules/:id/ --> autoadmin/internal/monitor.(*Handler).UpdateProcessingRule-fm (7 handlers)
[GIN-debug] POST   /monitor/log-processing-rules/batch-delete/ --> autoadmin/internal/monitor.(*Handler).BatchDeleteProcessingRules-fm (7 handlers)
[GIN-debug] GET    /monitor/log-collection-filter-rules/ --> autoadmin/internal/monitor.(*Handler).ListFilterRules-fm (7 handlers)
[GIN-debug] POST   /monitor/log-collection-filter-rules/ --> autoadmin/internal/monitor.(*Handler).CreateFilterRule-fm (7 handlers)
[GIN-debug] GET    /monitor/log-collection-filter-rules/:id/ --> autoadmin/internal/monitor.(*Handler).GetFilterRule-fm (7 handlers)
[GIN-debug] PATCH  /monitor/log-collection-filter-rules/:id/ --> autoadmin/internal/monitor.(*Handler).UpdateFilterRule-fm (7 handlers)
[GIN-debug] PUT    /monitor/log-collection-filter-rules/:id/ --> autoadmin/internal/monitor.(*Handler).UpdateFilterRule-fm (7 handlers)
[GIN-debug] POST   /monitor/log-collection-filter-rules/batch-delete/ --> autoadmin/internal/monitor.(*Handler).BatchDeleteFilterRules-fm (7 handlers)
[GIN-debug] GET    /monitor/opensearch-clusters/ --> autoadmin/internal/monitor.(*Handler).ListOpenSearchClusters-fm (7 handlers)
[GIN-debug] POST   /monitor/opensearch-clusters/ --> autoadmin/internal/monitor.(*Handler).CreateOpenSearchCluster-fm (7 handlers)
[GIN-debug] GET    /monitor/opensearch-clusters/:id/ --> autoadmin/internal/monitor.(*Handler).GetOpenSearchCluster-fm (7 handlers)
[GIN-debug] PATCH  /monitor/opensearch-clusters/:id/ --> autoadmin/internal/monitor.(*Handler).UpdateOpenSearchCluster-fm (7 handlers)
[GIN-debug] PUT    /monitor/opensearch-clusters/:id/ --> autoadmin/internal/monitor.(*Handler).UpdateOpenSearchCluster-fm (7 handlers)
[GIN-debug] POST   /monitor/opensearch-clusters/batch-delete/ --> autoadmin/internal/monitor.(*Handler).BatchDeleteOpenSearchClusters-fm (7 handlers)
[GIN-debug] POST   /monitor/opensearch-clusters/:id/test-connection/ --> autoadmin/internal/monitor.(*Handler).TestOpenSearchConnection-fm (7 handlers)
[GIN-debug] GET    /monitor/opensearch-clusters/:id/log-health/ --> autoadmin/internal/monitor.(*Handler).OpenSearchLogHealth-fm (7 handlers)
[GIN-debug] POST   /monitor/opensearch-clusters/:id/pipeline-simulate/ --> autoadmin/internal/monitor.(*Handler).SimulateOpenSearchPipeline-fm (7 handlers)
[GIN-debug] GET    /monitor/opensearch-clusters/:id/log-search/ --> autoadmin/internal/monitor.(*Handler).OpenSearchLogSearch-fm (7 handlers)
[GIN-debug] GET    /monitor/opensearch-clusters/:id/log-facet-stats/ --> autoadmin/internal/monitor.(*Handler).OpenSearchLogFacetStats-fm (7 handlers)
[GIN-debug] GET    /monitor/opensearch-clusters/:id/log-storage-overview/ --> autoadmin/internal/monitor.(*Handler).GetLogStorageOverview-fm (7 handlers)
[GIN-debug] GET    /monitor/opensearch-clusters/:id/log-service-usage/ --> autoadmin/internal/monitor.(*Handler).GetLogServiceUsage-fm (7 handlers)
[GIN-debug] GET    /monitor/log-targets/:id/config-preview/ --> autoadmin/internal/monitor.(*Handler).GetHostLogConfigPreview-fm (7 handlers)
[GIN-debug] GET    /monitor/targets/summary/ --> autoadmin/internal/monitor.(*Handler).Summary-fm (7 handlers)
[GIN-debug] GET    /monitor/targets/prometheus/overview/ --> autoadmin/internal/monitor.(*Handler).PrometheusOverview-fm (7 handlers)
[GIN-debug] GET    /monitor/targets/prometheus/targets/ --> autoadmin/internal/monitor.(*Handler).PrometheusTargets-fm (7 handlers)
[GIN-debug] GET    /monitor/targets/prometheus/alerts/ --> autoadmin/internal/monitor.(*Handler).PrometheusAlerts-fm (7 handlers)
[GIN-debug] GET    /monitor/targets/prometheus/rules/ --> autoadmin/internal/monitor.(*Handler).PrometheusRules-fm (7 handlers)
[GIN-debug] GET    /monitor/targets/prometheus/tsdb-status/ --> autoadmin/internal/monitor.(*Handler).PrometheusTSDBStatus-fm (7 handlers)
[GIN-debug] GET    /monitor/targets/prometheus/config/ --> autoadmin/internal/monitor.(*Handler).PrometheusConfig-fm (7 handlers)
[GIN-debug] GET    /monitor/targets/prometheus/flags/ --> autoadmin/internal/monitor.(*Handler).PrometheusFlags-fm (7 handlers)
[GIN-debug] GET    /monitor/targets/prometheus/query/ --> autoadmin/internal/monitor.(*Handler).PrometheusQuery-fm (7 handlers)
[GIN-debug] GET    /monitor/targets/prometheus/query-range/ --> autoadmin/internal/monitor.(*Handler).PrometheusQueryRange-fm (7 handlers)
[GIN-debug] GET    /monitor/targets/prometheus/proxy/*apiPath --> autoadmin/internal/monitor.(*Handler).PrometheusProxy-fm (7 handlers)
[GIN-debug] POST   /monitor/targets/prometheus/proxy/*apiPath --> autoadmin/internal/monitor.(*Handler).PrometheusProxy-fm (7 handlers)
[GIN-debug] PUT    /monitor/targets/prometheus/proxy/*apiPath --> autoadmin/internal/monitor.(*Handler).PrometheusProxy-fm (7 handlers)
[GIN-debug] PATCH  /monitor/targets/prometheus/proxy/*apiPath --> autoadmin/internal/monitor.(*Handler).PrometheusProxy-fm (7 handlers)
[GIN-debug] HEAD   /monitor/targets/prometheus/proxy/*apiPath --> autoadmin/internal/monitor.(*Handler).PrometheusProxy-fm (7 handlers)
[GIN-debug] OPTIONS /monitor/targets/prometheus/proxy/*apiPath --> autoadmin/internal/monitor.(*Handler).PrometheusProxy-fm (7 handlers)
[GIN-debug] DELETE /monitor/targets/prometheus/proxy/*apiPath --> autoadmin/internal/monitor.(*Handler).PrometheusProxy-fm (7 handlers)
[GIN-debug] CONNECT /monitor/targets/prometheus/proxy/*apiPath --> autoadmin/internal/monitor.(*Handler).PrometheusProxy-fm (7 handlers)
[GIN-debug] TRACE  /monitor/targets/prometheus/proxy/*apiPath --> autoadmin/internal/monitor.(*Handler).PrometheusProxy-fm (7 handlers)
[GIN-debug] GET    /monitor/prometheus/http-sd/ --> autoadmin/internal/monitor.(*Handler).PrometheusHTTPServiceDiscovery-fm (6 handlers)
[GIN-debug] GET    /monitor/targets/prometheus/http-sd/ --> autoadmin/internal/monitor.(*Handler).PrometheusHTTPServiceDiscovery-fm (6 handlers)
[GIN-debug] POST   /monitor/alert-webhook/api/v2/alerts --> autoadmin/internal/monitor.(*Handler).AlertWebhook-fm (6 handlers)
[GIN] 2026/09/16 - 21:06:48 | 200 |   3.12ms |  192.168.124.15 | GET      "/assets/hosts/"
2026/09/16 21:06:49 INFO agent session established instance_name=mysql134 session_count=1
2026/09/16 21:06:49 INFO agent session established instance_name=pvg4-esb-208 session_count=2
2026/09/16 21:06:49 INFO agent session established instance_name=pvg-esb4-206 session_count=3
2026/09/16 21:06:49 INFO agent session established instance_name=pvg-esb4-207 session_count=4
2026/09/16 21:06:49 INFO agent session established instance_name=cdm-179 session_count=8
2026/09/16 21:06:49 INFO agent session established instance_name=pvg-esb4-201 session_count=6
2026/09/16 21:06:49 INFO agent session established instance_name=localhost session_count=10
2026/09/16 21:06:49 INFO agent session established instance_name=tib_nginx-208 session_count=7
2026/09/16 21:06:49 INFO agent session established instance_name=kul-tib-tomcat1 session_count=5
2026/09/16 21:06:49 INFO agent session established instance_name=tib-es-redis-209 session_count=9
2026/09/16 21:06:49 INFO agent session established instance_name=kul-tib-tomcat2 session_count=11
2026/09/16 21:06:49 INFO agent session established instance_name=mysql136 session_count=12
2026/09/16 21:06:49 INFO agent session established instance_name=cdm-oracle-159 session_count=13
2026/09/16 21:06:49 INFO agent session established instance_name=177 session_count=14
2026/09/16 21:06:49 INFO agent session established instance_name=tib-oracle session_count=17
2026/09/16 21:06:49 INFO agent session established instance_name=pvg-esb4-202 session_count=15
2026/09/16 21:06:49 INFO agent session established instance_name=cgk-oracle-10 session_count=16
2026/09/16 21:06:49 INFO agent session established instance_name=pvg-esb4-204 session_count=18
2026/09/16 21:06:49 INFO agent session established instance_name=mysql135 session_count=19
[GIN] 2026/09/16 - 21:06:53 | 200 |   3.74ms |  192.168.124.15 | GET      "/assets/hosts/"
[GIN] 2026/09/16 - 21:06:58 | 200 |   2.35ms |  192.168.124.15 | GET      "/assets/hosts/"
[GIN] 2026/09/16 - 21:07:01 | 200 |    2.1ms |  192.168.124.15 | GET      "/assets/hosts/"
[GIN] 2026/09/16 - 21:07:03 | 200 | 376.14ms |   192.168.240.2 | GET      "/monitor/prometheus/http-sd/"
[GIN] 2026/09/16 - 21:07:03 | 200 |   2.64ms |  192.168.124.15 | GET      "/assets/hosts/"
[GIN] 2026/09/16 - 21:07:08 | 200 |   2.96ms |  192.168.124.15 | GET      "/assets/hosts/"
[GIN] 2026/09/16 - 21:07:13 | 200 |   2.05ms |  192.168.124.15 | GET      "/assets/hosts/"
[GIN] 2026/09/16 - 21:07:18 | 200 |   4.02ms |  192.168.124.15 | GET      "/assets/hosts/"
[GIN] 2026/09/16 - 21:07:19 | 200 | 368.84ms |   192.168.240.2 | POST     "/monitor/alert-webhook/api/v2/alerts"
[GIN] 2026/09/16 - 21:07:20 | 200 | 366.71ms |   192.168.240.2 | POST     "/monitor/alert-webhook/api/v2/alerts"
[GIN] 2026/09/16 - 21:07:23 | 200 |   2.61ms |  192.168.124.15 | GET      "/assets/hosts/"
[GIN] 2026/09/16 - 21:07:28 | 200 |   2.43ms |  192.168.124.15 | GET      "/assets/hosts/"
[GIN] 2026/09/16 - 21:07:33 | 200 | 395.88ms |   192.168.240.2 | GET      "/monitor/prometheus/http-sd/"
[GIN] 2026/09/16 - 21:07:33 | 200 |   2.13ms |  192.168.124.15 | GET      "/assets/hosts/"
[GIN] 2026/09/16 - 21:07:38 | 200 |   3.32ms |  192.168.124.15 | GET      "/assets/hosts/"
[GIN] 2026/09/16 - 21:07:43 | 200 |   3.15ms |  192.168.124.15 | GET      "/assets/hosts/"
[GIN] 2026/09/16 - 21:07:48 | 200 |   2.02ms |  192.168.124.15 | GET      "/assets/hosts/"
[GIN] 2026/09/16 - 21:07:49 | 200 | 359.98ms |   192.168.240.2 | POST     "/monitor/alert-webhook/api/v2/alerts"
[GIN] 2026/09/16 - 21:07:53 | 200 |   2.56ms |  192.168.124.15 | GET      "/assets/hosts/"
[GIN] 2026/09/16 - 21:07:58 | 200 |   1.94ms |  192.168.124.15 | GET      "/assets/hosts/"
[GIN] 2026/09/16 - 21:08:01 | 200 |   2.53ms |  192.168.124.15 | GET      "/assets/hosts/"
[GIN] 2026/09/16 - 21:08:03 | 200 | 431.95ms |   192.168.240.2 | GET      "/monitor/prometheus/http-sd/"
[GIN] 2026/09/16 - 21:08:03 | 200 |   2.34ms |  192.168.124.15 | GET      "/assets/hosts/"
[GIN] 2026/09/16 - 21:08:08 | 200 |   2.19ms |  192.168.124.15 | GET      "/assets/hosts/"
[GIN] 2026/09/16 - 21:08:13 | 200 |   1.96ms |  192.168.124.15 | GET      "/assets/hosts/"
[GIN] 2026/09/16 - 21:08:18 | 200 |   2.05ms |  192.168.124.15 | GET      "/assets/hosts/"
[GIN] 2026/09/16 - 21:08:19 | 200 | 423.66ms |   192.168.240.2 | POST     "/monitor/alert-webhook/api/v2/alerts"
2026/09/16 21:08:20 INFO agent session ended instance_name=mysql136 session_count=18
2026/09/16 21:08:20 INFO agent session ended instance_name=pvg-esb4-201 session_count=17
2026/09/16 21:08:20 INFO agent session ended instance_name=mysql134 session_count=16
2026/09/16 21:08:20 INFO agent session ended instance_name=pvg-esb4-207 session_count=15
2026/09/16 21:08:20 INFO agent session ended instance_name=kul-tib-tomcat1 session_count=14
2026/09/16 21:08:20 INFO agent session ended instance_name=177 session_count=13
2026/09/16 21:08:20 INFO agent session ended instance_name=cdm-179 session_count=12
2026/09/16 21:08:20 INFO agent session ended instance_name=pvg4-esb-208 session_count=11
2026/09/16 21:08:20 INFO agent session ended instance_name=cdm-oracle-159 session_count=10
2026/09/16 21:08:20 INFO agent session ended instance_name=pvg-esb4-206 session_count=9
2026/09/16 21:08:20 INFO agent session ended instance_name=cgk-oracle-10 session_count=8
2026/09/16 21:08:20 INFO agent session ended instance_name=tib_nginx-208 session_count=7
2026/09/16 21:08:20 INFO agent session ended instance_name=kul-tib-tomcat2 session_count=6
2026/09/16 21:08:20 INFO agent session ended instance_name=mysql135 session_count=5
2026/09/16 21:08:20 INFO agent session ended instance_name=tib-oracle session_count=4
2026/09/16 21:08:20 INFO agent session ended instance_name=localhost session_count=3
2026/09/16 21:08:20 INFO agent session ended instance_name=tib-es-redis-209 session_count=2
2026/09/16 21:08:20 INFO agent session ended instance_name=pvg-esb4-204 session_count=1
2026/09/16 21:08:20 INFO agent session ended instance_name=pvg-esb4-202 session_count=0
2026/09/16 21:08:21 INFO agent session established instance_name=pvg-esb4-201 session_count=1
2026/09/16 21:08:21 INFO agent session established instance_name=mysql136 session_count=2
2026/09/16 21:08:21 INFO agent session established instance_name=mysql134 session_count=3
2026/09/16 21:08:21 INFO agent session established instance_name=pvg-esb4-207 session_count=4
2026/09/16 21:08:21 INFO agent session established instance_name=kul-tib-tomcat1 session_count=5
2026/09/16 21:08:21 INFO agent session established instance_name=cdm-oracle-159 session_count=6
2026/09/16 21:08:21 INFO agent session established instance_name=pvg-esb4-206 session_count=7
2026/09/16 21:08:21 INFO agent session established instance_name=177 session_count=8
2026/09/16 21:08:21 INFO agent session established instance_name=cgk-oracle-10 session_count=9
2026/09/16 21:08:21 INFO agent session established instance_name=tib_nginx-208 session_count=10
2026/09/16 21:08:21 INFO agent session established instance_name=pvg4-esb-208 session_count=11
2026/09/16 21:08:21 INFO agent session established instance_name=cdm-179 session_count=12
2026/09/16 21:08:21 INFO agent session established instance_name=mysql135 session_count=13
2026/09/16 21:08:21 INFO agent session established instance_name=kul-tib-tomcat2 session_count=14
2026/09/16 21:08:21 INFO agent session established instance_name=tib-oracle session_count=15
2026/09/16 21:08:21 INFO agent session established instance_name=localhost session_count=16
2026/09/16 21:08:21 INFO agent session established instance_name=tib-es-redis-209 session_count=17
2026/09/16 21:08:21 INFO agent session established instance_name=pvg-esb4-204 session_count=18
2026/09/16 21:08:21 INFO agent session established instance_name=pvg-esb4-202 session_count=19
[GIN] 2026/09/16 - 21:08:23 | 200 |   7.39ms |  192.168.124.15 | GET      "/assets/hosts/"
[GIN] 2026/09/16 - 21:08:28 | 200 |   4.52ms |  192.168.124.15 | GET      "/assets/hosts/"
[GIN] 2026/09/16 - 21:08:33 | 200 | 354.04ms |   192.168.240.2 | GET      "/monitor/prometheus/http-sd/"
[GIN] 2026/09/16 - 21:08:33 | 200 |   5.88ms |  192.168.124.15 | GET      "/assets/hosts/"
[GIN] 2026/09/16 - 21:08:38 | 200 |   2.87ms |  192.168.124.15 | GET      "/assets/hosts/"
[GIN] 2026/09/16 - 21:08:43 | 200 |   2.81ms |  192.168.124.15 | GET      "/assets/hosts/"
[GIN] 2026/09/16 - 21:08:48 | 200 |   4.03ms |  192.168.124.15 | GET      "/assets/hosts/"
[GIN] 2026/09/16 - 21:08:49 | 200 | 351.08ms |   192.168.240.2 | POST     "/monitor/alert-webhook/api/v2/alerts"
[GIN] 2026/09/16 - 21:08:50 | 200 | 354.42ms |   192.168.240.2 | POST     "/monitor/alert-webhook/api/v2/alerts"
[GIN] 2026/09/16 - 21:08:53 | 200 |   2.63ms |  192.168.124.15 | GET      "/assets/hosts/"
[GIN] 2026/09/16 - 21:08:58 | 200 |   3.91ms |  192.168.124.15 | GET      "/assets/hosts/"
[GIN] 2026/09/16 - 21:09:01 | 200 |   2.32ms |  192.168.124.15 | GET      "/assets/hosts/"
[GIN] 2026/09/16 - 21:09:03 | 200 | 389.19ms |   192.168.240.2 | GET      "/monitor/prometheus/http-sd/"
[GIN] 2026/09/16 - 21:09:03 | 200 |   3.92ms |  192.168.124.15 | GET      "/assets/hosts/"
[GIN] 2026/09/16 - 21:09:08 | 200 |   5.93ms |  192.168.124.15 | GET      "/assets/hosts/"
[GIN] 2026/09/16 - 21:09:13 | 200 |   4.02ms |  192.168.124.15 | GET      "/assets/hosts/"
[GIN] 2026/09/16 - 21:09:18 | 200 |   2.31ms |  192.168.124.15 | GET      "/assets/hosts/"
[GIN] 2026/09/16 - 21:09:19 | 200 | 363.69ms |   192.168.240.2 | POST     "/monitor/alert-webhook/api/v2/alerts"
[GIN] 2026/09/16 - 21:09:23 | 200 |   3.76ms |  192.168.124.15 | GET      "/assets/hosts/"
[GIN] 2026/09/16 - 21:09:28 | 200 |    2.7ms |  192.168.124.15 | GET      "/assets/hosts/"
[GIN] 2026/09/16 - 21:09:32 | 200 | 334.49ms |   192.168.240.2 | GET      "/monitor/prometheus/http-sd/"
[GIN] 2026/09/16 - 21:09:33 | 200 |   4.58ms |  192.168.124.15 | GET      "/assets/hosts/"
[GIN] 2026/09/16 - 21:09:38 | 200 |   4.27ms |  192.168.124.15 | GET      "/assets/hosts/"
[GIN] 2026/09/16 - 21:09:43 | 200 |   4.08ms |  192.168.124.15 | GET      "/assets/hosts/"
[GIN] 2026/09/16 - 21:09:48 | 200 |   2.35ms |  192.168.124.15 | GET      "/assets/hosts/"
[GIN] 2026/09/16 - 21:09:49 | 200 | 360.41ms |   192.168.240.2 | POST     "/monitor/alert-webhook/api/v2/alerts"
2026/09/16 21:09:52 INFO agent session ended instance_name=pvg-esb4-201 session_count=18
2026/09/16 21:09:52 INFO agent session ended instance_name=cdm-oracle-159 session_count=17
2026/09/16 21:09:52 INFO agent session ended instance_name=pvg-esb4-206 session_count=16
2026/09/16 21:09:52 INFO agent session ended instance_name=mysql136 session_count=15
2026/09/16 21:09:52 INFO agent session ended instance_name=pvg4-esb-208 session_count=14
2026/09/16 21:09:52 INFO agent session ended instance_name=cdm-179 session_count=13
2026/09/16 21:09:52 INFO agent session ended instance_name=pvg-esb4-207 session_count=12
2026/09/16 21:09:52 INFO agent session ended instance_name=tib_nginx-208 session_count=11
2026/09/16 21:09:52 INFO agent session ended instance_name=mysql135 session_count=10
2026/09/16 21:09:52 INFO agent session ended instance_name=mysql134 session_count=9
2026/09/16 21:09:52 INFO agent session ended instance_name=kul-tib-tomcat1 session_count=8
2026/09/16 21:09:52 INFO agent session ended instance_name=localhost session_count=7
2026/09/16 21:09:52 INFO agent session ended instance_name=pvg-esb4-204 session_count=6
2026/09/16 21:09:52 INFO agent session ended instance_name=tib-es-redis-209 session_count=5
2026/09/16 21:09:52 INFO agent session ended instance_name=kul-tib-tomcat2 session_count=4
2026/09/16 21:09:52 INFO agent session ended instance_name=cgk-oracle-10 session_count=3
2026/09/16 21:09:52 INFO agent session ended instance_name=177 session_count=2
2026/09/16 21:09:52 INFO agent session ended instance_name=pvg-esb4-202 session_count=1
2026/09/16 21:09:52 INFO agent session ended instance_name=tib-oracle session_count=0
2026/09/16 21:09:53 INFO agent session established instance_name=pvg-esb4-201 session_count=1
2026/09/16 21:09:53 INFO agent session established instance_name=cdm-oracle-159 session_count=2
2026/09/16 21:09:53 INFO agent session established instance_name=mysql136 session_count=3
2026/09/16 21:09:53 INFO agent session established instance_name=tib_nginx-208 session_count=4
2026/09/16 21:09:53 INFO agent session established instance_name=pvg4-esb-208 session_count=5
2026/09/16 21:09:53 INFO agent session established instance_name=cdm-179 session_count=6
2026/09/16 21:09:53 INFO agent session established instance_name=mysql135 session_count=8
2026/09/16 21:09:53 INFO agent session established instance_name=pvg-esb4-207 session_count=7
2026/09/16 21:09:53 INFO agent session established instance_name=mysql134 session_count=9
2026/09/16 21:09:53 INFO agent session established instance_name=pvg-esb4-206 session_count=10
2026/09/16 21:09:53 INFO agent session established instance_name=kul-tib-tomcat1 session_count=11
2026/09/16 21:09:53 INFO agent session established instance_name=localhost session_count=12
2026/09/16 21:09:53 INFO agent session established instance_name=kul-tib-tomcat2 session_count=13
2026/09/16 21:09:53 INFO agent session established instance_name=tib-es-redis-209 session_count=14
2026/09/16 21:09:53 INFO agent session established instance_name=pvg-esb4-204 session_count=15
2026/09/16 21:09:53 INFO agent session established instance_name=cgk-oracle-10 session_count=16
2026/09/16 21:09:53 INFO agent session established instance_name=177 session_count=17
2026/09/16 21:09:53 INFO agent session established instance_name=pvg-esb4-202 session_count=18
2026/09/16 21:09:53 INFO agent session established instance_name=tib-oracle session_count=19
[GIN] 2026/09/16 - 21:09:53 | 200 |   4.62ms |  192.168.124.15 | GET      "/assets/hosts/"
[GIN] 2026/09/16 - 21:09:58 | 200 |   3.86ms |  192.168.124.15 | GET      "/assets/hosts/"
[GIN] 2026/09/16 - 21:10:01 | 200 |   2.39ms |  192.168.124.15 | GET      "/assets/hosts/"
[GIN] 2026/09/16 - 21:10:03 | 200 | 398.79ms |   192.168.240.2 | GET      "/monitor/prometheus/http-sd/"
[GIN] 2026/09/16 - 21:10:03 | 200 |   2.27ms |  192.168.124.15 | GET      "/assets/hosts/"
[GIN] 2026/09/16 - 21:10:08 | 200 |      3ms |  192.168.124.15 | GET      "/assets/hosts/"
[GIN] 2026/09/16 - 21:10:13 | 200 |   2.12ms |  192.168.124.15 | GET      "/assets/hosts/"
[GIN] 2026/09/16 - 21:10:18 | 200 |   3.09ms |  192.168.124.15 | GET      "/assets/hosts/"
[GIN] 2026/09/16 - 21:10:19 | 200 |  433.6ms |   192.168.240.2 | POST     "/monitor/alert-webhook/api/v2/alerts"
[GIN] 2026/09/16 - 21:10:20 | 200 | 366.03ms |   192.168.240.2 | POST     "/monitor/alert-webhook/api/v2/alerts"
[GIN] 2026/09/16 - 21:10:23 | 200 |   2.28ms |  192.168.124.15 | GET      "/assets/hosts/"
[GIN] 2026/09/16 - 21:10:28 | 200 |   3.49ms |  192.168.124.15 | GET      "/assets/hosts/"
[GIN] 2026/09/16 - 21:10:33 | 200 | 341.42ms |   192.168.240.2 | GET      "/monitor/prometheus/http-sd/"
[GIN] 2026/09/16 - 21:10:33 | 200 |   2.39ms |  192.168.124.15 | GET      "/assets/hosts/"
[GIN] 2026/09/16 - 21:10:38 | 200 |   2.08ms |  192.168.124.15 | GET      "/assets/hosts/"
[GIN] 2026/09/16 - 21:10:43 | 200 |   4.17ms |  192.168.124.15 | GET      "/assets/hosts/"
[GIN] 2026/09/16 - 21:10:48 | 200 |   2.45ms |  192.168.124.15 | GET      "/assets/hosts/"
[GIN] 2026/09/16 - 21:10:49 | 200 | 354.66ms |   192.168.240.2 | POST     "/monitor/alert-webhook/api/v2/alerts"
[GIN] 2026/09/16 - 21:10:53 | 200 |   2.19ms |  192.168.124.15 | GET      "/assets/hosts/"
[GIN] 2026/09/16 - 21:10:58 | 200 |    2.1ms |  192.168.124.15 | GET      "/assets/hosts/"
[GIN] 2026/09/16 - 21:11:01 | 200 |   1.91ms |  192.168.124.15 | GET      "/assets/hosts/"
[GIN] 2026/09/16 - 21:11:03 | 200 | 359.49ms |   192.168.240.2 | GET      "/monitor/prometheus/http-sd/"
[GIN] 2026/09/16 - 21:11:03 | 200 |   2.58ms |  192.168.124.15 | GET      "/assets/hosts/"
[GIN] 2026/09/16 - 21:11:08 | 200 |   4.02ms |  192.168.124.15 | GET      "/assets/hosts/"
[GIN] 2026/09/16 - 21:11:13 | 200 |   2.92ms |  192.168.124.15 | GET      "/assets/hosts/"
[GIN] 2026/09/16 - 21:11:18 | 200 |   2.03ms |  192.168.124.15 | GET      "/assets/hosts/"
[GIN] 2026/09/16 - 21:11:19 | 200 | 372.14ms |   192.168.240.2 | POST     "/monitor/alert-webhook/api/v2/alerts"
[GIN] 2026/09/16 - 21:11:23 | 200 |   3.15ms |  192.168.124.15 | GET      "/assets/hosts/"
2026/09/16 21:11:24 INFO agent session ended instance_name=pvg-esb4-201 session_count=18
2026/09/16 21:11:24 INFO agent session ended instance_name=mysql136 session_count=17
2026/09/16 21:11:24 INFO agent session ended instance_name=cdm-oracle-159 session_count=16
2026/09/16 21:11:24 INFO agent session ended instance_name=mysql134 session_count=15
2026/09/16 21:11:24 INFO agent session ended instance_name=kul-tib-tomcat1 session_count=14
2026/09/16 21:11:24 INFO agent session ended instance_name=pvg-esb4-202 session_count=13
2026/09/16 21:11:24 INFO agent session ended instance_name=tib_nginx-208 session_count=12
2026/09/16 21:11:24 INFO agent session ended instance_name=pvg4-esb-208 session_count=11
2026/09/16 21:11:24 INFO agent session ended instance_name=pvg-esb4-204 session_count=10
2026/09/16 21:11:24 INFO agent session ended instance_name=cdm-179 session_count=9
2026/09/16 21:11:24 INFO agent session ended instance_name=mysql135 session_count=8
2026/09/16 21:11:24 INFO agent session ended instance_name=kul-tib-tomcat2 session_count=7
2026/09/16 21:11:24 INFO agent session ended instance_name=localhost session_count=6
2026/09/16 21:11:24 INFO agent session ended instance_name=pvg-esb4-207 session_count=5
2026/09/16 21:11:24 INFO agent session ended instance_name=pvg-esb4-206 session_count=4
2026/09/16 21:11:24 INFO agent session ended instance_name=tib-es-redis-209 session_count=3
2026/09/16 21:11:24 INFO agent session ended instance_name=177 session_count=2
2026/09/16 21:11:24 INFO agent session ended instance_name=tib-oracle session_count=1
2026/09/16 21:11:24 INFO agent session ended instance_name=cgk-oracle-10 session_count=0
2026/09/16 21:11:25 INFO agent session established instance_name=pvg-esb4-201 session_count=1
2026/09/16 21:11:25 INFO agent session established instance_name=mysql136 session_count=2
2026/09/16 21:11:25 INFO agent session established instance_name=cdm-oracle-159 session_count=3
2026/09/16 21:11:25 INFO agent session established instance_name=mysql134 session_count=4
2026/09/16 21:11:25 INFO agent session established instance_name=kul-tib-tomcat1 session_count=5
2026/09/16 21:11:25 INFO agent session established instance_name=pvg4-esb-208 session_count=6
2026/09/16 21:11:25 INFO agent session established instance_name=pvg-esb4-202 session_count=7
2026/09/16 21:11:25 INFO agent session established instance_name=tib_nginx-208 session_count=8
2026/09/16 21:11:25 INFO agent session established instance_name=cdm-179 session_count=9
2026/09/16 21:11:25 INFO agent session established instance_name=pvg-esb4-204 session_count=10
2026/09/16 21:11:25 INFO agent session established instance_name=mysql135 session_count=11
2026/09/16 21:11:25 INFO agent session established instance_name=localhost session_count=12
2026/09/16 21:11:25 INFO agent session established instance_name=kul-tib-tomcat2 session_count=13
2026/09/16 21:11:25 INFO agent session established instance_name=pvg-esb4-206 session_count=14
2026/09/16 21:11:25 INFO agent session established instance_name=pvg-esb4-207 session_count=15
2026/09/16 21:11:25 INFO agent session established instance_name=tib-es-redis-209 session_count=16
2026/09/16 21:11:25 INFO agent session established instance_name=177 session_count=17
2026/09/16 21:11:25 INFO agent session established instance_name=tib-oracle session_count=18
2026/09/16 21:11:25 INFO agent session established instance_name=cgk-oracle-10 session_count=19
[GIN] 2026/09/16 - 21:11:28 | 200 |   2.64ms |  192.168.124.15 | GET      "/assets/hosts/"
[GIN] 2026/09/16 - 21:11:33 | 200 | 343.43ms |   192.168.240.2 | GET      "/monitor/prometheus/http-sd/"
[GIN] 2026/09/16 - 21:11:33 | 200 |   2.37ms |  192.168.124.15 | GET      "/assets/hosts/"
[GIN] 2026/09/16 - 21:11:38 | 200 |   3.72ms |  192.168.124.15 | GET      "/assets/hosts/"
[GIN] 2026/09/16 - 21:11:43 | 200 |   2.03ms |  192.168.124.15 | GET      "/assets/hosts/"
[GIN] 2026/09/16 - 21:11:48 | 200 |    3.9ms |  192.168.124.15 | GET      "/assets/hosts/"
[GIN] 2026/09/16 - 21:11:49 | 200 | 464.45ms |   192.168.240.2 | POST     "/monitor/alert-webhook/api/v2/alerts"
[GIN] 2026/09/16 - 21:11:50 | 200 | 347.27ms |   192.168.240.2 | POST     "/monitor/alert-webhook/api/v2/alerts"
[GIN] 2026/09/16 - 21:11:53 | 200 |    2.1ms |  192.168.124.15 | GET      "/assets/hosts/"
[GIN] 2026/09/16 - 21:11:58 | 200 |   2.33ms |  192.168.124.15 | GET      "/assets/hosts/"
[GIN] 2026/09/16 - 21:12:01 | 200 |   1.88ms |  192.168.124.15 | GET      "/assets/hosts/"
[GIN] 2026/09/16 - 21:12:03 | 200 | 347.94ms |   192.168.240.2 | GET      "/monitor/prometheus/http-sd/"
[GIN] 2026/09/16 - 21:12:03 | 200 |   6.31ms |  192.168.124.15 | GET      "/assets/hosts/"
[GIN] 2026/09/16 - 21:12:08 | 200 |   2.12ms |  192.168.124.15 | GET      "/assets/hosts/"
[GIN] 2026/09/16 - 21:12:13 | 200 |    2.9ms |  192.168.124.15 | GET      "/assets/hosts/"
[GIN] 2026/09/16 - 21:12:18 | 200 |   2.28ms |  192.168.124.15 | GET      "/assets/hosts/"
[GIN] 2026/09/16 - 21:12:19 | 200 | 352.76ms |   192.168.240.2 | POST     "/monitor/alert-webhook/api/v2/alerts"
[GIN] 2026/09/16 - 21:12:23 | 200 |   1.95ms |  192.168.124.15 | GET      "/assets/hosts/"
[GIN] 2026/09/16 - 21:12:28 | 200 |   1.86ms |  192.168.124.15 | GET      "/assets/hosts/"
[GIN] 2026/09/16 - 21:12:33 | 200 | 399.21ms |   192.168.240.2 | GET      "/monitor/prometheus/http-sd/"
[GIN] 2026/09/16 - 21:12:33 | 200 |   3.81ms |  192.168.124.15 | GET      "/assets/hosts/"
[GIN] 2026/09/16 - 21:12:38 | 200 |   4.45ms |  192.168.124.15 | GET      "/assets/hosts/"
[GIN] 2026/09/16 - 21:12:43 | 200 |    4.4ms |  192.168.124.15 | GET      "/assets/hosts/"
[GIN] 2026/09/16 - 21:12:48 | 200 |   1.98ms |  192.168.124.15 | GET      "/assets/hosts/"
[GIN] 2026/09/16 - 21:12:49 | 200 | 363.15ms |   192.168.240.2 | POST     "/monitor/alert-webhook/api/v2/alerts"
[GIN] 2026/09/16 - 21:12:53 | 200 |   2.39ms |  192.168.124.15 | GET      "/assets/hosts/"
2026/09/16 21:12:56 INFO agent session ended instance_name=pvg-esb4-201 session_count=18
2026/09/16 21:12:56 INFO agent session ended instance_name=tib_nginx-208 session_count=17
2026/09/16 21:12:56 INFO agent session ended instance_name=mysql134 session_count=16
2026/09/16 21:12:56 INFO agent session ended instance_name=pvg4-esb-208 session_count=15
2026/09/16 21:12:56 INFO agent session ended instance_name=cdm-oracle-159 session_count=14
2026/09/16 21:12:56 INFO agent session ended instance_name=kul-tib-tomcat1 session_count=13
2026/09/16 21:12:56 INFO agent session ended instance_name=mysql136 session_count=12
2026/09/16 21:12:56 INFO agent session ended instance_name=pvg-esb4-202 session_count=11
2026/09/16 21:12:56 INFO agent session ended instance_name=mysql135 session_count=10
2026/09/16 21:12:56 INFO agent session ended instance_name=localhost session_count=9
2026/09/16 21:12:56 INFO agent session ended instance_name=pvg-esb4-204 session_count=8
2026/09/16 21:12:56 INFO agent session ended instance_name=pvg-esb4-207 session_count=7
2026/09/16 21:12:56 INFO agent session ended instance_name=tib-es-redis-209 session_count=6
2026/09/16 21:12:56 INFO agent session ended instance_name=tib-oracle session_count=5
2026/09/16 21:12:56 INFO agent session ended instance_name=kul-tib-tomcat2 session_count=4
2026/09/16 21:12:56 INFO agent session ended instance_name=cdm-179 session_count=3
2026/09/16 21:12:56 INFO agent session ended instance_name=177 session_count=2
2026/09/16 21:12:56 INFO agent session ended instance_name=pvg-esb4-206 session_count=1
2026/09/16 21:12:56 INFO agent session ended instance_name=cgk-oracle-10 session_count=0
2026/09/16 21:12:57 INFO agent session established instance_name=pvg-esb4-201 session_count=1
2026/09/16 21:12:57 INFO agent session established instance_name=tib_nginx-208 session_count=2
2026/09/16 21:12:57 INFO agent session established instance_name=mysql134 session_count=3
2026/09/16 21:12:57 INFO agent session established instance_name=pvg4-esb-208 session_count=4
2026/09/16 21:12:57 INFO agent session established instance_name=cdm-oracle-159 session_count=5
2026/09/16 21:12:57 INFO agent session established instance_name=kul-tib-tomcat1 session_count=6
2026/09/16 21:12:57 INFO agent session established instance_name=mysql136 session_count=7
2026/09/16 21:12:57 INFO agent session established instance_name=mysql135 session_count=8
2026/09/16 21:12:57 INFO agent session established instance_name=pvg-esb4-202 session_count=9
2026/09/16 21:12:57 INFO agent session established instance_name=localhost session_count=10
2026/09/16 21:12:57 INFO agent session established instance_name=pvg-esb4-204 session_count=11
2026/09/16 21:12:57 INFO agent session established instance_name=pvg-esb4-207 session_count=12
2026/09/16 21:12:57 INFO agent session established instance_name=tib-oracle session_count=13
2026/09/16 21:12:57 INFO agent session established instance_name=tib-es-redis-209 session_count=15
2026/09/16 21:12:57 INFO agent session established instance_name=kul-tib-tomcat2 session_count=14
2026/09/16 21:12:57 INFO agent session established instance_name=cdm-179 session_count=16
2026/09/16 21:12:57 INFO agent session established instance_name=pvg-esb4-206 session_count=17
2026/09/16 21:12:57 INFO agent session established instance_name=177 session_count=18
2026/09/16 21:12:57 INFO agent session established instance_name=cgk-oracle-10 session_count=19
[GIN] 2026/09/16 - 21:12:58 | 200 |   2.34ms |  192.168.124.15 | GET      "/assets/hosts/"
[GIN] 2026/09/16 - 21:13:01 | 200 |   2.67ms |  192.168.124.15 | GET      "/assets/hosts/"
[GIN] 2026/09/16 - 21:13:03 | 200 | 348.75ms |   192.168.240.2 | GET      "/monitor/prometheus/http-sd/"
[GIN] 2026/09/16 - 21:13:03 | 200 |   3.55ms |  192.168.124.15 | GET      "/assets/hosts/"
[GIN] 2026/09/16 - 21:13:08 | 200 |   2.45ms |  192.168.124.15 | GET      "/assets/hosts/"
[GIN] 2026/09/16 - 21:13:13 | 200 |   2.08ms |  192.168.124.15 | GET      "/assets/hosts/"
[GIN] 2026/09/16 - 21:13:18 | 200 |   2.05ms |  192.168.124.15 | GET      "/assets/hosts/"
[GIN] 2026/09/16 - 21:13:19 | 200 | 355.73ms |   192.168.240.2 | POST     "/monitor/alert-webhook/api/v2/alerts"
[GIN] 2026/09/16 - 21:13:20 | 200 | 356.89ms |   192.168.240.2 | POST     "/monitor/alert-webhook/api/v2/alerts"
[GIN] 2026/09/16 - 21:13:23 | 200 |   2.21ms |  192.168.124.15 | GET      "/assets/hosts/"
[GIN] 2026/09/16 - 21:13:28 | 200 |   5.58ms |  192.168.124.15 | GET      "/assets/hosts/"
[GIN] 2026/09/16 - 21:13:32 | 200 |  339.3ms |   192.168.240.2 | GET      "/monitor/prometheus/http-sd/"
[GIN] 2026/09/16 - 21:13:33 | 200 |   2.69ms |  192.168.124.15 | GET      "/assets/hosts/"
[GIN] 2026/09/16 - 21:13:38 | 200 |   2.38ms |  192.168.124.15 | GET      "/assets/hosts/"
[GIN] 2026/09/16 - 21:13:43 | 200 |      2ms |  192.168.124.15 | GET      "/assets/hosts/"
[GIN] 2026/09/16 - 21:13:48 | 200 |   3.94ms |  192.168.124.15 | GET      "/assets/hosts/"
[GIN] 2026/09/16 - 21:13:49 | 200 | 354.98ms |   192.168.240.2 | POST     "/monitor/alert-webhook/api/v2/alerts"
[GIN] 2026/09/16 - 21:13:53 | 200 |   2.05ms |  192.168.124.15 | GET      "/assets/hosts/"
[GIN] 2026/09/16 - 21:13:58 | 200 |   2.59ms |  192.168.124.15 | GET      "/assets/hosts/"
[GIN] 2026/09/16 - 21:14:01 | 200 |   2.26ms |  192.168.124.15 | GET      "/assets/hosts/"
[GIN] 2026/09/16 - 21:14:03 | 200 | 430.93ms |   192.168.240.2 | GET      "/monitor/prometheus/http-sd/"
[GIN] 2026/09/16 - 21:14:03 | 200 |   7.03ms |  192.168.124.15 | GET      "/assets/hosts/"
[GIN] 2026/09/16 - 21:14:08 | 200 |    3.8ms |  192.168.124.15 | GET      "/assets/hosts/"
[GIN] 2026/09/16 - 21:14:13 | 200 |   2.25ms |  192.168.124.15 | GET      "/assets/hosts/"
[GIN] 2026/09/16 - 21:14:18 | 200 |   3.52ms |  192.168.124.15 | GET      "/assets/hosts/"
[GIN] 2026/09/16 - 21:14:23 | 200 |    4.3ms |  192.168.124.15 | GET      "/assets/hosts/"
2026/09/16 21:14:28 INFO agent session ended instance_name=pvg-esb4-201 session_count=18
2026/09/16 21:14:28 INFO agent session ended instance_name=tib_nginx-208 session_count=17
2026/09/16 21:14:28 INFO agent session ended instance_name=mysql134 session_count=16
2026/09/16 21:14:28 INFO agent session ended instance_name=cdm-oracle-159 session_count=15
2026/09/16 21:14:28 INFO agent session ended instance_name=kul-tib-tomcat1 session_count=14
2026/09/16 21:14:28 INFO agent session ended instance_name=pvg4-esb-208 session_count=13
2026/09/16 21:14:28 INFO agent session ended instance_name=mysql136 session_count=12
2026/09/16 21:14:28 INFO agent session ended instance_name=pvg-esb4-202 session_count=11
2026/09/16 21:14:28 INFO agent session ended instance_name=pvg-esb4-207 session_count=10
2026/09/16 21:14:28 INFO agent session ended instance_name=mysql135 session_count=9
2026/09/16 21:14:28 INFO agent session ended instance_name=177 session_count=8
2026/09/16 21:14:28 INFO agent session ended instance_name=cdm-179 session_count=7
2026/09/16 21:14:28 INFO agent session ended instance_name=localhost session_count=6
2026/09/16 21:14:28 INFO agent session ended instance_name=pvg-esb4-204 session_count=5
2026/09/16 21:14:28 INFO agent session ended instance_name=kul-tib-tomcat2 session_count=4
2026/09/16 21:14:28 INFO agent session ended instance_name=tib-oracle session_count=3
2026/09/16 21:14:28 INFO agent session ended instance_name=tib-es-redis-209 session_count=2
2026/09/16 21:14:28 INFO agent session ended instance_name=pvg-esb4-206 session_count=1
2026/09/16 21:14:28 INFO agent session ended instance_name=cgk-oracle-10 session_count=0
[GIN] 2026/09/16 - 21:14:28 | 200 |   3.94ms |  192.168.124.15 | GET      "/assets/hosts/"
2026/09/16 21:14:29 INFO agent session established instance_name=pvg-esb4-201 session_count=1
2026/09/16 21:14:29 INFO agent session established instance_name=tib_nginx-208 session_count=2
2026/09/16 21:14:29 INFO agent session established instance_name=mysql134 session_count=3
2026/09/16 21:14:29 INFO agent session established instance_name=cdm-oracle-159 session_count=4
2026/09/16 21:14:29 INFO agent session established instance_name=kul-tib-tomcat1 session_count=5
2026/09/16 21:14:29 INFO agent session established instance_name=pvg4-esb-208 session_count=6
2026/09/16 21:14:29 INFO agent session established instance_name=mysql136 session_count=7
2026/09/16 21:14:29 INFO agent session established instance_name=pvg-esb4-202 session_count=8
2026/09/16 21:14:29 INFO agent session established instance_name=pvg-esb4-207 session_count=9
2026/09/16 21:14:29 INFO agent session established instance_name=mysql135 session_count=10
2026/09/16 21:14:29 INFO agent session established instance_name=177 session_count=11
2026/09/16 21:14:29 INFO agent session established instance_name=cdm-179 session_count=12
2026/09/16 21:14:29 INFO agent session established instance_name=localhost session_count=13
2026/09/16 21:14:29 INFO agent session established instance_name=kul-tib-tomcat2 session_count=14
2026/09/16 21:14:29 INFO agent session established instance_name=pvg-esb4-204 session_count=15
2026/09/16 21:14:29 INFO agent session established instance_name=tib-oracle session_count=16
2026/09/16 21:14:29 INFO agent session established instance_name=tib-es-redis-209 session_count=17
2026/09/16 21:14:29 INFO agent session established instance_name=pvg-esb4-206 session_count=18
2026/09/16 21:14:29 INFO agent session established instance_name=cgk-oracle-10 session_count=19
[GIN] 2026/09/16 - 21:14:32 | 200 | 337.29ms |   192.168.240.2 | GET      "/monitor/prometheus/http-sd/"
[GIN] 2026/09/16 - 21:14:33 | 200 |   3.31ms |  192.168.124.15 | GET      "/assets/hosts/"
[GIN] 2026/09/16 - 21:14:38 | 200 |   2.27ms |  192.168.124.15 | GET      "/assets/hosts/"
[GIN] 2026/09/16 - 21:14:43 | 200 |   2.02ms |  192.168.124.15 | GET      "/assets/hosts/"
[GIN] 2026/09/16 - 21:14:48 | 200 |   2.15ms |  192.168.124.15 | GET      "/assets/hosts/"
[GIN] 2026/09/16 - 21:14:49 | 200 | 403.08ms |   192.168.240.2 | POST     "/monitor/alert-webhook/api/v2/alerts"
[GIN] 2026/09/16 - 21:14:50 | 200 | 351.54ms |   192.168.240.2 | POST     "/monitor/alert-webhook/api/v2/alerts"
[GIN] 2026/09/16 - 21:14:53 | 200 |   2.25ms |  192.168.124.15 | GET      "/assets/hosts/"
[GIN] 2026/09/16 - 21:14:58 | 200 |   3.26ms |  192.168.124.15 | GET      "/assets/hosts/"
[GIN] 2026/09/16 - 21:15:01 | 200 |   2.25ms |  192.168.124.15 | GET      "/assets/hosts/"
[GIN] 2026/09/16 - 21:15:03 | 200 | 390.05ms |   192.168.240.2 | GET      "/monitor/prometheus/http-sd/"
[GIN] 2026/09/16 - 21:15:03 | 200 |   2.06ms |  192.168.124.15 | GET      "/assets/hosts/"
[GIN] 2026/09/16 - 21:15:08 | 200 |   2.49ms |  192.168.124.15 | GET      "/assets/hosts/"
[GIN] 2026/09/16 - 21:15:13 | 200 |   3.39ms |  192.168.124.15 | GET      "/assets/hosts/"
[GIN] 2026/09/16 - 21:15:18 | 200 |   2.54ms |  192.168.124.15 | GET      "/assets/hosts/"
[GIN] 2026/09/16 - 21:15:19 | 200 | 350.68ms |   192.168.240.2 | POST     "/monitor/alert-webhook/api/v2/alerts"
[GIN] 2026/09/16 - 21:15:23 | 200 |   3.01ms |  192.168.124.15 | GET      "/assets/hosts/"
[GIN] 2026/09/16 - 21:15:28 | 200 |   2.18ms |  192.168.124.15 | GET      "/assets/hosts/"
[GIN] 2026/09/16 - 21:15:33 | 200 | 373.65ms |   192.168.240.2 | GET      "/monitor/prometheus/http-sd/"
[GIN] 2026/09/16 - 21:15:33 | 200 |   1.97ms |  192.168.124.15 | GET      "/assets/hosts/"
[GIN] 2026/09/16 - 21:15:38 | 200 |   1.94ms |  192.168.124.15 | GET      "/assets/hosts/"
[GIN] 2026/09/16 - 21:15:43 | 200 |   2.09ms |  192.168.124.15 | GET      "/assets/hosts/"
[GIN] 2026/09/16 - 21:15:48 | 200 |   3.67ms |  192.168.124.15 | GET      "/assets/hosts/"
[GIN] 2026/09/16 - 21:15:53 | 200 |   3.45ms |  192.168.124.15 | GET      "/assets/hosts/"
[GIN] 2026/09/16 - 21:15:58 | 200 |   4.47ms |  192.168.124.15 | GET      "/assets/hosts/"
2026/09/16 21:16:00 INFO agent session ended instance_name=pvg-esb4-201 session_count=18
2026/09/16 21:16:00 INFO agent session ended instance_name=tib_nginx-208 session_count=17
2026/09/16 21:16:00 INFO agent session ended instance_name=cdm-oracle-159 session_count=16
2026/09/16 21:16:00 INFO agent session ended instance_name=mysql134 session_count=15
2026/09/16 21:16:00 INFO agent session ended instance_name=pvg4-esb-208 session_count=14
2026/09/16 21:16:00 INFO agent session ended instance_name=kul-tib-tomcat1 session_count=13
2026/09/16 21:16:00 INFO agent session ended instance_name=pvg-esb4-202 session_count=12
2026/09/16 21:16:00 INFO agent session ended instance_name=cdm-179 session_count=11
2026/09/16 21:16:00 INFO agent session ended instance_name=mysql135 session_count=10
2026/09/16 21:16:00 INFO agent session ended instance_name=177 session_count=9
2026/09/16 21:16:00 INFO agent session ended instance_name=mysql136 session_count=8
2026/09/16 21:16:00 INFO agent session ended instance_name=pvg-esb4-207 session_count=7
2026/09/16 21:16:00 INFO agent session ended instance_name=pvg-esb4-206 session_count=6
2026/09/16 21:16:00 INFO agent session ended instance_name=tib-es-redis-209 session_count=5
2026/09/16 21:16:00 INFO agent session ended instance_name=localhost session_count=4
2026/09/16 21:16:00 INFO agent session ended instance_name=pvg-esb4-204 session_count=3
2026/09/16 21:16:00 INFO agent session ended instance_name=kul-tib-tomcat2 session_count=2
2026/09/16 21:16:00 INFO agent session ended instance_name=tib-oracle session_count=1
2026/09/16 21:16:00 INFO agent session ended instance_name=cgk-oracle-10 session_count=0
2026/09/16 21:16:01 INFO agent session established instance_name=pvg-esb4-201 session_count=1
2026/09/16 21:16:01 INFO agent session established instance_name=tib_nginx-208 session_count=2
2026/09/16 21:16:01 INFO agent session established instance_name=cdm-oracle-159 session_count=3
2026/09/16 21:16:01 INFO agent session established instance_name=mysql134 session_count=4
2026/09/16 21:16:01 INFO agent session established instance_name=pvg4-esb-208 session_count=5
2026/09/16 21:16:01 INFO agent session established instance_name=kul-tib-tomcat1 session_count=6
2026/09/16 21:16:01 INFO agent session established instance_name=pvg-esb4-202 session_count=7
2026/09/16 21:16:01 INFO agent session established instance_name=cdm-179 session_count=8
2026/09/16 21:16:01 INFO agent session established instance_name=mysql135 session_count=9
2026/09/16 21:16:01 INFO agent session established instance_name=177 session_count=10
2026/09/16 21:16:01 INFO agent session established instance_name=pvg-esb4-207 session_count=11
2026/09/16 21:16:01 INFO agent session established instance_name=mysql136 session_count=12
2026/09/16 21:16:01 INFO agent session established instance_name=pvg-esb4-206 session_count=13
2026/09/16 21:16:01 INFO agent session established instance_name=tib-es-redis-209 session_count=14
2026/09/16 21:16:01 INFO agent session established instance_name=localhost session_count=15
2026/09/16 21:16:01 INFO agent session established instance_name=pvg-esb4-204 session_count=16
2026/09/16 21:16:01 INFO agent session established instance_name=kul-tib-tomcat2 session_count=17
2026/09/16 21:16:01 INFO agent session established instance_name=tib-oracle session_count=18
2026/09/16 21:16:01 INFO agent session established instance_name=cgk-oracle-10 session_count=19
[GIN] 2026/09/16 - 21:16:01 | 200 |   2.03ms |  192.168.124.15 | GET      "/assets/hosts/"
[GIN] 2026/09/16 - 21:16:03 | 200 | 373.08ms |   192.168.240.2 | GET      "/monitor/prometheus/http-sd/"
[GIN] 2026/09/16 - 21:16:03 | 200 |   2.63ms |  192.168.124.15 | GET      "/assets/hosts/"
[GIN] 2026/09/16 - 21:16:08 | 200 |   2.38ms |  192.168.124.15 | GET      "/assets/hosts/"
[GIN] 2026/09/16 - 21:16:13 | 200 |   1.96ms |  192.168.124.15 | GET      "/assets/hosts/"
[GIN] 2026/09/16 - 21:16:18 | 200 |   1.85ms |  192.168.124.15 | GET      "/assets/hosts/"
[GIN] 2026/09/16 - 21:16:19 | 200 | 384.76ms |   192.168.240.2 | POST     "/monitor/alert-webhook/api/v2/alerts"
[GIN] 2026/09/16 - 21:16:20 | 200 | 360.07ms |   192.168.240.2 | POST     "/monitor/alert-webhook/api/v2/alerts"
[GIN] 2026/09/16 - 21:16:23 | 200 |   2.55ms |  192.168.124.15 | GET      "/assets/hosts/"
[GIN] 2026/09/16 - 21:16:28 | 200 |   4.46ms |  192.168.124.15 | GET      "/assets/hosts/"
[GIN] 2026/09/16 - 21:16:33 | 200 | 375.74ms |   192.168.240.2 | GET      "/monitor/prometheus/http-sd/"
[GIN] 2026/09/16 - 21:16:33 | 200 |   2.97ms |  192.168.124.15 | GET      "/assets/hosts/"
[GIN] 2026/09/16 - 21:16:38 | 200 |   2.36ms |  192.168.124.15 | GET      "/assets/hosts/"
[GIN] 2026/09/16 - 21:16:43 | 200 |   2.09ms |  192.168.124.15 | GET      "/assets/hosts/"
[GIN] 2026/09/16 - 21:16:48 | 200 |   2.33ms |  192.168.124.15 | GET      "/assets/hosts/"
[GIN] 2026/09/16 - 21:16:49 | 200 | 341.48ms |   192.168.240.2 | POST     "/monitor/alert-webhook/api/v2/alerts"
[GIN] 2026/09/16 - 21:16:53 | 200 |   3.15ms |  192.168.124.15 | GET      "/assets/hosts/"
[GIN] 2026/09/16 - 21:16:58 | 200 |   5.57ms |  192.168.124.15 | GET      "/assets/hosts/"
[GIN] 2026/09/16 - 21:17:01 | 200 |   1.89ms |  192.168.124.15 | GET      "/assets/hosts/"
[GIN] 2026/09/16 - 21:17:03 | 200 | 383.29ms |   192.168.240.2 | GET      "/monitor/prometheus/http-sd/"
[GIN] 2026/09/16 - 21:17:03 | 200 |   2.86ms |  192.168.124.15 | GET      "/assets/hosts/"
[GIN] 2026/09/16 - 21:17:08 | 200 |   2.07ms |  192.168.124.15 | GET      "/assets/hosts/"
[GIN] 2026/09/16 - 21:17:13 | 200 |   3.04ms |  192.168.124.15 | GET      "/assets/hosts/"
[GIN] 2026/09/16 - 21:17:18 | 200 |      2ms |  192.168.124.15 | GET      "/assets/hosts/"
[GIN] 2026/09/16 - 21:17:23 | 200 |   1.82ms |  192.168.124.15 | GET      "/assets/hosts/"
2026/09/16 21:17:26 INFO agent session ended instance_name=pvg-esb4-201 session_count=18
2026/09/16 21:17:26 INFO agent session ended instance_name=pvg-esb4-202 session_count=11
2026/09/16 21:17:26 INFO agent session ended instance_name=mysql134 session_count=17
2026/09/16 21:17:26 INFO agent session ended instance_name=pvg-esb4-204 session_count=16
2026/09/16 21:17:26 INFO agent session ended instance_name=cgk-oracle-10 session_count=14
2026/09/16 21:17:26 INFO agent session ended instance_name=pvg-esb4-207 session_count=15
2026/09/16 21:17:26 INFO agent session ended instance_name=cdm-oracle-159 session_count=13
2026/09/16 21:17:26 INFO agent session ended instance_name=kul-tib-tomcat1 session_count=12
2026/09/16 21:17:26 INFO agent session ended instance_name=cdm-179 session_count=10
2026/09/16 21:17:26 INFO agent session ended instance_name=mysql135 session_count=9
2026/09/16 21:17:26 INFO agent session ended instance_name=tib_nginx-208 session_count=6
2026/09/16 21:17:26 INFO agent session ended instance_name=kul-tib-tomcat2 session_count=8
2026/09/16 21:17:26 INFO agent session ended instance_name=tib-es-redis-209 session_count=4
2026/09/16 21:17:26 INFO agent session ended instance_name=tib-oracle session_count=7
2026/09/16 21:17:26 INFO agent session ended instance_name=pvg4-esb-208 session_count=5
2026/09/16 21:17:26 INFO agent session ended instance_name=177 session_count=3
2026/09/16 21:17:26 INFO agent session ended instance_name=mysql136 session_count=2
2026/09/16 21:17:26 INFO agent session ended instance_name=pvg-esb4-206 session_count=1
2026/09/16 21:17:26 INFO agent session ended instance_name=localhost session_count=0
2026/09/16 21:17:26 INFO autoadmin starting version=09dc53e-dirty role=api
[GIN-debug] [WARNING] Running in "debug" mode. Switch to "release" mode in production.
 - using env:	export GIN_MODE=release
 - using code:	gin.SetMode(gin.ReleaseMode)

[GIN-debug] GET    /health/live              --> autoadmin/internal/api/router.NewWithGateway.func1 (5 handlers)
[GIN-debug] GET    /health/ready             --> autoadmin/internal/api/router.readiness.func1 (5 handlers)
[GIN-debug] POST   /sys/login                --> autoadmin/internal/identity.(*Handler).Login-fm (5 handlers)
[GIN-debug] GET    /sys/users/current/       --> autoadmin/internal/identity.(*Handler).Current-fm (6 handlers)
[GIN-debug] GET    /sys/users/               --> autoadmin/internal/identity.(*Handler).ListUsers-fm (7 handlers)
[GIN-debug] POST   /user/changeAvatar        --> autoadmin/internal/identity.(*Handler).ChangeAvatar-fm (6 handlers)
[GIN-debug] POST   /sys/usercenter/updateUserInfo/ --> autoadmin/internal/identity.(*Handler).UpdateUserInfo-fm (7 handlers)
[GIN-debug] POST   /sys/usercenter/updateUserPassword/ --> autoadmin/internal/identity.(*Handler).UpdateUserPassword-fm (6 handlers)
[GIN-debug] GET    /sys/usercenter/alertMediaBindings/ --> autoadmin/internal/identity.(*Handler).AlertMediaBindings-fm (6 handlers)
[GIN-debug] POST   /sys/usercenter/updateAlertMediaBindings/ --> autoadmin/internal/identity.(*Handler).UpdateAlertMediaBindings-fm (6 handlers)
[GIN-debug] GET    /sys/usercenter/apiTokens/ --> autoadmin/internal/identity.(*APITokenHandler).List-fm (7 handlers)
[GIN-debug] POST   /sys/usercenter/createApiToken/ --> autoadmin/internal/identity.(*APITokenHandler).Create-fm (7 handlers)
[GIN-debug] POST   /sys/usercenter/rotateApiToken/ --> autoadmin/internal/identity.(*APITokenHandler).Rotate-fm (7 handlers)
[GIN-debug] POST   /sys/usercenter/disableApiToken/ --> autoadmin/internal/identity.(*APITokenHandler).Disable-fm (7 handlers)
[GIN-debug] POST   /sys/usercenter/deleteApiToken/ --> autoadmin/internal/identity.(*APITokenHandler).Delete-fm (7 handlers)
[GIN-debug] GET    /sys/automation/playbooks/ --> autoadmin/internal/automation.(*Handler).List-fm (7 handlers)
[GIN-debug] POST   /sys/automation/playbooks/validate/ --> autoadmin/internal/automation.(*Handler).Validate-fm (7 handlers)
[GIN-debug] GET    /sys/automation/playbooks/host-options/ --> autoadmin/internal/automation.(*Handler).HostOptions-fm (7 handlers)
[GIN-debug] GET    /sys/automation/playbooks/group-tree/ --> autoadmin/internal/automation.(*Handler).GroupTree-fm (7 handlers)
[GIN-debug] GET    /sys/automation/playbooks/:id/ --> autoadmin/internal/automation.(*Handler).Get-fm (7 handlers)
[GIN-debug] POST   /sys/automation/playbooks/ --> autoadmin/internal/automation.(*Handler).Create-fm (7 handlers)
[GIN-debug] PATCH  /sys/automation/playbooks/:id/ --> autoadmin/internal/automation.(*Handler).Update-fm (7 handlers)
[GIN-debug] PUT    /sys/automation/playbooks/:id/ --> autoadmin/internal/automation.(*Handler).Update-fm (7 handlers)
[GIN-debug] POST   /sys/automation/playbooks/:id/upload/ --> autoadmin/internal/automation.(*Handler).UploadFile-fm (7 handlers)
[GIN-debug] GET    /sys/automation/playbooks/:id/download/ --> autoadmin/internal/automation.(*Handler).DownloadFile-fm (7 handlers)
[GIN-debug] POST   /sys/automation/playbooks/batch-delete/ --> autoadmin/internal/automation.(*Handler).BatchDeletePlaybooks-fm (7 handlers)
[GIN-debug] GET    /sys/automation/inventories/ --> autoadmin/internal/automation.(*Handler).ListInventories-fm (7 handlers)
[GIN-debug] POST   /sys/automation/inventories/ --> autoadmin/internal/automation.(*Handler).CreateInventory-fm (7 handlers)
[GIN-debug] GET    /sys/automation/inventories/:id/ --> autoadmin/internal/automation.(*Handler).GetInventory-fm (7 handlers)
[GIN-debug] PATCH  /sys/automation/inventories/:id/ --> autoadmin/internal/automation.(*Handler).UpdateInventory-fm (7 handlers)
[GIN-debug] PUT    /sys/automation/inventories/:id/ --> autoadmin/internal/automation.(*Handler).UpdateInventory-fm (7 handlers)
[GIN-debug] POST   /sys/automation/inventories/batch-delete/ --> autoadmin/internal/automation.(*Handler).BatchDeleteInventories-fm (7 handlers)
[GIN-debug] POST   /sys/automation/inventories/:id/precheck-limit/ --> autoadmin/internal/automation.(*Handler).PrecheckInventoryLimit-fm (7 handlers)
[GIN-debug] GET    /sys/automation/tasks/    --> autoadmin/internal/automation.(*Handler).ListTasks-fm (7 handlers)
[GIN-debug] POST   /sys/automation/tasks/    --> autoadmin/internal/automation.(*Handler).CreateTask-fm (7 handlers)
[GIN-debug] GET    /sys/automation/tasks/:id/ --> autoadmin/internal/automation.(*Handler).GetTask-fm (7 handlers)
[GIN-debug] PATCH  /sys/automation/tasks/:id/ --> autoadmin/internal/automation.(*Handler).UpdateTask-fm (7 handlers)
[GIN-debug] PUT    /sys/automation/tasks/:id/ --> autoadmin/internal/automation.(*Handler).UpdateTask-fm (7 handlers)
[GIN-debug] POST   /sys/automation/tasks/batch-delete/ --> autoadmin/internal/automation.(*Handler).BatchDeleteTasks-fm (7 handlers)
[GIN-debug] POST   /sys/automation/tasks/:id/precheck/ --> autoadmin/internal/automation.(*Handler).PrecheckTask-fm (7 handlers)
[GIN-debug] POST   /sys/automation/tasks/:id/run_now/ --> autoadmin/internal/automation.(*Handler).RunTaskNow-fm (7 handlers)
[GIN-debug] GET    /sys/automation/jobs/     --> autoadmin/internal/automation.(*Handler).ListJobs-fm (7 handlers)
[GIN-debug] GET    /sys/automation/jobs/:id/ --> autoadmin/internal/automation.(*Handler).GetJob-fm (7 handlers)
[GIN-debug] GET    /sys/automation/jobs/:id/log/ --> autoadmin/internal/automation.(*Handler).JobLog-fm (7 handlers)
[GIN-debug] GET    /sys/automation/jobs/:id/events/ --> autoadmin/internal/automation.(*Handler).JobEvents-fm (7 handlers)
[GIN-debug] GET    /sys/automation/jobs/:id/status-summary/ --> autoadmin/internal/automation.(*Handler).JobStatusSummary-fm (7 handlers)
[GIN-debug] POST   /sys/automation/jobs/:id/cancel/ --> autoadmin/internal/automation.(*Handler).CancelJob-fm (7 handlers)
[GIN-debug] GET    /sys/scheduler/tasks/     --> autoadmin/internal/scheduler.(*Handler).List-fm (7 handlers)
[GIN-debug] GET    /sys/scheduler/tasks/:id/ --> autoadmin/internal/scheduler.(*Handler).Get-fm (7 handlers)
[GIN-debug] PATCH  /sys/scheduler/tasks/:id/ --> autoadmin/internal/scheduler.(*Handler).Update-fm (7 handlers)
[GIN-debug] POST   /sys/scheduler/tasks/:id/toggle_enabled/ --> autoadmin/internal/scheduler.(*Handler).Toggle-fm (7 handlers)
[GIN-debug] POST   /sys/scheduler/tasks/:id/enable/ --> autoadmin/internal/scheduler.(*Handler).Enable-fm (7 handlers)
[GIN-debug] POST   /sys/scheduler/tasks/:id/disable/ --> autoadmin/internal/scheduler.(*Handler).Disable-fm (7 handlers)
[GIN-debug] POST   /sys/scheduler/tasks/:id/run_now/ --> autoadmin/internal/scheduler.(*Handler).RunNow-fm (7 handlers)
[GIN-debug] GET    /sys/scheduler/tasks/:id/status/ --> autoadmin/internal/scheduler.(*Handler).Status-fm (7 handlers)
[GIN-debug] POST   /sys/scheduler/tasks/start_scheduler/ --> autoadmin/internal/scheduler.(*Handler).StartScheduler-fm (7 handlers)
[GIN-debug] POST   /sys/scheduler/tasks/stop_scheduler/ --> autoadmin/internal/scheduler.(*Handler).StopScheduler-fm (7 handlers)
[GIN-debug] GET    /sys/scheduler/task-logs/ --> autoadmin/internal/scheduler.(*Handler).ListLogs-fm (7 handlers)
[GIN-debug] GET    /sys/scheduler/task-logs/:id/ --> autoadmin/internal/scheduler.(*Handler).GetLog-fm (7 handlers)
[GIN-debug] GET    /sys/users/:id/           --> autoadmin/internal/identity.(*Handler).UserDetail-fm (7 handlers)
[GIN-debug] POST   /sys/users/               --> autoadmin/internal/identity.(*Handler).CreateUser-fm (7 handlers)
[GIN-debug] PATCH  /sys/users/:id/           --> autoadmin/internal/identity.(*Handler).UpdateUser-fm (7 handlers)
[GIN-debug] GET    /sys/users/checkUserName/ --> autoadmin/internal/identity.(*Handler).CheckUsername-fm (7 handlers)
[GIN-debug] POST   /sys/users/batch-delete/  --> autoadmin/internal/identity.(*Handler).BatchDeleteUsers-fm (7 handlers)
[GIN-debug] POST   /sys/users/resetUserPwd/  --> autoadmin/internal/identity.(*Handler).ResetPassword-fm (7 handlers)
[GIN-debug] POST   /sys/users/assginUserRoles/ --> autoadmin/internal/identity.(*Handler).AssignRoles-fm (7 handlers)
[GIN-debug] POST   /sys/users/changeUserStatus/ --> autoadmin/internal/identity.(*Handler).ChangeUserStatus-fm (7 handlers)
[GIN-debug] GET    /sys/users/getUserRolesById/ --> autoadmin/internal/identity.(*Handler).GetUserRoles-fm (7 handlers)
[GIN-debug] GET    /sys/user-groups/         --> autoadmin/internal/identity.(*Handler).ListUserGroups-fm (7 handlers)
[GIN-debug] POST   /sys/user-groups/create/  --> autoadmin/internal/identity.(*Handler).CreateUserGroup-fm (7 handlers)
[GIN-debug] POST   /sys/user-groups/update/  --> autoadmin/internal/identity.(*Handler).UpdateUserGroup-fm (7 handlers)
[GIN-debug] POST   /sys/user-groups/batch-delete/ --> autoadmin/internal/identity.(*Handler).BatchDeleteUserGroups-fm (7 handlers)
[GIN-debug] GET    /sys/roles/               --> autoadmin/internal/rbac.(*Handler).List-fm (7 handlers)
[GIN-debug] GET    /sys/roles/:id/           --> autoadmin/internal/rbac.(*Handler).Get-fm (7 handlers)
[GIN-debug] POST   /sys/roles/               --> autoadmin/internal/rbac.(*Handler).Create-fm (7 handlers)
[GIN-debug] PATCH  /sys/roles/:id/           --> autoadmin/internal/rbac.(*Handler).Update-fm (7 handlers)
[GIN-debug] POST   /sys/roles/batch-delete/  --> autoadmin/internal/rbac.(*Handler).DeleteMany-fm (7 handlers)
[GIN-debug] GET    /sys/roles/getCurrentUserRoleList/ --> autoadmin/internal/rbac.(*Handler).Current-fm (6 handlers)
[GIN-debug] GET    /sys/menus/getMenuTree/   --> autoadmin/internal/rbac.(*Handler).MenuTree-fm (7 handlers)
[GIN-debug] GET    /sys/menus/:id/           --> autoadmin/internal/rbac.(*Handler).GetMenu-fm (7 handlers)
[GIN-debug] POST   /sys/menus/               --> autoadmin/internal/rbac.(*Handler).CreateMenu-fm (7 handlers)
[GIN-debug] PATCH  /sys/menus/:id/           --> autoadmin/internal/rbac.(*Handler).UpdateMenu-fm (7 handlers)
[GIN-debug] GET    /sys/menus/getMenuListByRoleId/ --> autoadmin/internal/rbac.(*Handler).MenuIDsByRole-fm (7 handlers)
[GIN-debug] POST   /sys/menus/grantMenu/     --> autoadmin/internal/rbac.(*Handler).GrantMenus-fm (7 handlers)
[GIN-debug] DELETE /sys/menus/deleteMenuById/ --> autoadmin/internal/rbac.(*Handler).DeleteMenu-fm (7 handlers)
[GIN-debug] GET    /sys/configs/             --> autoadmin/internal/sysconfig.(*Handler).List-fm (6 handlers)
[GIN-debug] GET    /sys/configs/:id/         --> autoadmin/internal/sysconfig.(*Handler).Get-fm (6 handlers)
[GIN-debug] PATCH  /sys/configs/:id/         --> autoadmin/internal/sysconfig.(*Handler).Update-fm (6 handlers)
[GIN-debug] POST   /sys/configs/:id/reset-default/ --> autoadmin/internal/sysconfig.(*Handler).Reset-fm (6 handlers)
[GIN-debug] GET    /sys/configs/by-key/:key/ --> autoadmin/internal/sysconfig.(*Handler).GetByKey-fm (6 handlers)
[GIN-debug] PATCH  /sys/configs/update-by-key/:key/ --> autoadmin/internal/sysconfig.(*Handler).UpdateByKey-fm (6 handlers)
[GIN-debug] GET    /sys/audit/operation-logs/ --> autoadmin/internal/audit.(*Handler).List-fm (7 handlers)
[GIN-debug] GET    /sys/audit/login-logs/    --> autoadmin/internal/audit.(*Handler).ListLoginLogs-fm (7 handlers)
[GIN-debug] GET    /sys/audit/webssh-sessions/ --> autoadmin/internal/audit.(*Handler).ListWebSSHSessions-fm (7 handlers)
[GIN-debug] GET    /sys/audit/webssh-sessions/:id/content/ --> autoadmin/internal/audit.(*Handler).WebSSHContent-fm (7 handlers)
[GIN-debug] GET    /sys/audit/webssh-sessions/:id/download/ --> autoadmin/internal/audit.(*Handler).DownloadWebSSH-fm (7 handlers)
[GIN-debug] GET    /sys/audit/webssh-sessions/download-all/ --> autoadmin/internal/audit.(*Handler).DownloadWebSSHMany-fm (7 handlers)
[GIN-debug] GET    /api/agent/jobs/query     --> autoadmin/internal/assets.(*Handler).QueryAgentJobs-fm (6 handlers)
[GIN-debug] GET    /api/agent/packages/      --> autoadmin/internal/assets.(*Handler).ListAgentPackages-fm (7 handlers)
[GIN-debug] GET    /api/agent/packages/download/ --> autoadmin/internal/assets.(*Handler).DownloadAgentPackage-fm (7 handlers)
[GIN-debug] POST   /api/agent/packages/upload/ --> autoadmin/internal/assets.(*Handler).UploadAgentPackage-fm (7 handlers)
[GIN-debug] POST   /api/agent/packages/:id/activate/ --> autoadmin/internal/assets.(*Handler).ActivateAgentPackage-fm (7 handlers)
[GIN-debug] POST   /api/agent/packages/batch-delete/ --> autoadmin/internal/assets.(*Handler).BatchDeleteAgentPackages-fm (7 handlers)
[GIN-debug] POST   /api/agent/install        --> autoadmin/internal/assets.(*Handler).AgentInstall-fm (7 handlers)
[GIN-debug] GET    /assets/projects/         --> autoadmin/internal/assets.(*Handler).ListProjects-fm (7 handlers)
[GIN-debug] GET    /assets/projects/:id/     --> autoadmin/internal/assets.(*Handler).GetProject-fm (7 handlers)
[GIN-debug] POST   /assets/projects/         --> autoadmin/internal/assets.(*Handler).CreateProject-fm (7 handlers)
[GIN-debug] PUT    /assets/projects/:id/     --> autoadmin/internal/assets.(*Handler).UpdateProject-fm (7 handlers)
[GIN-debug] PATCH  /assets/projects/:id/     --> autoadmin/internal/assets.(*Handler).UpdateProject-fm (7 handlers)
[GIN-debug] POST   /assets/projects/batch-delete/ --> autoadmin/internal/assets.(*Handler).BatchDeleteProjects-fm (7 handlers)
[GIN-debug] GET    /assets/business-systems/ --> autoadmin/internal/assets.(*Handler).ListBusinessSystems-fm (7 handlers)
[GIN-debug] GET    /assets/business-systems/:id/ --> autoadmin/internal/assets.(*Handler).GetBusinessSystem-fm (7 handlers)
[GIN-debug] POST   /assets/business-systems/ --> autoadmin/internal/assets.(*Handler).CreateBusinessSystem-fm (7 handlers)
[GIN-debug] PUT    /assets/business-systems/:id/ --> autoadmin/internal/assets.(*Handler).UpdateBusinessSystem-fm (7 handlers)
[GIN-debug] PATCH  /assets/business-systems/:id/ --> autoadmin/internal/assets.(*Handler).UpdateBusinessSystem-fm (7 handlers)
[GIN-debug] POST   /assets/business-systems/batch-delete/ --> autoadmin/internal/assets.(*Handler).BatchDeleteBusinessSystems-fm (7 handlers)
[GIN-debug] GET    /assets/business-environments/ --> autoadmin/internal/assets.(*Handler).ListEnvironments-fm (7 handlers)
[GIN-debug] GET    /assets/business-environments/:id/ --> autoadmin/internal/assets.(*Handler).GetEnvironment-fm (7 handlers)
[GIN-debug] POST   /assets/business-environments/ --> autoadmin/internal/assets.(*Handler).CreateEnvironment-fm (7 handlers)
[GIN-debug] PUT    /assets/business-environments/:id/ --> autoadmin/internal/assets.(*Handler).UpdateEnvironment-fm (7 handlers)
[GIN-debug] PATCH  /assets/business-environments/:id/ --> autoadmin/internal/assets.(*Handler).UpdateEnvironment-fm (7 handlers)
[GIN-debug] POST   /assets/business-environments/batch-delete/ --> autoadmin/internal/assets.(*Handler).BatchDeleteEnvironments-fm (7 handlers)
[GIN-debug] GET    /assets/credentials/      --> autoadmin/internal/assets.(*Handler).ListCredentials-fm (7 handlers)
[GIN-debug] POST   /assets/credentials/batch-create/ --> autoadmin/internal/assets.(*Handler).BatchCreateCredentials-fm (7 handlers)
[GIN-debug] POST   /assets/credentials/batch-delete/ --> autoadmin/internal/assets.(*Handler).DeleteCredentials-fm (7 handlers)
[GIN-debug] GET    /assets/credentials/:id/  --> autoadmin/internal/assets.(*Handler).GetCredential-fm (7 handlers)
[GIN-debug] POST   /assets/credentials/      --> autoadmin/internal/assets.(*Handler).CreateCredential-fm (7 handlers)
[GIN-debug] PUT    /assets/credentials/:id/  --> autoadmin/internal/assets.(*Handler).UpdateCredential-fm (7 handlers)
[GIN-debug] PATCH  /assets/credentials/:id/  --> autoadmin/internal/assets.(*Handler).UpdateCredential-fm (7 handlers)
[GIN-debug] GET    /assets/host-groups/      --> autoadmin/internal/assets.(*Handler).ListHostGroups-fm (7 handlers)
[GIN-debug] GET    /assets/host-groups/tree/ --> autoadmin/internal/assets.(*Handler).HostGroupTree-fm (7 handlers)
[GIN-debug] GET    /assets/host-groups/:id/  --> autoadmin/internal/assets.(*Handler).GetHostGroup-fm (7 handlers)
[GIN-debug] POST   /assets/host-groups/      --> autoadmin/internal/assets.(*Handler).CreateHostGroup-fm (7 handlers)
[GIN-debug] PUT    /assets/host-groups/:id/  --> autoadmin/internal/assets.(*Handler).UpdateHostGroup-fm (7 handlers)
[GIN-debug] PATCH  /assets/host-groups/:id/  --> autoadmin/internal/assets.(*Handler).UpdateHostGroup-fm (7 handlers)
[GIN-debug] POST   /assets/host-groups/batch-delete/ --> autoadmin/internal/assets.(*Handler).BatchDeleteHostGroups-fm (7 handlers)
[GIN-debug] GET    /assets/hosts/:id/webssh/ --> autoadmin/internal/assets.(*Handler).WebSSH-fm (7 handlers)
[GIN-debug] GET    /assets/hosts/:id/agent-runtime-status/ --> autoadmin/internal/assets.(*Handler).GetHostAgentRuntimeStatus-fm (7 handlers)
[GIN-debug] GET    /assets/hosts/:id/webssh-active-count/ --> autoadmin/internal/assets.(*Handler).GetHostWebSSHActiveCount-fm (7 handlers)
[GIN-debug] GET    /assets/hosts/:id/webssh-active-sessions/ --> autoadmin/internal/assets.(*Handler).GetHostWebSSHActiveSessions-fm (7 handlers)
[GIN-debug] GET    /assets/hosts/:id/files/list/ --> autoadmin/internal/assets.(*Handler).ListWebSSHFiles-fm (7 handlers)
[GIN-debug] GET    /assets/hosts/:id/files/download/ --> autoadmin/internal/assets.(*Handler).DownloadWebSSHFile-fm (7 handlers)
[GIN-debug] POST   /assets/hosts/:id/files/upload/chunk/ --> autoadmin/internal/assets.(*Handler).UploadWebSSHFile-fm (7 handlers)
[GIN-debug] POST   /assets/hosts/:id/files/rename/ --> autoadmin/internal/assets.(*Handler).RenameWebSSHFile-fm (7 handlers)
[GIN-debug] DELETE /assets/hosts/:id/files/delete/ --> autoadmin/internal/assets.(*Handler).DeleteWebSSHFile-fm (7 handlers)
[GIN-debug] POST   /assets/hosts/:id/files/create-dir/ --> autoadmin/internal/assets.(*Handler).CreateWebSSHDirectory-fm (7 handlers)
[GIN-debug] POST   /assets/hosts/:id/refresh-info/ --> autoadmin/internal/assets.(*Handler).RefreshHostInfo-fm (7 handlers)
[GIN-debug] GET    /assets/hosts/            --> autoadmin/internal/assets.(*Handler).ListHosts-fm (7 handlers)
[GIN-debug] POST   /assets/hosts/refresh-info/ --> autoadmin/internal/assets.(*Handler).BatchRefreshHostInfo-fm (7 handlers)
[GIN-debug] POST   /assets/hosts/batch-delete/ --> autoadmin/internal/assets.(*Handler).DeleteHosts-fm (7 handlers)
[GIN-debug] GET    /assets/hosts/:id/        --> autoadmin/internal/assets.(*Handler).GetHost-fm (7 handlers)
[GIN-debug] POST   /assets/hosts/            --> autoadmin/internal/assets.(*Handler).CreateHost-fm (7 handlers)
[GIN-debug] PUT    /assets/hosts/:id/        --> autoadmin/internal/assets.(*Handler).UpdateHost-fm (7 handlers)
[GIN-debug] PATCH  /assets/hosts/:id/        --> autoadmin/internal/assets.(*Handler).UpdateHost-fm (7 handlers)
[GIN-debug] GET    /ws/assets/hosts/:id/webssh/ --> autoadmin/internal/assets.(*Handler).WebSSH-fm (7 handlers)
[GIN-debug] GET    /ws/automation/jobs/:id/logs/ --> autoadmin/internal/automation.(*Handler).JobLogStream-fm (7 handlers)
[GIN-debug] GET    /assets/applications/     --> autoadmin/internal/assets.(*Handler).ListApplications-fm (7 handlers)
[GIN-debug] GET    /assets/applications/:id/ --> autoadmin/internal/assets.(*Handler).GetApplication-fm (7 handlers)
[GIN-debug] POST   /assets/applications/     --> autoadmin/internal/assets.(*Handler).CreateApplication-fm (7 handlers)
[GIN-debug] PUT    /assets/applications/:id/ --> autoadmin/internal/assets.(*Handler).UpdateApplication-fm (7 handlers)
[GIN-debug] PATCH  /assets/applications/:id/ --> autoadmin/internal/assets.(*Handler).UpdateApplication-fm (7 handlers)
[GIN-debug] POST   /assets/applications/batch-delete/ --> autoadmin/internal/assets.(*Handler).DeleteApplications-fm (7 handlers)
[GIN-debug] GET    /assets/application-versions/ --> autoadmin/internal/assets.(*Handler).ListVersions-fm (7 handlers)
[GIN-debug] GET    /assets/application-versions/:id/ --> autoadmin/internal/assets.(*Handler).GetVersion-fm (7 handlers)
[GIN-debug] POST   /assets/application-versions/ --> autoadmin/internal/assets.(*Handler).CreateVersion-fm (7 handlers)
[GIN-debug] PUT    /assets/application-versions/:id/ --> autoadmin/internal/assets.(*Handler).UpdateVersion-fm (7 handlers)
[GIN-debug] PATCH  /assets/application-versions/:id/ --> autoadmin/internal/assets.(*Handler).UpdateVersion-fm (7 handlers)
[GIN-debug] POST   /assets/application-versions/batch-delete/ --> autoadmin/internal/assets.(*Handler).BatchDeleteVersions-fm (7 handlers)
[GIN-debug] GET    /assets/cluster-profiles/ --> autoadmin/internal/assets.(*Handler).ListProfiles-fm (7 handlers)
[GIN-debug] GET    /assets/cluster-profiles/:id/ --> autoadmin/internal/assets.(*Handler).GetProfile-fm (7 handlers)
[GIN-debug] POST   /assets/cluster-profiles/ --> autoadmin/internal/assets.(*Handler).CreateProfile-fm (7 handlers)
[GIN-debug] PUT    /assets/cluster-profiles/:id/ --> autoadmin/internal/assets.(*Handler).UpdateProfile-fm (7 handlers)
[GIN-debug] PATCH  /assets/cluster-profiles/:id/ --> autoadmin/internal/assets.(*Handler).UpdateProfile-fm (7 handlers)
[GIN-debug] POST   /assets/cluster-profiles/batch-delete/ --> autoadmin/internal/assets.(*Handler).BatchDeleteProfiles-fm (7 handlers)
[GIN-debug] GET    /sys/security/baseline/   --> autoadmin/internal/baseline.(*Handler).ListBaselines-fm (7 handlers)
[GIN-debug] GET    /sys/security/baseline/:id/ --> autoadmin/internal/baseline.(*Handler).GetBaseline-fm (7 handlers)
[GIN-debug] POST   /sys/security/baseline/   --> autoadmin/internal/baseline.(*Handler).SaveBaseline-fm (7 handlers)
[GIN-debug] PATCH  /sys/security/baseline/:id/ --> autoadmin/internal/baseline.(*Handler).SaveBaseline-fm (7 handlers)
[GIN-debug] DELETE /sys/security/baseline/:id/ --> autoadmin/internal/baseline.(*Handler).DeleteBaseline-fm (7 handlers)
[GIN-debug] POST   /sys/security/baseline/:id/scan/ --> autoadmin/internal/baseline.(*Handler).StartScan-fm (7 handlers)
[GIN-debug] POST   /sys/security/baseline/:id/categories/ --> autoadmin/internal/baseline.(*Handler).CreateBaselineCategory-fm (7 handlers)
[GIN-debug] PATCH  /sys/security/baseline/:id/categories/:categoryId/ --> autoadmin/internal/baseline.(*Handler).UpdateBaselineCategory-fm (7 handlers)
[GIN-debug] DELETE /sys/security/baseline/:id/categories/:categoryId/ --> autoadmin/internal/baseline.(*Handler).DeleteBaselineCategory-fm (7 handlers)
[GIN-debug] POST   /sys/security/baseline/:id/items/ --> autoadmin/internal/baseline.(*Handler).AddBaselineItem-fm (7 handlers)
[GIN-debug] PATCH  /sys/security/baseline/:id/items/:itemId/ --> autoadmin/internal/baseline.(*Handler).UpdateBaselineItem-fm (7 handlers)
[GIN-debug] DELETE /sys/security/baseline/:id/items/:itemId/ --> autoadmin/internal/baseline.(*Handler).DeleteBaselineItem-fm (7 handlers)
[GIN-debug] GET    /sys/security/scans/      --> autoadmin/internal/baseline.(*Handler).ListScans-fm (7 handlers)
[GIN-debug] GET    /sys/security/scans/:id/  --> autoadmin/internal/baseline.(*Handler).GetScan-fm (7 handlers)
[GIN-debug] POST   /sys/security/scans/:id/cancel/ --> autoadmin/internal/baseline.(*Handler).CancelScan-fm (7 handlers)
[GIN-debug] GET    /assets/application-deployment-templates/ --> autoadmin/internal/assets.(*Handler).ListDeploymentTemplates-fm (7 handlers)
[GIN-debug] GET    /assets/application-deployment-templates/:id/ --> autoadmin/internal/assets.(*Handler).GetDeploymentTemplate-fm (7 handlers)
[GIN-debug] POST   /assets/application-deployment-templates/ --> autoadmin/internal/assets.(*Handler).CreateDeploymentTemplate-fm (7 handlers)
[GIN-debug] PUT    /assets/application-deployment-templates/:id/ --> autoadmin/internal/assets.(*Handler).UpdateDeploymentTemplate-fm (7 handlers)
[GIN-debug] PATCH  /assets/application-deployment-templates/:id/ --> autoadmin/internal/assets.(*Handler).UpdateDeploymentTemplate-fm (7 handlers)
[GIN-debug] POST   /assets/application-deployment-templates/batch-delete/ --> autoadmin/internal/assets.(*Handler).BatchDeleteDeploymentTemplates-fm (7 handlers)
[GIN-debug] GET    /assets/application-services/ --> autoadmin/internal/assets.(*Handler).ListApplicationServices-fm (7 handlers)
[GIN-debug] GET    /assets/application-services/:id/log-config/ --> autoadmin/internal/assets.(*Handler).GetApplicationServiceLogConfig-fm (7 handlers)
[GIN-debug] POST   /assets/application-services/:id/refresh-runtime-status/ --> autoadmin/internal/assets.(*Handler).RefreshApplicationServiceRuntimeStatus-fm (7 handlers)
[GIN-debug] GET    /assets/application-services/:id/ --> autoadmin/internal/assets.(*Handler).GetApplicationService-fm (7 handlers)
[GIN-debug] POST   /assets/application-services/ --> autoadmin/internal/assets.(*Handler).CreateApplicationService-fm (7 handlers)
[GIN-debug] PATCH  /assets/application-services/:id/ --> autoadmin/internal/assets.(*Handler).UpdateApplicationService-fm (7 handlers)
[GIN-debug] POST   /assets/application-services/batch-delete/ --> autoadmin/internal/assets.(*Handler).BatchDeleteApplicationServices-fm (7 handlers)
[GIN-debug] GET    /assets/application-deployments/ --> autoadmin/internal/assets.(*Handler).ListApplicationDeployments-fm (7 handlers)
[GIN-debug] GET    /assets/application-deployments/:id/ --> autoadmin/internal/assets.(*Handler).GetApplicationDeployment-fm (7 handlers)
[GIN-debug] POST   /assets/application-deployments/:id/control/ --> autoadmin/internal/assets.(*Handler).ControlApplicationDeployment-fm (7 handlers)
[GIN-debug] POST   /assets/application-deployments/ --> autoadmin/internal/assets.(*Handler).CreateApplicationDeployment-fm (7 handlers)
[GIN-debug] PATCH  /assets/application-deployments/:id/ --> autoadmin/internal/assets.(*Handler).UpdateApplicationDeployment-fm (7 handlers)
[GIN-debug] POST   /assets/application-deployments/batch-delete/ --> autoadmin/internal/assets.(*Handler).BatchDeleteApplicationDeployments-fm (7 handlers)
[GIN-debug] GET    /sys/inspection/groups/   --> autoadmin/internal/inspection.(*Handler).ListGroups-fm (7 handlers)
[GIN-debug] GET    /sys/inspection/groups/:id/ --> autoadmin/internal/inspection.(*Handler).GetGroup-fm (7 handlers)
[GIN-debug] POST   /sys/inspection/groups/   --> autoadmin/internal/inspection.(*Handler).SaveGroup-fm (7 handlers)
[GIN-debug] PATCH  /sys/inspection/groups/:id/ --> autoadmin/internal/inspection.(*Handler).SaveGroup-fm (7 handlers)
[GIN-debug] POST   /sys/inspection/groups/batch-delete/ --> autoadmin/internal/inspection.(*Handler).BatchDeleteGroups-fm (7 handlers)
[GIN-debug] GET    /sys/inspection/tasks/    --> autoadmin/internal/inspection.(*Handler).ListTasks-fm (7 handlers)
[GIN-debug] GET    /sys/inspection/tasks/:id/ --> autoadmin/internal/inspection.(*Handler).GetTask-fm (7 handlers)
[GIN-debug] POST   /sys/inspection/tasks/    --> autoadmin/internal/inspection.(*Handler).SaveTask-fm (7 handlers)
[GIN-debug] PATCH  /sys/inspection/tasks/:id/ --> autoadmin/internal/inspection.(*Handler).SaveTask-fm (7 handlers)
[GIN-debug] POST   /sys/inspection/tasks/batch-delete/ --> autoadmin/internal/inspection.(*Handler).BatchDeleteTasks-fm (7 handlers)
[GIN-debug] POST   /sys/inspection/tasks/:id/run/ --> autoadmin/internal/inspection.(*Handler).RunTask-fm (7 handlers)
[GIN-debug] GET    /sys/inspection/executions/ --> autoadmin/internal/inspection.(*Handler).ListExecutions-fm (7 handlers)
[GIN-debug] GET    /sys/inspection/executions/:id/ --> autoadmin/internal/inspection.(*Handler).GetExecution-fm (7 handlers)
[GIN-debug] POST   /sys/inspection/executions/:id/cancel/ --> autoadmin/internal/inspection.(*Handler).CancelExecution-fm (7 handlers)
[GIN-debug] GET    /monitor/summary/         --> autoadmin/internal/monitor.(*Handler).Summary-fm (7 handlers)
[GIN-debug] GET    /monitor/packages/        --> autoadmin/internal/monitor.(*Handler).ListPackages-fm (7 handlers)
[GIN-debug] POST   /monitor/packages/        --> autoadmin/internal/monitor.(*Handler).CreateSoftwarePackage-fm (7 handlers)
[GIN-debug] GET    /monitor/packages/:id/    --> autoadmin/internal/monitor.(*Handler).GetSoftwarePackage-fm (7 handlers)
[GIN-debug] PATCH  /monitor/packages/:id/    --> autoadmin/internal/monitor.(*Handler).UpdateSoftwarePackage-fm (7 handlers)
[GIN-debug] PUT    /monitor/packages/:id/    --> autoadmin/internal/monitor.(*Handler).UpdateSoftwarePackage-fm (7 handlers)
[GIN-debug] POST   /monitor/packages/:id/upload/ --> autoadmin/internal/monitor.(*Handler).UploadSoftwarePackage-fm (7 handlers)
[GIN-debug] POST   /monitor/packages/:id/sync-official/ --> autoadmin/internal/monitor.(*Handler).SyncSoftwarePackageFromOfficial-fm (7 handlers)
[GIN-debug] POST   /monitor/packages/batch-delete/ --> autoadmin/internal/monitor.(*Handler).BatchDeleteSoftwarePackages-fm (7 handlers)
[GIN-debug] GET    /monitor/targets/         --> autoadmin/internal/monitor.(*Handler).ListTargets-fm (7 handlers)
[GIN-debug] GET    /monitor/targets/host-group-tree/ --> autoadmin/internal/monitor.(*Handler).HostGroupTree-fm (7 handlers)
[GIN-debug] GET    /monitor/targets/exporter-options/ --> autoadmin/internal/monitor.(*Handler).ExporterOptions-fm (7 handlers)
[GIN-debug] GET    /monitor/targets/host-overview/ --> autoadmin/internal/monitor.(*Handler).HostOverview-fm (7 handlers)
[GIN-debug] POST   /monitor/targets/batch-create/ --> autoadmin/internal/monitor.(*Handler).BatchCreateTargets-fm (7 handlers)
[GIN-debug] POST   /monitor/targets/batch-delete/ --> autoadmin/internal/monitor.(*Handler).BatchDeleteTargets-fm (7 handlers)
[GIN-debug] POST   /monitor/targets/batch-start-service/ --> autoadmin/internal/monitor.(*Handler).BatchStartTargetService-fm (7 handlers)
[GIN-debug] POST   /monitor/targets/batch-stop-service/ --> autoadmin/internal/monitor.(*Handler).BatchStopTargetService-fm (7 handlers)
[GIN-debug] GET    /monitor/targets/:id/     --> autoadmin/internal/monitor.(*Handler).GetTarget-fm (7 handlers)
[GIN-debug] PATCH  /monitor/targets/:id/     --> autoadmin/internal/monitor.(*Handler).UpdateTarget-fm (7 handlers)
[GIN-debug] PUT    /monitor/targets/:id/     --> autoadmin/internal/monitor.(*Handler).UpdateTarget-fm (7 handlers)
[GIN-debug] POST   /monitor/targets/:id/retry/ --> autoadmin/internal/monitor.(*Handler).RetryTarget-fm (7 handlers)
[GIN-debug] POST   /monitor/targets/:id/cancel/ --> autoadmin/internal/monitor.(*Handler).CancelTarget-fm (7 handlers)
[GIN-debug] POST   /monitor/targets/:id/check-service-status/ --> autoadmin/internal/monitor.(*Handler).CheckTargetService-fm (7 handlers)
[GIN-debug] POST   /monitor/targets/:id/start-service/ --> autoadmin/internal/monitor.(*Handler).StartTargetService-fm (7 handlers)
[GIN-debug] POST   /monitor/targets/:id/stop-service/ --> autoadmin/internal/monitor.(*Handler).StopTargetService-fm (7 handlers)
[GIN-debug] GET    /monitor/install-histories/ --> autoadmin/internal/monitor.(*Handler).ListInstallHistories-fm (7 handlers)
[GIN-debug] GET    /monitor/install-histories/:id/ --> autoadmin/internal/monitor.(*Handler).GetInstallHistory-fm (7 handlers)
[GIN-debug] POST   /monitor/install-histories/:id/cancel/ --> autoadmin/internal/monitor.(*Handler).CancelInstallHistory-fm (7 handlers)
[GIN-debug] POST   /monitor/log-targets/batch-create/ --> autoadmin/internal/monitor.(*Handler).BatchCreateLogTargets-fm (7 handlers)
[GIN-debug] POST   /monitor/log-targets/batch-retry/ --> autoadmin/internal/monitor.(*Handler).BatchRetryLogTargets-fm (7 handlers)
[GIN-debug] POST   /monitor/log-targets/batch-start-service/ --> autoadmin/internal/monitor.(*Handler).BatchStartLogTargets-fm (7 handlers)
[GIN-debug] POST   /monitor/log-targets/batch-stop-service/ --> autoadmin/internal/monitor.(*Handler).BatchStopLogTargets-fm (7 handlers)
[GIN-debug] POST   /monitor/log-targets/batch-apply/ --> autoadmin/internal/monitor.(*Handler).BatchApplyLogTargets-fm (7 handlers)
[GIN-debug] POST   /monitor/log-targets/:id/retry/ --> autoadmin/internal/monitor.(*Handler).RetryLogTarget-fm (7 handlers)
[GIN-debug] POST   /monitor/log-targets/:id/cancel/ --> autoadmin/internal/monitor.(*Handler).CancelLogTarget-fm (7 handlers)
[GIN-debug] POST   /monitor/log-targets/batch-delete/ --> autoadmin/internal/monitor.(*Handler).BatchDeleteLogTargets-fm (7 handlers)
[GIN-debug] POST   /monitor/log-targets/:id/check-status/ --> autoadmin/internal/monitor.(*Handler).CheckLogTargetService-fm (7 handlers)
[GIN-debug] POST   /monitor/log-targets/:id/start-service/ --> autoadmin/internal/monitor.(*Handler).StartLogTargetService-fm (7 handlers)
[GIN-debug] POST   /monitor/log-targets/:id/stop-service/ --> autoadmin/internal/monitor.(*Handler).StopLogTargetService-fm (7 handlers)
[GIN-debug] POST   /monitor/log-targets/:id/apply/ --> autoadmin/internal/monitor.(*Handler).ApplyLogTargetConfig-fm (7 handlers)
[GIN-debug] GET    /monitor/alert-histories/ --> autoadmin/internal/monitor.(*Handler).ListAlertHistories-fm (7 handlers)
[GIN-debug] GET    /monitor/alert-histories/:id/ --> autoadmin/internal/monitor.(*Handler).GetAlertHistory-fm (7 handlers)
[GIN-debug] GET    /monitor/alert-histories/:id/notification-status/ --> autoadmin/internal/monitor.(*Handler).AlertNotificationStatus-fm (7 handlers)
[GIN-debug] GET    /monitor/alert-notification/user-chain/ --> autoadmin/internal/monitor.(*Handler).UserAlertChain-fm (7 handlers)
[GIN-debug] GET    /monitor/alert-notification/chain/:historyId/ --> autoadmin/internal/monitor.(*Handler).AlertChainEvaluation-fm (7 handlers)
[GIN-debug] GET    /monitor/media/           --> autoadmin/internal/monitor.(*Handler).ListAlertMedia-fm (7 handlers)
[GIN-debug] POST   /monitor/media/           --> autoadmin/internal/monitor.(*Handler).CreateAlertMedia-fm (7 handlers)
[GIN-debug] GET    /monitor/media/:id/       --> autoadmin/internal/monitor.(*Handler).GetAlertMedia-fm (7 handlers)
[GIN-debug] PATCH  /monitor/media/:id/       --> autoadmin/internal/monitor.(*Handler).UpdateAlertMedia-fm (7 handlers)
[GIN-debug] PUT    /monitor/media/:id/       --> autoadmin/internal/monitor.(*Handler).UpdateAlertMedia-fm (7 handlers)
[GIN-debug] POST   /monitor/media/:id/test/  --> autoadmin/internal/monitor.(*Handler).TestAlertMedia-fm (7 handlers)
[GIN-debug] POST   /monitor/media/batch-delete/ --> autoadmin/internal/monitor.(*Handler).BatchDeleteAlertMedia-fm (7 handlers)
[GIN-debug] GET    /monitor/notification-policies/ --> autoadmin/internal/monitor.(*Handler).ListNotificationPolicies-fm (7 handlers)
[GIN-debug] POST   /monitor/notification-policies/create/ --> autoadmin/internal/monitor.(*Handler).CreateNotificationPolicy-fm (7 handlers)
[GIN-debug] POST   /monitor/notification-policies/update/ --> autoadmin/internal/monitor.(*Handler).UpdateNotificationPolicy-fm (7 handlers)
[GIN-debug] POST   /monitor/notification-policies/batch-delete/ --> autoadmin/internal/monitor.(*Handler).BatchDeleteNotificationPolicies-fm (7 handlers)
[GIN-debug] GET    /monitor/log-retention-tiers/ --> autoadmin/internal/monitor.(*Handler).ListRetentionTiers-fm (7 handlers)
[GIN-debug] POST   /monitor/log-retention-tiers/ --> autoadmin/internal/monitor.(*Handler).CreateRetentionTier-fm (7 handlers)
[GIN-debug] GET    /monitor/log-retention-tiers/:id/ --> autoadmin/internal/monitor.(*Handler).GetRetentionTier-fm (7 handlers)
[GIN-debug] PATCH  /monitor/log-retention-tiers/:id/ --> autoadmin/internal/monitor.(*Handler).UpdateRetentionTier-fm (7 handlers)
[GIN-debug] PUT    /monitor/log-retention-tiers/:id/ --> autoadmin/internal/monitor.(*Handler).UpdateRetentionTier-fm (7 handlers)
[GIN-debug] POST   /monitor/log-retention-tiers/batch-delete/ --> autoadmin/internal/monitor.(*Handler).BatchDeleteRetentionTiers-fm (7 handlers)
[GIN-debug] GET    /monitor/log-processing-rules/ --> autoadmin/internal/monitor.(*Handler).ListProcessingRules-fm (7 handlers)
[GIN-debug] POST   /monitor/log-processing-rules/ --> autoadmin/internal/monitor.(*Handler).CreateProcessingRule-fm (7 handlers)
[GIN-debug] GET    /monitor/log-processing-rules/:id/ --> autoadmin/internal/monitor.(*Handler).GetProcessingRule-fm (7 handlers)
[GIN-debug] PATCH  /monitor/log-processing-rules/:id/ --> autoadmin/internal/monitor.(*Handler).UpdateProcessingRule-fm (7 handlers)
[GIN-debug] PUT    /monitor/log-processing-rules/:id/ --> autoadmin/internal/monitor.(*Handler).UpdateProcessingRule-fm (7 handlers)
[GIN-debug] POST   /monitor/log-processing-rules/batch-delete/ --> autoadmin/internal/monitor.(*Handler).BatchDeleteProcessingRules-fm (7 handlers)
[GIN-debug] GET    /monitor/log-collection-filter-rules/ --> autoadmin/internal/monitor.(*Handler).ListFilterRules-fm (7 handlers)
[GIN-debug] POST   /monitor/log-collection-filter-rules/ --> autoadmin/internal/monitor.(*Handler).CreateFilterRule-fm (7 handlers)
[GIN-debug] GET    /monitor/log-collection-filter-rules/:id/ --> autoadmin/internal/monitor.(*Handler).GetFilterRule-fm (7 handlers)
[GIN-debug] PATCH  /monitor/log-collection-filter-rules/:id/ --> autoadmin/internal/monitor.(*Handler).UpdateFilterRule-fm (7 handlers)
[GIN-debug] PUT    /monitor/log-collection-filter-rules/:id/ --> autoadmin/internal/monitor.(*Handler).UpdateFilterRule-fm (7 handlers)
[GIN-debug] POST   /monitor/log-collection-filter-rules/batch-delete/ --> autoadmin/internal/monitor.(*Handler).BatchDeleteFilterRules-fm (7 handlers)
[GIN-debug] GET    /monitor/opensearch-clusters/ --> autoadmin/internal/monitor.(*Handler).ListOpenSearchClusters-fm (7 handlers)
[GIN-debug] POST   /monitor/opensearch-clusters/ --> autoadmin/internal/monitor.(*Handler).CreateOpenSearchCluster-fm (7 handlers)
[GIN-debug] GET    /monitor/opensearch-clusters/:id/ --> autoadmin/internal/monitor.(*Handler).GetOpenSearchCluster-fm (7 handlers)
[GIN-debug] PATCH  /monitor/opensearch-clusters/:id/ --> autoadmin/internal/monitor.(*Handler).UpdateOpenSearchCluster-fm (7 handlers)
[GIN-debug] PUT    /monitor/opensearch-clusters/:id/ --> autoadmin/internal/monitor.(*Handler).UpdateOpenSearchCluster-fm (7 handlers)
[GIN-debug] POST   /monitor/opensearch-clusters/batch-delete/ --> autoadmin/internal/monitor.(*Handler).BatchDeleteOpenSearchClusters-fm (7 handlers)
[GIN-debug] POST   /monitor/opensearch-clusters/:id/test-connection/ --> autoadmin/internal/monitor.(*Handler).TestOpenSearchConnection-fm (7 handlers)
[GIN-debug] GET    /monitor/opensearch-clusters/:id/log-health/ --> autoadmin/internal/monitor.(*Handler).OpenSearchLogHealth-fm (7 handlers)
[GIN-debug] POST   /monitor/opensearch-clusters/:id/pipeline-simulate/ --> autoadmin/internal/monitor.(*Handler).SimulateOpenSearchPipeline-fm (7 handlers)
[GIN-debug] GET    /monitor/opensearch-clusters/:id/log-search/ --> autoadmin/internal/monitor.(*Handler).OpenSearchLogSearch-fm (7 handlers)
[GIN-debug] GET    /monitor/opensearch-clusters/:id/log-facet-stats/ --> autoadmin/internal/monitor.(*Handler).OpenSearchLogFacetStats-fm (7 handlers)
[GIN-debug] GET    /monitor/opensearch-clusters/:id/log-storage-overview/ --> autoadmin/internal/monitor.(*Handler).GetLogStorageOverview-fm (7 handlers)
[GIN-debug] GET    /monitor/opensearch-clusters/:id/log-service-usage/ --> autoadmin/internal/monitor.(*Handler).GetLogServiceUsage-fm (7 handlers)
[GIN-debug] GET    /monitor/log-targets/:id/config-preview/ --> autoadmin/internal/monitor.(*Handler).GetHostLogConfigPreview-fm (7 handlers)
[GIN-debug] GET    /monitor/targets/summary/ --> autoadmin/internal/monitor.(*Handler).Summary-fm (7 handlers)
[GIN-debug] GET    /monitor/targets/prometheus/overview/ --> autoadmin/internal/monitor.(*Handler).PrometheusOverview-fm (7 handlers)
[GIN-debug] GET    /monitor/targets/prometheus/targets/ --> autoadmin/internal/monitor.(*Handler).PrometheusTargets-fm (7 handlers)
[GIN-debug] GET    /monitor/targets/prometheus/alerts/ --> autoadmin/internal/monitor.(*Handler).PrometheusAlerts-fm (7 handlers)
[GIN-debug] GET    /monitor/targets/prometheus/rules/ --> autoadmin/internal/monitor.(*Handler).PrometheusRules-fm (7 handlers)
[GIN-debug] GET    /monitor/targets/prometheus/tsdb-status/ --> autoadmin/internal/monitor.(*Handler).PrometheusTSDBStatus-fm (7 handlers)
[GIN-debug] GET    /monitor/targets/prometheus/config/ --> autoadmin/internal/monitor.(*Handler).PrometheusConfig-fm (7 handlers)
[GIN-debug] GET    /monitor/targets/prometheus/flags/ --> autoadmin/internal/monitor.(*Handler).PrometheusFlags-fm (7 handlers)
[GIN-debug] GET    /monitor/targets/prometheus/query/ --> autoadmin/internal/monitor.(*Handler).PrometheusQuery-fm (7 handlers)
[GIN-debug] GET    /monitor/targets/prometheus/query-range/ --> autoadmin/internal/monitor.(*Handler).PrometheusQueryRange-fm (7 handlers)
[GIN-debug] GET    /monitor/targets/prometheus/proxy/*apiPath --> autoadmin/internal/monitor.(*Handler).PrometheusProxy-fm (7 handlers)
[GIN-debug] POST   /monitor/targets/prometheus/proxy/*apiPath --> autoadmin/internal/monitor.(*Handler).PrometheusProxy-fm (7 handlers)
[GIN-debug] PUT    /monitor/targets/prometheus/proxy/*apiPath --> autoadmin/internal/monitor.(*Handler).PrometheusProxy-fm (7 handlers)
[GIN-debug] PATCH  /monitor/targets/prometheus/proxy/*apiPath --> autoadmin/internal/monitor.(*Handler).PrometheusProxy-fm (7 handlers)
[GIN-debug] HEAD   /monitor/targets/prometheus/proxy/*apiPath --> autoadmin/internal/monitor.(*Handler).PrometheusProxy-fm (7 handlers)
[GIN-debug] OPTIONS /monitor/targets/prometheus/proxy/*apiPath --> autoadmin/internal/monitor.(*Handler).PrometheusProxy-fm (7 handlers)
[GIN-debug] DELETE /monitor/targets/prometheus/proxy/*apiPath --> autoadmin/internal/monitor.(*Handler).PrometheusProxy-fm (7 handlers)
[GIN-debug] CONNECT /monitor/targets/prometheus/proxy/*apiPath --> autoadmin/internal/monitor.(*Handler).PrometheusProxy-fm (7 handlers)
[GIN-debug] TRACE  /monitor/targets/prometheus/proxy/*apiPath --> autoadmin/internal/monitor.(*Handler).PrometheusProxy-fm (7 handlers)
[GIN-debug] GET    /monitor/prometheus/http-sd/ --> autoadmin/internal/monitor.(*Handler).PrometheusHTTPServiceDiscovery-fm (6 handlers)
[GIN-debug] GET    /monitor/targets/prometheus/http-sd/ --> autoadmin/internal/monitor.(*Handler).PrometheusHTTPServiceDiscovery-fm (6 handlers)
[GIN-debug] POST   /monitor/alert-webhook/api/v2/alerts --> autoadmin/internal/monitor.(*Handler).AlertWebhook-fm (6 handlers)
2026/09/16 21:17:27 INFO agent session established instance_name=cdm-179 session_count=1
2026/09/16 21:17:27 INFO agent session established instance_name=177 session_count=2
2026/09/16 21:17:27 INFO agent session established instance_name=cdm-oracle-159 session_count=3
2026/09/16 21:17:27 INFO agent session established instance_name=mysql134 session_count=4
2026/09/16 21:17:27 INFO agent session established instance_name=mysql135 session_count=5
2026/09/16 21:17:27 INFO agent session established instance_name=pvg-esb4-204 session_count=8
2026/09/16 21:17:27 INFO agent session established instance_name=tib-oracle session_count=7
2026/09/16 21:17:27 INFO agent session established instance_name=kul-tib-tomcat1 session_count=6
2026/09/16 21:17:27 INFO agent session established instance_name=localhost session_count=9
2026/09/16 21:17:27 INFO agent session established instance_name=pvg-esb4-206 session_count=10
2026/09/16 21:17:27 INFO agent session established instance_name=pvg-esb4-207 session_count=12
2026/09/16 21:17:27 INFO agent session established instance_name=pvg-esb4-201 session_count=13
2026/09/16 21:17:27 INFO agent session established instance_name=pvg-esb4-202 session_count=11
2026/09/16 21:17:27 INFO agent session established instance_name=mysql136 session_count=14
2026/09/16 21:17:27 INFO agent session established instance_name=cgk-oracle-10 session_count=15
2026/09/16 21:17:27 INFO agent session established instance_name=kul-tib-tomcat2 session_count=16
2026/09/16 21:17:27 INFO agent session established instance_name=pvg4-esb-208 session_count=17
2026/09/16 21:17:27 INFO agent session established instance_name=tib_nginx-208 session_count=18
2026/09/16 21:17:27 INFO agent session established instance_name=tib-es-redis-209 session_count=19
[GIN] 2026/09/16 - 21:17:28 | 200 |   5.76ms |  192.168.124.15 | GET      "/assets/hosts/"
[GIN] 2026/09/16 - 21:17:33 | 200 | 357.85ms |   192.168.240.2 | GET      "/monitor/prometheus/http-sd/"
[GIN] 2026/09/16 - 21:17:33 | 200 |   2.89ms |  192.168.124.15 | GET      "/assets/hosts/"
[GIN] 2026/09/16 - 21:17:38 | 200 |    2.2ms |  192.168.124.15 | GET      "/assets/hosts/"
[GIN] 2026/09/16 - 21:17:43 | 200 |    3.7ms |  192.168.124.15 | GET      "/assets/hosts/"
[GIN] 2026/09/16 - 21:17:48 | 200 |   2.82ms |  192.168.124.15 | GET      "/assets/hosts/"
[GIN] 2026/09/16 - 21:17:49 | 200 | 366.82ms |   192.168.240.2 | POST     "/monitor/alert-webhook/api/v2/alerts"
[GIN] 2026/09/16 - 21:17:50 | 200 | 366.94ms |   192.168.240.2 | POST     "/monitor/alert-webhook/api/v2/alerts"
[GIN] 2026/09/16 - 21:17:53 | 200 |    4.9ms |  192.168.124.15 | GET      "/assets/hosts/"
[GIN] 2026/09/16 - 21:17:58 | 200 |    3.8ms |  192.168.124.15 | GET      "/assets/hosts/"
[GIN] 2026/09/16 - 21:18:01 | 200 |   3.81ms |  192.168.124.15 | GET      "/assets/hosts/"
[GIN] 2026/09/16 - 21:18:03 | 200 | 351.03ms |   192.168.240.2 | GET      "/monitor/prometheus/http-sd/"
[GIN] 2026/09/16 - 21:18:03 | 200 |   3.86ms |  192.168.124.15 | GET      "/assets/hosts/"
[GIN] 2026/09/16 - 21:18:08 | 200 |   3.01ms |  192.168.124.15 | GET      "/assets/hosts/"
[GIN] 2026/09/16 - 21:18:13 | 200 |    3.4ms |  192.168.124.15 | GET      "/assets/hosts/"
[GIN] 2026/09/16 - 21:18:18 | 200 |   2.14ms |  192.168.124.15 | GET      "/assets/hosts/"
[GIN] 2026/09/16 - 21:18:19 | 200 | 358.37ms |   192.168.240.2 | POST     "/monitor/alert-webhook/api/v2/alerts"
[GIN] 2026/09/16 - 21:18:23 | 200 |   2.17ms |  192.168.124.15 | GET      "/assets/hosts/"
[GIN] 2026/09/16 - 21:18:28 | 200 |   3.21ms |  192.168.124.15 | GET      "/assets/hosts/"
[GIN] 2026/09/16 - 21:18:33 | 200 | 349.87ms |   192.168.240.2 | GET      "/monitor/prometheus/http-sd/"
[GIN] 2026/09/16 - 21:18:33 | 200 |   2.09ms |  192.168.124.15 | GET      "/assets/hosts/"
[GIN] 2026/09/16 - 21:18:38 | 200 |    2.8ms |  192.168.124.15 | GET      "/assets/hosts/"
[GIN] 2026/09/16 - 21:18:43 | 200 |   3.93ms |  192.168.124.15 | GET      "/assets/hosts/"
[GIN] 2026/09/16 - 21:18:48 | 200 |   2.44ms |  192.168.124.15 | GET      "/assets/hosts/"
[GIN] 2026/09/16 - 21:18:53 | 200 |   2.37ms |  192.168.124.15 | GET      "/assets/hosts/"
2026/09/16 21:18:58 INFO agent session ended instance_name=pvg4-esb-208 session_count=18
2026/09/16 21:18:58 INFO agent session ended instance_name=cdm-179 session_count=17
2026/09/16 21:18:58 INFO agent session ended instance_name=tib_nginx-208 session_count=16
2026/09/16 21:18:58 INFO agent session ended instance_name=kul-tib-tomcat1 session_count=15
2026/09/16 21:18:58 INFO agent session ended instance_name=mysql134 session_count=14
2026/09/16 21:18:58 INFO agent session ended instance_name=cgk-oracle-10 session_count=12
2026/09/16 21:18:58 INFO agent session ended instance_name=kul-tib-tomcat2 session_count=13
2026/09/16 21:18:58 INFO agent session ended instance_name=pvg-esb4-207 session_count=11
2026/09/16 21:18:58 INFO agent session ended instance_name=cdm-oracle-159 session_count=10
2026/09/16 21:18:58 INFO agent session ended instance_name=177 session_count=9
2026/09/16 21:18:58 INFO agent session ended instance_name=pvg-esb4-206 session_count=8
2026/09/16 21:18:58 INFO agent session ended instance_name=tib-es-redis-209 session_count=7
2026/09/16 21:18:58 INFO agent session ended instance_name=pvg-esb4-202 session_count=6
2026/09/16 21:18:58 INFO agent session ended instance_name=localhost session_count=5
2026/09/16 21:18:58 INFO agent session ended instance_name=tib-oracle session_count=3
2026/09/16 21:18:58 INFO agent session ended instance_name=mysql136 session_count=4
2026/09/16 21:18:58 INFO agent session ended instance_name=pvg-esb4-201 session_count=2
2026/09/16 21:18:58 INFO agent session ended instance_name=pvg-esb4-204 session_count=1
2026/09/16 21:18:58 INFO agent session ended instance_name=mysql135 session_count=0
[GIN] 2026/09/16 - 21:18:58 | 200 |   4.22ms |  192.168.124.15 | GET      "/assets/hosts/"
2026/09/16 21:18:59 INFO agent session established instance_name=pvg4-esb-208 session_count=1
2026/09/16 21:18:59 INFO agent session established instance_name=cdm-179 session_count=2
2026/09/16 21:18:59 INFO agent session established instance_name=kul-tib-tomcat1 session_count=3
2026/09/16 21:18:59 INFO agent session established instance_name=tib_nginx-208 session_count=4
2026/09/16 21:18:59 INFO agent session established instance_name=mysql134 session_count=5
2026/09/16 21:18:59 INFO agent session established instance_name=cgk-oracle-10 session_count=6
2026/09/16 21:18:59 INFO agent session established instance_name=pvg-esb4-207 session_count=7
2026/09/16 21:18:59 INFO agent session established instance_name=177 session_count=8
2026/09/16 21:18:59 INFO agent session established instance_name=kul-tib-tomcat2 session_count=9
2026/09/16 21:18:59 INFO agent session established instance_name=cdm-oracle-159 session_count=10
2026/09/16 21:18:59 INFO agent session established instance_name=pvg-esb4-206 session_count=11
2026/09/16 21:18:59 INFO agent session established instance_name=pvg-esb4-202 session_count=12
2026/09/16 21:18:59 INFO agent session established instance_name=tib-es-redis-209 session_count=13
2026/09/16 21:18:59 INFO agent session established instance_name=localhost session_count=14
2026/09/16 21:18:59 INFO agent session established instance_name=pvg-esb4-201 session_count=15
2026/09/16 21:18:59 INFO agent session established instance_name=mysql136 session_count=16
2026/09/16 21:18:59 INFO agent session established instance_name=tib-oracle session_count=17
2026/09/16 21:18:59 INFO agent session established instance_name=mysql135 session_count=18
2026/09/16 21:18:59 INFO agent session established instance_name=pvg-esb4-204 session_count=19
[GIN] 2026/09/16 - 21:19:01 | 200 |   2.15ms |  192.168.124.15 | GET      "/assets/hosts/"
[GIN] 2026/09/16 - 21:19:03 | 200 | 367.54ms |   192.168.240.2 | GET      "/monitor/prometheus/http-sd/"
[GIN] 2026/09/16 - 21:19:03 | 200 |   2.34ms |  192.168.124.15 | GET      "/assets/hosts/"
[GIN] 2026/09/16 - 21:19:08 | 200 |   3.41ms |  192.168.124.15 | GET      "/assets/hosts/"
[GIN] 2026/09/16 - 21:19:13 | 200 |   2.39ms |  192.168.124.15 | GET      "/assets/hosts/"
[GIN] 2026/09/16 - 21:19:18 | 200 |    2.8ms |  192.168.124.15 | GET      "/assets/hosts/"
[GIN] 2026/09/16 - 21:19:19 | 200 | 354.58ms |   192.168.240.2 | POST     "/monitor/alert-webhook/api/v2/alerts"
[GIN] 2026/09/16 - 21:19:20 | 200 | 353.01ms |   192.168.240.2 | POST     "/monitor/alert-webhook/api/v2/alerts"
[GIN] 2026/09/16 - 21:19:23 | 200 |   5.77ms |  192.168.124.15 | GET      "/assets/hosts/"
[GIN] 2026/09/16 - 21:19:28 | 200 |   2.24ms |  192.168.124.15 | GET      "/assets/hosts/"
[GIN] 2026/09/16 - 21:19:33 | 200 | 346.54ms |   192.168.240.2 | GET      "/monitor/prometheus/http-sd/"
[GIN] 2026/09/16 - 21:19:33 | 200 |   3.14ms |  192.168.124.15 | GET      "/assets/hosts/"
[GIN] 2026/09/16 - 21:19:38 | 200 |   4.23ms |  192.168.124.15 | GET      "/assets/hosts/"
[GIN] 2026/09/16 - 21:19:43 | 200 |   2.65ms |  192.168.124.15 | GET      "/assets/hosts/"
[GIN] 2026/09/16 - 21:19:48 | 200 |   2.09ms |  192.168.124.15 | GET      "/assets/hosts/"
[GIN] 2026/09/16 - 21:19:49 | 200 | 357.85ms |   192.168.240.2 | POST     "/monitor/alert-webhook/api/v2/alerts"
[GIN] 2026/09/16 - 21:19:53 | 200 |   2.36ms |  192.168.124.15 | GET      "/assets/hosts/"
[GIN] 2026/09/16 - 21:19:58 | 200 |   1.99ms |  192.168.124.15 | GET      "/assets/hosts/"
[GIN] 2026/09/16 - 21:20:01 | 200 |   3.16ms |  192.168.124.15 | GET      "/assets/hosts/"
[GIN] 2026/09/16 - 21:20:03 | 200 | 386.52ms |   192.168.240.2 | GET      "/monitor/prometheus/http-sd/"
[GIN] 2026/09/16 - 21:20:03 | 200 |   2.42ms |  192.168.124.15 | GET      "/assets/hosts/"
[GIN] 2026/09/16 - 21:20:08 | 200 |   2.94ms |  192.168.124.15 | GET      "/assets/hosts/"
[GIN] 2026/09/16 - 21:20:13 | 200 |   2.29ms |  192.168.124.15 | GET      "/assets/hosts/"
[GIN] 2026/09/16 - 21:20:18 | 200 |   5.59ms |  192.168.124.15 | GET      "/assets/hosts/"
[GIN] 2026/09/16 - 21:20:23 | 200 |   4.01ms |  192.168.124.15 | GET      "/assets/hosts/"
[GIN] 2026/09/16 - 21:20:28 | 200 |   3.16ms |  192.168.124.15 | GET      "/assets/hosts/"
2026/09/16 21:20:30 INFO agent session ended instance_name=tib_nginx-208 session_count=18
2026/09/16 21:20:30 INFO agent session ended instance_name=pvg4-esb-208 session_count=17
2026/09/16 21:20:30 INFO agent session ended instance_name=cdm-179 session_count=16
2026/09/16 21:20:30 INFO agent session ended instance_name=kul-tib-tomcat1 session_count=15
2026/09/16 21:20:30 INFO agent session ended instance_name=cdm-oracle-159 session_count=14
2026/09/16 21:20:30 INFO agent session ended instance_name=mysql136 session_count=13
2026/09/16 21:20:30 INFO agent session ended instance_name=pvg-esb4-206 session_count=12
2026/09/16 21:20:30 INFO agent session ended instance_name=tib-oracle session_count=11
2026/09/16 21:20:30 INFO agent session ended instance_name=pvg-esb4-207 session_count=10
2026/09/16 21:20:30 INFO agent session ended instance_name=pvg-esb4-202 session_count=9
2026/09/16 21:20:30 INFO agent session ended instance_name=cgk-oracle-10 session_count=8
2026/09/16 21:20:30 INFO agent session ended instance_name=177 session_count=7
2026/09/16 21:20:30 INFO agent session ended instance_name=kul-tib-tomcat2 session_count=6
2026/09/16 21:20:30 INFO agent session ended instance_name=pvg-esb4-204 session_count=5
2026/09/16 21:20:30 INFO agent session ended instance_name=mysql134 session_count=4
2026/09/16 21:20:30 INFO agent session ended instance_name=tib-es-redis-209 session_count=3
2026/09/16 21:20:30 INFO agent session ended instance_name=localhost session_count=2
2026/09/16 21:20:30 INFO agent session ended instance_name=pvg-esb4-201 session_count=1
2026/09/16 21:20:30 INFO agent session ended instance_name=mysql135 session_count=0
2026/09/16 21:20:31 INFO agent session established instance_name=tib_nginx-208 session_count=1
2026/09/16 21:20:31 INFO agent session established instance_name=pvg4-esb-208 session_count=2
2026/09/16 21:20:31 INFO agent session established instance_name=cdm-179 session_count=3
2026/09/16 21:20:31 INFO agent session established instance_name=mysql136 session_count=4
2026/09/16 21:20:31 INFO agent session established instance_name=kul-tib-tomcat1 session_count=5
2026/09/16 21:20:31 INFO agent session established instance_name=cdm-oracle-159 session_count=6
2026/09/16 21:20:31 INFO agent session established instance_name=pvg-esb4-206 session_count=7
2026/09/16 21:20:31 INFO agent session established instance_name=pvg-esb4-207 session_count=8
2026/09/16 21:20:31 INFO agent session established instance_name=tib-oracle session_count=9
2026/09/16 21:20:31 INFO agent session established instance_name=kul-tib-tomcat2 session_count=10
2026/09/16 21:20:31 INFO agent session established instance_name=mysql135 session_count=12
2026/09/16 21:20:31 INFO agent session established instance_name=mysql134 session_count=13
2026/09/16 21:20:31 INFO agent session established instance_name=pvg-esb4-204 session_count=11
2026/09/16 21:20:31 INFO agent session established instance_name=tib-es-redis-209 session_count=15
2026/09/16 21:20:31 INFO agent session established instance_name=localhost session_count=16
2026/09/16 21:20:31 INFO agent session established instance_name=pvg-esb4-201 session_count=18
2026/09/16 21:20:31 INFO agent session established instance_name=177 session_count=17
2026/09/16 21:20:31 INFO agent session established instance_name=cgk-oracle-10 session_count=19
2026/09/16 21:20:31 INFO agent session established instance_name=pvg-esb4-202 session_count=14
[GIN] 2026/09/16 - 21:20:33 | 200 | 377.61ms |   192.168.240.2 | GET      "/monitor/prometheus/http-sd/"
[GIN] 2026/09/16 - 21:20:33 | 200 |   4.42ms |  192.168.124.15 | GET      "/assets/hosts/"
[GIN] 2026/09/16 - 21:20:38 | 200 |   2.21ms |  192.168.124.15 | GET      "/assets/hosts/"
[GIN] 2026/09/16 - 21:20:43 | 200 |   2.26ms |  192.168.124.15 | GET      "/assets/hosts/"
[GIN] 2026/09/16 - 21:20:48 | 200 |   2.67ms |  192.168.124.15 | GET      "/assets/hosts/"
[GIN] 2026/09/16 - 21:20:49 | 200 | 356.96ms |   192.168.240.2 | POST     "/monitor/alert-webhook/api/v2/alerts"
[GIN] 2026/09/16 - 21:20:50 | 200 | 359.82ms |   192.168.240.2 | POST     "/monitor/alert-webhook/api/v2/alerts"
[GIN] 2026/09/16 - 21:20:53 | 200 |   2.35ms |  192.168.124.15 | GET      "/assets/hosts/"
[GIN] 2026/09/16 - 21:20:58 | 200 |   3.74ms |  192.168.124.15 | GET      "/assets/hosts/"
[GIN] 2026/09/16 - 21:21:01 | 200 |   2.38ms |  192.168.124.15 | GET      "/assets/hosts/"
[GIN] 2026/09/16 - 21:21:03 | 200 | 401.81ms |   192.168.240.2 | GET      "/monitor/prometheus/http-sd/"
[GIN] 2026/09/16 - 21:21:03 | 200 |   2.87ms |  192.168.124.15 | GET      "/assets/hosts/"
[GIN] 2026/09/16 - 21:21:08 | 200 |   2.08ms |  192.168.124.15 | GET      "/assets/hosts/"
[GIN] 2026/09/16 - 21:21:13 | 200 |   2.49ms |  192.168.124.15 | GET      "/assets/hosts/"
[GIN] 2026/09/16 - 21:21:18 | 200 |   2.79ms |  192.168.124.15 | GET      "/assets/hosts/"
[GIN] 2026/09/16 - 21:21:19 | 200 | 389.82ms |   192.168.240.2 | POST     "/monitor/alert-webhook/api/v2/alerts"
[GIN] 2026/09/16 - 21:21:23 | 200 |   4.29ms |  192.168.124.15 | GET      "/assets/hosts/"
[GIN] 2026/09/16 - 21:21:28 | 200 |   1.97ms |  192.168.124.15 | GET      "/assets/hosts/"
[GIN] 2026/09/16 - 21:21:33 | 200 | 363.87ms |   192.168.240.2 | GET      "/monitor/prometheus/http-sd/"
[GIN] 2026/09/16 - 21:21:33 | 200 |    3.6ms |  192.168.124.15 | GET      "/assets/hosts/"
[GIN] 2026/09/16 - 21:21:38 | 200 |   2.14ms |  192.168.124.15 | GET      "/assets/hosts/"
[GIN] 2026/09/16 - 21:21:43 | 200 |   2.18ms |  192.168.124.15 | GET      "/assets/hosts/"
[GIN] 2026/09/16 - 21:21:48 | 200 |   1.98ms |  192.168.124.15 | GET      "/assets/hosts/"
[GIN] 2026/09/16 - 21:21:53 | 200 |   2.03ms |  192.168.124.15 | GET      "/assets/hosts/"
[GIN] 2026/09/16 - 21:21:58 | 200 |   4.11ms |  192.168.124.15 | GET      "/assets/hosts/"
[GIN] 2026/09/16 - 21:22:01 | 200 |    3.9ms |  192.168.124.15 | GET      "/assets/hosts/"
2026/09/16 21:22:02 INFO agent session ended instance_name=pvg4-esb-208 session_count=18
2026/09/16 21:22:02 INFO agent session ended instance_name=tib_nginx-208 session_count=17
2026/09/16 21:22:02 INFO agent session ended instance_name=cdm-oracle-159 session_count=16
2026/09/16 21:22:02 INFO agent session ended instance_name=kul-tib-tomcat1 session_count=15
2026/09/16 21:22:02 INFO agent session ended instance_name=mysql136 session_count=14
2026/09/16 21:22:02 INFO agent session ended instance_name=pvg-esb4-207 session_count=13
2026/09/16 21:22:02 INFO agent session ended instance_name=cdm-179 session_count=12
2026/09/16 21:22:02 INFO agent session ended instance_name=pvg-esb4-206 session_count=11
2026/09/16 21:22:02 INFO agent session ended instance_name=pvg-esb4-201 session_count=10
2026/09/16 21:22:02 INFO agent session ended instance_name=tib-oracle session_count=9
2026/09/16 21:22:02 INFO agent session ended instance_name=177 session_count=8
2026/09/16 21:22:02 INFO agent session ended instance_name=tib-es-redis-209 session_count=7
2026/09/16 21:22:02 INFO agent session ended instance_name=pvg-esb4-202 session_count=6
2026/09/16 21:22:02 INFO agent session ended instance_name=pvg-esb4-204 session_count=5
2026/09/16 21:22:02 INFO agent session ended instance_name=kul-tib-tomcat2 session_count=4
2026/09/16 21:22:02 INFO agent session ended instance_name=localhost session_count=3
2026/09/16 21:22:02 INFO agent session ended instance_name=mysql135 session_count=2
2026/09/16 21:22:02 INFO agent session ended instance_name=cgk-oracle-10 session_count=1
2026/09/16 21:22:02 INFO agent session ended instance_name=mysql134 session_count=0
[GIN] 2026/09/16 - 21:22:03 | 200 | 361.24ms |   192.168.240.2 | GET      "/monitor/prometheus/http-sd/"
2026/09/16 21:22:03 INFO agent session established instance_name=pvg4-esb-208 session_count=1
2026/09/16 21:22:03 INFO agent session established instance_name=tib_nginx-208 session_count=2
2026/09/16 21:22:03 INFO agent session established instance_name=cdm-oracle-159 session_count=3
2026/09/16 21:22:03 INFO agent session established instance_name=kul-tib-tomcat1 session_count=4
2026/09/16 21:22:03 INFO agent session established instance_name=mysql136 session_count=5
2026/09/16 21:22:03 INFO agent session established instance_name=cdm-179 session_count=6
2026/09/16 21:22:03 INFO agent session established instance_name=pvg-esb4-207 session_count=7
2026/09/16 21:22:03 INFO agent session established instance_name=pvg-esb4-206 session_count=8
2026/09/16 21:22:03 INFO agent session established instance_name=pvg-esb4-201 session_count=9
2026/09/16 21:22:03 INFO agent session established instance_name=tib-oracle session_count=10
2026/09/16 21:22:03 INFO agent session established instance_name=177 session_count=11
2026/09/16 21:22:03 INFO agent session established instance_name=pvg-esb4-202 session_count=12
2026/09/16 21:22:03 INFO agent session established instance_name=tib-es-redis-209 session_count=13
2026/09/16 21:22:03 INFO agent session established instance_name=localhost session_count=14
2026/09/16 21:22:03 INFO agent session established instance_name=pvg-esb4-204 session_count=15
2026/09/16 21:22:03 INFO agent session established instance_name=mysql135 session_count=17
2026/09/16 21:22:03 INFO agent session established instance_name=kul-tib-tomcat2 session_count=16
2026/09/16 21:22:03 INFO agent session established instance_name=cgk-oracle-10 session_count=18
2026/09/16 21:22:03 INFO agent session established instance_name=mysql134 session_count=19
[GIN] 2026/09/16 - 21:22:03 | 200 |    2.5ms |  192.168.124.15 | GET      "/assets/hosts/"
[GIN] 2026/09/16 - 21:22:08 | 200 |   2.62ms |  192.168.124.15 | GET      "/assets/hosts/"
[GIN] 2026/09/16 - 21:22:13 | 200 |    2.5ms |  192.168.124.15 | GET      "/assets/hosts/"
[GIN] 2026/09/16 - 21:22:18 | 200 |   3.17ms |  192.168.124.15 | GET      "/assets/hosts/"
[GIN] 2026/09/16 - 21:22:19 | 200 | 345.07ms |   192.168.240.2 | POST     "/monitor/alert-webhook/api/v2/alerts"
[GIN] 2026/09/16 - 21:22:20 | 200 | 393.78ms |   192.168.240.2 | POST     "/monitor/alert-webhook/api/v2/alerts"
[GIN] 2026/09/16 - 21:22:23 | 200 |   2.11ms |  192.168.124.15 | GET      "/assets/hosts/"
[GIN] 2026/09/16 - 21:22:28 | 200 |   2.06ms |  192.168.124.15 | GET      "/assets/hosts/"
[GIN] 2026/09/16 - 21:22:33 | 200 | 346.04ms |   192.168.240.2 | GET      "/monitor/prometheus/http-sd/"
[GIN] 2026/09/16 - 21:22:33 | 200 |   2.78ms |  192.168.124.15 | GET      "/assets/hosts/"
[GIN] 2026/09/16 - 21:22:38 | 200 |   2.67ms |  192.168.124.15 | GET      "/assets/hosts/"
[GIN] 2026/09/16 - 21:22:43 | 200 |   3.39ms |  192.168.124.15 | GET      "/assets/hosts/"
[GIN] 2026/09/16 - 21:22:48 | 200 |   1.99ms |  192.168.124.15 | GET      "/assets/hosts/"
[GIN] 2026/09/16 - 21:22:49 | 200 | 375.75ms |   192.168.240.2 | POST     "/monitor/alert-webhook/api/v2/alerts"
[GIN] 2026/09/16 - 21:22:53 | 200 |   2.33ms |  192.168.124.15 | GET      "/assets/hosts/"
[GIN] 2026/09/16 - 21:22:58 | 200 |   4.25ms |  192.168.124.15 | GET      "/assets/hosts/"
[GIN] 2026/09/16 - 21:23:01 | 200 |   2.17ms |  192.168.124.15 | GET      "/assets/hosts/"
[GIN] 2026/09/16 - 21:23:03 | 200 | 421.81ms |   192.168.240.2 | GET      "/monitor/prometheus/http-sd/"
[GIN] 2026/09/16 - 21:23:03 | 200 |    2.1ms |  192.168.124.15 | GET      "/assets/hosts/"
[GIN] 2026/09/16 - 21:23:08 | 200 |   2.17ms |  192.168.124.15 | GET      "/assets/hosts/"
[GIN] 2026/09/16 - 21:23:13 | 200 |   1.93ms |  192.168.124.15 | GET      "/assets/hosts/"
[GIN] 2026/09/16 - 21:23:18 | 200 |   2.25ms |  192.168.124.15 | GET      "/assets/hosts/"
[GIN] 2026/09/16 - 21:23:23 | 200 |    1.9ms |  192.168.124.15 | GET      "/assets/hosts/"
[GIN] 2026/09/16 - 21:23:28 | 200 |   1.95ms |  192.168.124.15 | GET      "/assets/hosts/"
[GIN] 2026/09/16 - 21:23:33 | 200 |  354.8ms |   192.168.240.2 | GET      "/monitor/prometheus/http-sd/"
[GIN] 2026/09/16 - 21:23:33 | 200 |   1.92ms |  192.168.124.15 | GET      "/assets/hosts/"
2026/09/16 21:23:34 INFO agent session ended instance_name=pvg4-esb-208 session_count=18
2026/09/16 21:23:34 INFO agent session ended instance_name=tib_nginx-208 session_count=17
2026/09/16 21:23:34 INFO agent session ended instance_name=kul-tib-tomcat1 session_count=16
2026/09/16 21:23:34 INFO agent session ended instance_name=cdm-oracle-159 session_count=15
2026/09/16 21:23:34 INFO agent session ended instance_name=pvg-esb4-206 session_count=14
2026/09/16 21:23:34 INFO agent session ended instance_name=cdm-179 session_count=13
2026/09/16 21:23:34 INFO agent session ended instance_name=mysql136 session_count=12
2026/09/16 21:23:34 INFO agent session ended instance_name=pvg-esb4-207 session_count=11
2026/09/16 21:23:34 INFO agent session ended instance_name=pvg-esb4-201 session_count=10
2026/09/16 21:23:34 INFO agent session ended instance_name=pvg-esb4-202 session_count=9
2026/09/16 21:23:34 INFO agent session ended instance_name=tib-oracle session_count=8
2026/09/16 21:23:34 INFO agent session ended instance_name=tib-es-redis-209 session_count=7
2026/09/16 21:23:34 INFO agent session ended instance_name=177 session_count=6
2026/09/16 21:23:34 INFO agent session ended instance_name=localhost session_count=5
2026/09/16 21:23:34 INFO agent session ended instance_name=pvg-esb4-204 session_count=4
2026/09/16 21:23:34 INFO agent session ended instance_name=kul-tib-tomcat2 session_count=3
2026/09/16 21:23:34 INFO agent session ended instance_name=cgk-oracle-10 session_count=2
2026/09/16 21:23:34 INFO agent session ended instance_name=mysql135 session_count=1
2026/09/16 21:23:34 INFO agent session ended instance_name=mysql134 session_count=0
2026/09/16 21:23:35 INFO agent session established instance_name=pvg4-esb-208 session_count=1
2026/09/16 21:23:35 INFO agent session established instance_name=kul-tib-tomcat1 session_count=2
2026/09/16 21:23:35 INFO agent session established instance_name=tib_nginx-208 session_count=3
2026/09/16 21:23:35 INFO agent session established instance_name=cdm-oracle-159 session_count=4
2026/09/16 21:23:35 INFO agent session established instance_name=pvg-esb4-206 session_count=5
2026/09/16 21:23:35 INFO agent session established instance_name=cdm-179 session_count=6
2026/09/16 21:23:35 INFO agent session established instance_name=mysql136 session_count=7
2026/09/16 21:23:35 INFO agent session established instance_name=pvg-esb4-207 session_count=8
2026/09/16 21:23:35 INFO agent session established instance_name=pvg-esb4-201 session_count=9
2026/09/16 21:23:35 INFO agent session established instance_name=pvg-esb4-202 session_count=10
2026/09/16 21:23:35 INFO agent session established instance_name=tib-oracle session_count=11
2026/09/16 21:23:35 INFO agent session established instance_name=177 session_count=12
2026/09/16 21:23:35 INFO agent session established instance_name=localhost session_count=13
2026/09/16 21:23:35 INFO agent session established instance_name=tib-es-redis-209 session_count=14
2026/09/16 21:23:35 INFO agent session established instance_name=pvg-esb4-204 session_count=15
2026/09/16 21:23:35 INFO agent session established instance_name=kul-tib-tomcat2 session_count=16
2026/09/16 21:23:35 INFO agent session established instance_name=cgk-oracle-10 session_count=17
2026/09/16 21:23:35 INFO agent session established instance_name=mysql135 session_count=18
2026/09/16 21:23:35 INFO agent session established instance_name=mysql134 session_count=19
[GIN] 2026/09/16 - 21:23:38 | 200 |   2.64ms |  192.168.124.15 | GET      "/assets/hosts/"
[GIN] 2026/09/16 - 21:23:43 | 200 |   2.37ms |  192.168.124.15 | GET      "/assets/hosts/"
[GIN] 2026/09/16 - 21:23:48 | 200 |   3.43ms |  192.168.124.15 | GET      "/assets/hosts/"
[GIN] 2026/09/16 - 21:23:49 | 200 | 382.39ms |   192.168.240.2 | POST     "/monitor/alert-webhook/api/v2/alerts"
[GIN] 2026/09/16 - 21:23:50 | 200 | 374.42ms |   192.168.240.2 | POST     "/monitor/alert-webhook/api/v2/alerts"
[GIN] 2026/09/16 - 21:23:53 | 200 |   4.41ms |  192.168.124.15 | GET      "/assets/hosts/"
[GIN] 2026/09/16 - 21:23:58 | 200 |   2.46ms |  192.168.124.15 | GET      "/assets/hosts/"
[GIN] 2026/09/16 - 21:24:01 | 200 |   2.26ms |  192.168.124.15 | GET      "/assets/hosts/"
[GIN] 2026/09/16 - 21:24:03 | 200 | 383.32ms |   192.168.240.2 | GET      "/monitor/prometheus/http-sd/"
[GIN] 2026/09/16 - 21:24:03 | 200 |   2.62ms |  192.168.124.15 | GET      "/assets/hosts/"
[GIN] 2026/09/16 - 21:24:08 | 200 |   2.58ms |  192.168.124.15 | GET      "/assets/hosts/"
[GIN] 2026/09/16 - 21:24:13 | 200 |   3.56ms |  192.168.124.15 | GET      "/assets/hosts/"
2026/09/16 21:24:15 INFO agent session ended instance_name=tib-oracle session_count=18
2026/09/16 21:24:15 INFO agent session ended instance_name=tib-es-redis-209 session_count=17
2026/09/16 21:24:15 INFO agent session ended instance_name=pvg-esb4-201 session_count=8
2026/09/16 21:24:15 INFO agent session ended instance_name=pvg-esb4-206 session_count=6
2026/09/16 21:24:15 INFO agent session ended instance_name=kul-tib-tomcat2 session_count=16
2026/09/16 21:24:15 INFO agent session ended instance_name=pvg4-esb-208 session_count=15
2026/09/16 21:24:15 INFO agent session ended instance_name=tib_nginx-208 session_count=14
2026/09/16 21:24:15 INFO agent session ended instance_name=cdm-179 session_count=5
2026/09/16 21:24:15 INFO agent session ended instance_name=localhost session_count=13
2026/09/16 21:24:15 INFO agent session ended instance_name=cgk-oracle-10 session_count=11
2026/09/16 21:24:15 INFO agent session ended instance_name=cdm-oracle-159 session_count=12
2026/09/16 21:24:15 INFO agent session ended instance_name=mysql136 session_count=4
2026/09/16 21:24:15 INFO agent session ended instance_name=pvg-esb4-207 session_count=9
2026/09/16 21:24:15 INFO agent session ended instance_name=mysql135 session_count=10
2026/09/16 21:24:15 INFO agent session ended instance_name=kul-tib-tomcat1 session_count=7
2026/09/16 21:24:15 INFO agent session ended instance_name=pvg-esb4-202 session_count=3
2026/09/16 21:24:15 INFO agent session ended instance_name=177 session_count=2
2026/09/16 21:24:15 INFO agent session ended instance_name=pvg-esb4-204 session_count=1
2026/09/16 21:24:15 INFO agent session ended instance_name=mysql134 session_count=0
2026/09/16 21:24:16 INFO autoadmin starting version=09dc53e-dirty role=api
[GIN-debug] [WARNING] Running in "debug" mode. Switch to "release" mode in production.
 - using env:	export GIN_MODE=release
 - using code:	gin.SetMode(gin.ReleaseMode)

[GIN-debug] GET    /health/live              --> autoadmin/internal/api/router.NewWithGateway.func1 (5 handlers)
[GIN-debug] GET    /health/ready             --> autoadmin/internal/api/router.readiness.func1 (5 handlers)
[GIN-debug] POST   /sys/login                --> autoadmin/internal/identity.(*Handler).Login-fm (5 handlers)
[GIN-debug] GET    /sys/users/current/       --> autoadmin/internal/identity.(*Handler).Current-fm (6 handlers)
[GIN-debug] GET    /sys/users/               --> autoadmin/internal/identity.(*Handler).ListUsers-fm (7 handlers)
[GIN-debug] POST   /user/changeAvatar        --> autoadmin/internal/identity.(*Handler).ChangeAvatar-fm (6 handlers)
[GIN-debug] POST   /sys/usercenter/updateUserInfo/ --> autoadmin/internal/identity.(*Handler).UpdateUserInfo-fm (7 handlers)
[GIN-debug] POST   /sys/usercenter/updateUserPassword/ --> autoadmin/internal/identity.(*Handler).UpdateUserPassword-fm (6 handlers)
[GIN-debug] GET    /sys/usercenter/alertMediaBindings/ --> autoadmin/internal/identity.(*Handler).AlertMediaBindings-fm (6 handlers)
[GIN-debug] POST   /sys/usercenter/updateAlertMediaBindings/ --> autoadmin/internal/identity.(*Handler).UpdateAlertMediaBindings-fm (6 handlers)
[GIN-debug] GET    /sys/usercenter/apiTokens/ --> autoadmin/internal/identity.(*APITokenHandler).List-fm (7 handlers)
[GIN-debug] POST   /sys/usercenter/createApiToken/ --> autoadmin/internal/identity.(*APITokenHandler).Create-fm (7 handlers)
[GIN-debug] POST   /sys/usercenter/rotateApiToken/ --> autoadmin/internal/identity.(*APITokenHandler).Rotate-fm (7 handlers)
[GIN-debug] POST   /sys/usercenter/disableApiToken/ --> autoadmin/internal/identity.(*APITokenHandler).Disable-fm (7 handlers)
[GIN-debug] POST   /sys/usercenter/deleteApiToken/ --> autoadmin/internal/identity.(*APITokenHandler).Delete-fm (7 handlers)
[GIN-debug] GET    /sys/automation/playbooks/ --> autoadmin/internal/automation.(*Handler).List-fm (7 handlers)
[GIN-debug] POST   /sys/automation/playbooks/validate/ --> autoadmin/internal/automation.(*Handler).Validate-fm (7 handlers)
[GIN-debug] GET    /sys/automation/playbooks/host-options/ --> autoadmin/internal/automation.(*Handler).HostOptions-fm (7 handlers)
[GIN-debug] GET    /sys/automation/playbooks/group-tree/ --> autoadmin/internal/automation.(*Handler).GroupTree-fm (7 handlers)
[GIN-debug] GET    /sys/automation/playbooks/:id/ --> autoadmin/internal/automation.(*Handler).Get-fm (7 handlers)
[GIN-debug] POST   /sys/automation/playbooks/ --> autoadmin/internal/automation.(*Handler).Create-fm (7 handlers)
[GIN-debug] PATCH  /sys/automation/playbooks/:id/ --> autoadmin/internal/automation.(*Handler).Update-fm (7 handlers)
[GIN-debug] PUT    /sys/automation/playbooks/:id/ --> autoadmin/internal/automation.(*Handler).Update-fm (7 handlers)
[GIN-debug] POST   /sys/automation/playbooks/:id/upload/ --> autoadmin/internal/automation.(*Handler).UploadFile-fm (7 handlers)
[GIN-debug] GET    /sys/automation/playbooks/:id/download/ --> autoadmin/internal/automation.(*Handler).DownloadFile-fm (7 handlers)
[GIN-debug] POST   /sys/automation/playbooks/batch-delete/ --> autoadmin/internal/automation.(*Handler).BatchDeletePlaybooks-fm (7 handlers)
[GIN-debug] GET    /sys/automation/inventories/ --> autoadmin/internal/automation.(*Handler).ListInventories-fm (7 handlers)
[GIN-debug] POST   /sys/automation/inventories/ --> autoadmin/internal/automation.(*Handler).CreateInventory-fm (7 handlers)
[GIN-debug] GET    /sys/automation/inventories/:id/ --> autoadmin/internal/automation.(*Handler).GetInventory-fm (7 handlers)
[GIN-debug] PATCH  /sys/automation/inventories/:id/ --> autoadmin/internal/automation.(*Handler).UpdateInventory-fm (7 handlers)
[GIN-debug] PUT    /sys/automation/inventories/:id/ --> autoadmin/internal/automation.(*Handler).UpdateInventory-fm (7 handlers)
[GIN-debug] POST   /sys/automation/inventories/batch-delete/ --> autoadmin/internal/automation.(*Handler).BatchDeleteInventories-fm (7 handlers)
[GIN-debug] POST   /sys/automation/inventories/:id/precheck-limit/ --> autoadmin/internal/automation.(*Handler).PrecheckInventoryLimit-fm (7 handlers)
[GIN-debug] GET    /sys/automation/tasks/    --> autoadmin/internal/automation.(*Handler).ListTasks-fm (7 handlers)
[GIN-debug] POST   /sys/automation/tasks/    --> autoadmin/internal/automation.(*Handler).CreateTask-fm (7 handlers)
[GIN-debug] GET    /sys/automation/tasks/:id/ --> autoadmin/internal/automation.(*Handler).GetTask-fm (7 handlers)
[GIN-debug] PATCH  /sys/automation/tasks/:id/ --> autoadmin/internal/automation.(*Handler).UpdateTask-fm (7 handlers)
[GIN-debug] PUT    /sys/automation/tasks/:id/ --> autoadmin/internal/automation.(*Handler).UpdateTask-fm (7 handlers)
[GIN-debug] POST   /sys/automation/tasks/batch-delete/ --> autoadmin/internal/automation.(*Handler).BatchDeleteTasks-fm (7 handlers)
[GIN-debug] POST   /sys/automation/tasks/:id/precheck/ --> autoadmin/internal/automation.(*Handler).PrecheckTask-fm (7 handlers)
[GIN-debug] POST   /sys/automation/tasks/:id/run_now/ --> autoadmin/internal/automation.(*Handler).RunTaskNow-fm (7 handlers)
[GIN-debug] GET    /sys/automation/jobs/     --> autoadmin/internal/automation.(*Handler).ListJobs-fm (7 handlers)
[GIN-debug] GET    /sys/automation/jobs/:id/ --> autoadmin/internal/automation.(*Handler).GetJob-fm (7 handlers)
[GIN-debug] GET    /sys/automation/jobs/:id/log/ --> autoadmin/internal/automation.(*Handler).JobLog-fm (7 handlers)
[GIN-debug] GET    /sys/automation/jobs/:id/events/ --> autoadmin/internal/automation.(*Handler).JobEvents-fm (7 handlers)
[GIN-debug] GET    /sys/automation/jobs/:id/status-summary/ --> autoadmin/internal/automation.(*Handler).JobStatusSummary-fm (7 handlers)
[GIN-debug] POST   /sys/automation/jobs/:id/cancel/ --> autoadmin/internal/automation.(*Handler).CancelJob-fm (7 handlers)
[GIN-debug] GET    /sys/scheduler/tasks/     --> autoadmin/internal/scheduler.(*Handler).List-fm (7 handlers)
[GIN-debug] GET    /sys/scheduler/tasks/:id/ --> autoadmin/internal/scheduler.(*Handler).Get-fm (7 handlers)
[GIN-debug] PATCH  /sys/scheduler/tasks/:id/ --> autoadmin/internal/scheduler.(*Handler).Update-fm (7 handlers)
[GIN-debug] POST   /sys/scheduler/tasks/:id/toggle_enabled/ --> autoadmin/internal/scheduler.(*Handler).Toggle-fm (7 handlers)
[GIN-debug] POST   /sys/scheduler/tasks/:id/enable/ --> autoadmin/internal/scheduler.(*Handler).Enable-fm (7 handlers)
[GIN-debug] POST   /sys/scheduler/tasks/:id/disable/ --> autoadmin/internal/scheduler.(*Handler).Disable-fm (7 handlers)
[GIN-debug] POST   /sys/scheduler/tasks/:id/run_now/ --> autoadmin/internal/scheduler.(*Handler).RunNow-fm (7 handlers)
[GIN-debug] GET    /sys/scheduler/tasks/:id/status/ --> autoadmin/internal/scheduler.(*Handler).Status-fm (7 handlers)
[GIN-debug] POST   /sys/scheduler/tasks/start_scheduler/ --> autoadmin/internal/scheduler.(*Handler).StartScheduler-fm (7 handlers)
[GIN-debug] POST   /sys/scheduler/tasks/stop_scheduler/ --> autoadmin/internal/scheduler.(*Handler).StopScheduler-fm (7 handlers)
[GIN-debug] GET    /sys/scheduler/task-logs/ --> autoadmin/internal/scheduler.(*Handler).ListLogs-fm (7 handlers)
[GIN-debug] GET    /sys/scheduler/task-logs/:id/ --> autoadmin/internal/scheduler.(*Handler).GetLog-fm (7 handlers)
[GIN-debug] GET    /sys/users/:id/           --> autoadmin/internal/identity.(*Handler).UserDetail-fm (7 handlers)
[GIN-debug] POST   /sys/users/               --> autoadmin/internal/identity.(*Handler).CreateUser-fm (7 handlers)
[GIN-debug] PATCH  /sys/users/:id/           --> autoadmin/internal/identity.(*Handler).UpdateUser-fm (7 handlers)
[GIN-debug] GET    /sys/users/checkUserName/ --> autoadmin/internal/identity.(*Handler).CheckUsername-fm (7 handlers)
[GIN-debug] POST   /sys/users/batch-delete/  --> autoadmin/internal/identity.(*Handler).BatchDeleteUsers-fm (7 handlers)
[GIN-debug] POST   /sys/users/resetUserPwd/  --> autoadmin/internal/identity.(*Handler).ResetPassword-fm (7 handlers)
[GIN-debug] POST   /sys/users/assginUserRoles/ --> autoadmin/internal/identity.(*Handler).AssignRoles-fm (7 handlers)
[GIN-debug] POST   /sys/users/changeUserStatus/ --> autoadmin/internal/identity.(*Handler).ChangeUserStatus-fm (7 handlers)
[GIN-debug] GET    /sys/users/getUserRolesById/ --> autoadmin/internal/identity.(*Handler).GetUserRoles-fm (7 handlers)
[GIN-debug] GET    /sys/user-groups/         --> autoadmin/internal/identity.(*Handler).ListUserGroups-fm (7 handlers)
[GIN-debug] POST   /sys/user-groups/create/  --> autoadmin/internal/identity.(*Handler).CreateUserGroup-fm (7 handlers)
[GIN-debug] POST   /sys/user-groups/update/  --> autoadmin/internal/identity.(*Handler).UpdateUserGroup-fm (7 handlers)
[GIN-debug] POST   /sys/user-groups/batch-delete/ --> autoadmin/internal/identity.(*Handler).BatchDeleteUserGroups-fm (7 handlers)
[GIN-debug] GET    /sys/roles/               --> autoadmin/internal/rbac.(*Handler).List-fm (7 handlers)
[GIN-debug] GET    /sys/roles/:id/           --> autoadmin/internal/rbac.(*Handler).Get-fm (7 handlers)
[GIN-debug] POST   /sys/roles/               --> autoadmin/internal/rbac.(*Handler).Create-fm (7 handlers)
[GIN-debug] PATCH  /sys/roles/:id/           --> autoadmin/internal/rbac.(*Handler).Update-fm (7 handlers)
[GIN-debug] POST   /sys/roles/batch-delete/  --> autoadmin/internal/rbac.(*Handler).DeleteMany-fm (7 handlers)
[GIN-debug] GET    /sys/roles/getCurrentUserRoleList/ --> autoadmin/internal/rbac.(*Handler).Current-fm (6 handlers)
[GIN-debug] GET    /sys/menus/getMenuTree/   --> autoadmin/internal/rbac.(*Handler).MenuTree-fm (7 handlers)
[GIN-debug] GET    /sys/menus/:id/           --> autoadmin/internal/rbac.(*Handler).GetMenu-fm (7 handlers)
[GIN-debug] POST   /sys/menus/               --> autoadmin/internal/rbac.(*Handler).CreateMenu-fm (7 handlers)
[GIN-debug] PATCH  /sys/menus/:id/           --> autoadmin/internal/rbac.(*Handler).UpdateMenu-fm (7 handlers)
[GIN-debug] GET    /sys/menus/getMenuListByRoleId/ --> autoadmin/internal/rbac.(*Handler).MenuIDsByRole-fm (7 handlers)
[GIN-debug] POST   /sys/menus/grantMenu/     --> autoadmin/internal/rbac.(*Handler).GrantMenus-fm (7 handlers)
[GIN-debug] DELETE /sys/menus/deleteMenuById/ --> autoadmin/internal/rbac.(*Handler).DeleteMenu-fm (7 handlers)
[GIN-debug] GET    /sys/configs/             --> autoadmin/internal/sysconfig.(*Handler).List-fm (6 handlers)
[GIN-debug] GET    /sys/configs/:id/         --> autoadmin/internal/sysconfig.(*Handler).Get-fm (6 handlers)
[GIN-debug] PATCH  /sys/configs/:id/         --> autoadmin/internal/sysconfig.(*Handler).Update-fm (6 handlers)
[GIN-debug] POST   /sys/configs/:id/reset-default/ --> autoadmin/internal/sysconfig.(*Handler).Reset-fm (6 handlers)
[GIN-debug] GET    /sys/configs/by-key/:key/ --> autoadmin/internal/sysconfig.(*Handler).GetByKey-fm (6 handlers)
[GIN-debug] PATCH  /sys/configs/update-by-key/:key/ --> autoadmin/internal/sysconfig.(*Handler).UpdateByKey-fm (6 handlers)
[GIN-debug] GET    /sys/audit/operation-logs/ --> autoadmin/internal/audit.(*Handler).List-fm (7 handlers)
[GIN-debug] GET    /sys/audit/login-logs/    --> autoadmin/internal/audit.(*Handler).ListLoginLogs-fm (7 handlers)
[GIN-debug] GET    /sys/audit/webssh-sessions/ --> autoadmin/internal/audit.(*Handler).ListWebSSHSessions-fm (7 handlers)
[GIN-debug] GET    /sys/audit/webssh-sessions/:id/content/ --> autoadmin/internal/audit.(*Handler).WebSSHContent-fm (7 handlers)
[GIN-debug] GET    /sys/audit/webssh-sessions/:id/download/ --> autoadmin/internal/audit.(*Handler).DownloadWebSSH-fm (7 handlers)
[GIN-debug] GET    /sys/audit/webssh-sessions/download-all/ --> autoadmin/internal/audit.(*Handler).DownloadWebSSHMany-fm (7 handlers)
[GIN-debug] GET    /api/agent/jobs/query     --> autoadmin/internal/assets.(*Handler).QueryAgentJobs-fm (6 handlers)
[GIN-debug] GET    /api/agent/packages/      --> autoadmin/internal/assets.(*Handler).ListAgentPackages-fm (7 handlers)
[GIN-debug] GET    /api/agent/packages/download/ --> autoadmin/internal/assets.(*Handler).DownloadAgentPackage-fm (7 handlers)
[GIN-debug] POST   /api/agent/packages/upload/ --> autoadmin/internal/assets.(*Handler).UploadAgentPackage-fm (7 handlers)
[GIN-debug] POST   /api/agent/packages/:id/activate/ --> autoadmin/internal/assets.(*Handler).ActivateAgentPackage-fm (7 handlers)
[GIN-debug] POST   /api/agent/packages/batch-delete/ --> autoadmin/internal/assets.(*Handler).BatchDeleteAgentPackages-fm (7 handlers)
[GIN-debug] POST   /api/agent/install        --> autoadmin/internal/assets.(*Handler).AgentInstall-fm (7 handlers)
[GIN-debug] GET    /assets/projects/         --> autoadmin/internal/assets.(*Handler).ListProjects-fm (7 handlers)
[GIN-debug] GET    /assets/projects/:id/     --> autoadmin/internal/assets.(*Handler).GetProject-fm (7 handlers)
[GIN-debug] POST   /assets/projects/         --> autoadmin/internal/assets.(*Handler).CreateProject-fm (7 handlers)
[GIN-debug] PUT    /assets/projects/:id/     --> autoadmin/internal/assets.(*Handler).UpdateProject-fm (7 handlers)
[GIN-debug] PATCH  /assets/projects/:id/     --> autoadmin/internal/assets.(*Handler).UpdateProject-fm (7 handlers)
[GIN-debug] POST   /assets/projects/batch-delete/ --> autoadmin/internal/assets.(*Handler).BatchDeleteProjects-fm (7 handlers)
[GIN-debug] GET    /assets/business-systems/ --> autoadmin/internal/assets.(*Handler).ListBusinessSystems-fm (7 handlers)
[GIN-debug] GET    /assets/business-systems/:id/ --> autoadmin/internal/assets.(*Handler).GetBusinessSystem-fm (7 handlers)
[GIN-debug] POST   /assets/business-systems/ --> autoadmin/internal/assets.(*Handler).CreateBusinessSystem-fm (7 handlers)
[GIN-debug] PUT    /assets/business-systems/:id/ --> autoadmin/internal/assets.(*Handler).UpdateBusinessSystem-fm (7 handlers)
[GIN-debug] PATCH  /assets/business-systems/:id/ --> autoadmin/internal/assets.(*Handler).UpdateBusinessSystem-fm (7 handlers)
[GIN-debug] POST   /assets/business-systems/batch-delete/ --> autoadmin/internal/assets.(*Handler).BatchDeleteBusinessSystems-fm (7 handlers)
[GIN-debug] GET    /assets/business-environments/ --> autoadmin/internal/assets.(*Handler).ListEnvironments-fm (7 handlers)
[GIN-debug] GET    /assets/business-environments/:id/ --> autoadmin/internal/assets.(*Handler).GetEnvironment-fm (7 handlers)
[GIN-debug] POST   /assets/business-environments/ --> autoadmin/internal/assets.(*Handler).CreateEnvironment-fm (7 handlers)
[GIN-debug] PUT    /assets/business-environments/:id/ --> autoadmin/internal/assets.(*Handler).UpdateEnvironment-fm (7 handlers)
[GIN-debug] PATCH  /assets/business-environments/:id/ --> autoadmin/internal/assets.(*Handler).UpdateEnvironment-fm (7 handlers)
[GIN-debug] POST   /assets/business-environments/batch-delete/ --> autoadmin/internal/assets.(*Handler).BatchDeleteEnvironments-fm (7 handlers)
[GIN-debug] GET    /assets/credentials/      --> autoadmin/internal/assets.(*Handler).ListCredentials-fm (7 handlers)
[GIN-debug] POST   /assets/credentials/batch-create/ --> autoadmin/internal/assets.(*Handler).BatchCreateCredentials-fm (7 handlers)
[GIN-debug] POST   /assets/credentials/batch-delete/ --> autoadmin/internal/assets.(*Handler).DeleteCredentials-fm (7 handlers)
[GIN-debug] GET    /assets/credentials/:id/  --> autoadmin/internal/assets.(*Handler).GetCredential-fm (7 handlers)
[GIN-debug] POST   /assets/credentials/      --> autoadmin/internal/assets.(*Handler).CreateCredential-fm (7 handlers)
[GIN-debug] PUT    /assets/credentials/:id/  --> autoadmin/internal/assets.(*Handler).UpdateCredential-fm (7 handlers)
[GIN-debug] PATCH  /assets/credentials/:id/  --> autoadmin/internal/assets.(*Handler).UpdateCredential-fm (7 handlers)
[GIN-debug] GET    /assets/host-groups/      --> autoadmin/internal/assets.(*Handler).ListHostGroups-fm (7 handlers)
[GIN-debug] GET    /assets/host-groups/tree/ --> autoadmin/internal/assets.(*Handler).HostGroupTree-fm (7 handlers)
[GIN-debug] GET    /assets/host-groups/:id/  --> autoadmin/internal/assets.(*Handler).GetHostGroup-fm (7 handlers)
[GIN-debug] POST   /assets/host-groups/      --> autoadmin/internal/assets.(*Handler).CreateHostGroup-fm (7 handlers)
[GIN-debug] PUT    /assets/host-groups/:id/  --> autoadmin/internal/assets.(*Handler).UpdateHostGroup-fm (7 handlers)
[GIN-debug] PATCH  /assets/host-groups/:id/  --> autoadmin/internal/assets.(*Handler).UpdateHostGroup-fm (7 handlers)
[GIN-debug] POST   /assets/host-groups/batch-delete/ --> autoadmin/internal/assets.(*Handler).BatchDeleteHostGroups-fm (7 handlers)
[GIN-debug] GET    /assets/hosts/:id/webssh/ --> autoadmin/internal/assets.(*Handler).WebSSH-fm (7 handlers)
[GIN-debug] GET    /assets/hosts/:id/agent-runtime-status/ --> autoadmin/internal/assets.(*Handler).GetHostAgentRuntimeStatus-fm (7 handlers)
[GIN-debug] GET    /assets/hosts/:id/webssh-active-count/ --> autoadmin/internal/assets.(*Handler).GetHostWebSSHActiveCount-fm (7 handlers)
[GIN-debug] GET    /assets/hosts/:id/webssh-active-sessions/ --> autoadmin/internal/assets.(*Handler).GetHostWebSSHActiveSessions-fm (7 handlers)
[GIN-debug] GET    /assets/hosts/:id/files/list/ --> autoadmin/internal/assets.(*Handler).ListWebSSHFiles-fm (7 handlers)
[GIN-debug] GET    /assets/hosts/:id/files/download/ --> autoadmin/internal/assets.(*Handler).DownloadWebSSHFile-fm (7 handlers)
[GIN-debug] POST   /assets/hosts/:id/files/upload/chunk/ --> autoadmin/internal/assets.(*Handler).UploadWebSSHFile-fm (7 handlers)
[GIN-debug] POST   /assets/hosts/:id/files/rename/ --> autoadmin/internal/assets.(*Handler).RenameWebSSHFile-fm (7 handlers)
[GIN-debug] DELETE /assets/hosts/:id/files/delete/ --> autoadmin/internal/assets.(*Handler).DeleteWebSSHFile-fm (7 handlers)
[GIN-debug] POST   /assets/hosts/:id/files/create-dir/ --> autoadmin/internal/assets.(*Handler).CreateWebSSHDirectory-fm (7 handlers)
[GIN-debug] POST   /assets/hosts/:id/refresh-info/ --> autoadmin/internal/assets.(*Handler).RefreshHostInfo-fm (7 handlers)
[GIN-debug] GET    /assets/hosts/            --> autoadmin/internal/assets.(*Handler).ListHosts-fm (7 handlers)
[GIN-debug] POST   /assets/hosts/refresh-info/ --> autoadmin/internal/assets.(*Handler).BatchRefreshHostInfo-fm (7 handlers)
[GIN-debug] POST   /assets/hosts/batch-delete/ --> autoadmin/internal/assets.(*Handler).DeleteHosts-fm (7 handlers)
[GIN-debug] GET    /assets/hosts/:id/        --> autoadmin/internal/assets.(*Handler).GetHost-fm (7 handlers)
[GIN-debug] POST   /assets/hosts/            --> autoadmin/internal/assets.(*Handler).CreateHost-fm (7 handlers)
[GIN-debug] PUT    /assets/hosts/:id/        --> autoadmin/internal/assets.(*Handler).UpdateHost-fm (7 handlers)
[GIN-debug] PATCH  /assets/hosts/:id/        --> autoadmin/internal/assets.(*Handler).UpdateHost-fm (7 handlers)
[GIN-debug] GET    /ws/assets/hosts/:id/webssh/ --> autoadmin/internal/assets.(*Handler).WebSSH-fm (7 handlers)
[GIN-debug] GET    /ws/automation/jobs/:id/logs/ --> autoadmin/internal/automation.(*Handler).JobLogStream-fm (7 handlers)
[GIN-debug] GET    /assets/applications/     --> autoadmin/internal/assets.(*Handler).ListApplications-fm (7 handlers)
[GIN-debug] GET    /assets/applications/:id/ --> autoadmin/internal/assets.(*Handler).GetApplication-fm (7 handlers)
[GIN-debug] POST   /assets/applications/     --> autoadmin/internal/assets.(*Handler).CreateApplication-fm (7 handlers)
[GIN-debug] PUT    /assets/applications/:id/ --> autoadmin/internal/assets.(*Handler).UpdateApplication-fm (7 handlers)
[GIN-debug] PATCH  /assets/applications/:id/ --> autoadmin/internal/assets.(*Handler).UpdateApplication-fm (7 handlers)
[GIN-debug] POST   /assets/applications/batch-delete/ --> autoadmin/internal/assets.(*Handler).DeleteApplications-fm (7 handlers)
[GIN-debug] GET    /assets/application-versions/ --> autoadmin/internal/assets.(*Handler).ListVersions-fm (7 handlers)
[GIN-debug] GET    /assets/application-versions/:id/ --> autoadmin/internal/assets.(*Handler).GetVersion-fm (7 handlers)
[GIN-debug] POST   /assets/application-versions/ --> autoadmin/internal/assets.(*Handler).CreateVersion-fm (7 handlers)
[GIN-debug] PUT    /assets/application-versions/:id/ --> autoadmin/internal/assets.(*Handler).UpdateVersion-fm (7 handlers)
[GIN-debug] PATCH  /assets/application-versions/:id/ --> autoadmin/internal/assets.(*Handler).UpdateVersion-fm (7 handlers)
[GIN-debug] POST   /assets/application-versions/batch-delete/ --> autoadmin/internal/assets.(*Handler).BatchDeleteVersions-fm (7 handlers)
[GIN-debug] GET    /assets/cluster-profiles/ --> autoadmin/internal/assets.(*Handler).ListProfiles-fm (7 handlers)
[GIN-debug] GET    /assets/cluster-profiles/:id/ --> autoadmin/internal/assets.(*Handler).GetProfile-fm (7 handlers)
[GIN-debug] POST   /assets/cluster-profiles/ --> autoadmin/internal/assets.(*Handler).CreateProfile-fm (7 handlers)
[GIN-debug] PUT    /assets/cluster-profiles/:id/ --> autoadmin/internal/assets.(*Handler).UpdateProfile-fm (7 handlers)
[GIN-debug] PATCH  /assets/cluster-profiles/:id/ --> autoadmin/internal/assets.(*Handler).UpdateProfile-fm (7 handlers)
[GIN-debug] POST   /assets/cluster-profiles/batch-delete/ --> autoadmin/internal/assets.(*Handler).BatchDeleteProfiles-fm (7 handlers)
[GIN-debug] GET    /sys/security/baseline/   --> autoadmin/internal/baseline.(*Handler).ListBaselines-fm (7 handlers)
[GIN-debug] GET    /sys/security/baseline/:id/ --> autoadmin/internal/baseline.(*Handler).GetBaseline-fm (7 handlers)
[GIN-debug] POST   /sys/security/baseline/   --> autoadmin/internal/baseline.(*Handler).SaveBaseline-fm (7 handlers)
[GIN-debug] PATCH  /sys/security/baseline/:id/ --> autoadmin/internal/baseline.(*Handler).SaveBaseline-fm (7 handlers)
[GIN-debug] DELETE /sys/security/baseline/:id/ --> autoadmin/internal/baseline.(*Handler).DeleteBaseline-fm (7 handlers)
[GIN-debug] POST   /sys/security/baseline/:id/scan/ --> autoadmin/internal/baseline.(*Handler).StartScan-fm (7 handlers)
[GIN-debug] POST   /sys/security/baseline/:id/categories/ --> autoadmin/internal/baseline.(*Handler).CreateBaselineCategory-fm (7 handlers)
[GIN-debug] PATCH  /sys/security/baseline/:id/categories/:categoryId/ --> autoadmin/internal/baseline.(*Handler).UpdateBaselineCategory-fm (7 handlers)
[GIN-debug] DELETE /sys/security/baseline/:id/categories/:categoryId/ --> autoadmin/internal/baseline.(*Handler).DeleteBaselineCategory-fm (7 handlers)
[GIN-debug] POST   /sys/security/baseline/:id/items/ --> autoadmin/internal/baseline.(*Handler).AddBaselineItem-fm (7 handlers)
[GIN-debug] PATCH  /sys/security/baseline/:id/items/:itemId/ --> autoadmin/internal/baseline.(*Handler).UpdateBaselineItem-fm (7 handlers)
[GIN-debug] DELETE /sys/security/baseline/:id/items/:itemId/ --> autoadmin/internal/baseline.(*Handler).DeleteBaselineItem-fm (7 handlers)
[GIN-debug] GET    /sys/security/scans/      --> autoadmin/internal/baseline.(*Handler).ListScans-fm (7 handlers)
[GIN-debug] GET    /sys/security/scans/:id/  --> autoadmin/internal/baseline.(*Handler).GetScan-fm (7 handlers)
[GIN-debug] POST   /sys/security/scans/:id/cancel/ --> autoadmin/internal/baseline.(*Handler).CancelScan-fm (7 handlers)
[GIN-debug] GET    /assets/application-deployment-templates/ --> autoadmin/internal/assets.(*Handler).ListDeploymentTemplates-fm (7 handlers)
[GIN-debug] GET    /assets/application-deployment-templates/:id/ --> autoadmin/internal/assets.(*Handler).GetDeploymentTemplate-fm (7 handlers)
[GIN-debug] POST   /assets/application-deployment-templates/ --> autoadmin/internal/assets.(*Handler).CreateDeploymentTemplate-fm (7 handlers)
[GIN-debug] PUT    /assets/application-deployment-templates/:id/ --> autoadmin/internal/assets.(*Handler).UpdateDeploymentTemplate-fm (7 handlers)
[GIN-debug] PATCH  /assets/application-deployment-templates/:id/ --> autoadmin/internal/assets.(*Handler).UpdateDeploymentTemplate-fm (7 handlers)
[GIN-debug] POST   /assets/application-deployment-templates/batch-delete/ --> autoadmin/internal/assets.(*Handler).BatchDeleteDeploymentTemplates-fm (7 handlers)
[GIN-debug] GET    /assets/application-services/ --> autoadmin/internal/assets.(*Handler).ListApplicationServices-fm (7 handlers)
[GIN-debug] GET    /assets/application-services/:id/log-config/ --> autoadmin/internal/assets.(*Handler).GetApplicationServiceLogConfig-fm (7 handlers)
[GIN-debug] POST   /assets/application-services/:id/refresh-runtime-status/ --> autoadmin/internal/assets.(*Handler).RefreshApplicationServiceRuntimeStatus-fm (7 handlers)
[GIN-debug] GET    /assets/application-services/:id/ --> autoadmin/internal/assets.(*Handler).GetApplicationService-fm (7 handlers)
[GIN-debug] POST   /assets/application-services/ --> autoadmin/internal/assets.(*Handler).CreateApplicationService-fm (7 handlers)
[GIN-debug] PATCH  /assets/application-services/:id/ --> autoadmin/internal/assets.(*Handler).UpdateApplicationService-fm (7 handlers)
[GIN-debug] POST   /assets/application-services/batch-delete/ --> autoadmin/internal/assets.(*Handler).BatchDeleteApplicationServices-fm (7 handlers)
[GIN-debug] GET    /assets/application-deployments/ --> autoadmin/internal/assets.(*Handler).ListApplicationDeployments-fm (7 handlers)
[GIN-debug] GET    /assets/application-deployments/:id/ --> autoadmin/internal/assets.(*Handler).GetApplicationDeployment-fm (7 handlers)
[GIN-debug] POST   /assets/application-deployments/:id/control/ --> autoadmin/internal/assets.(*Handler).ControlApplicationDeployment-fm (7 handlers)
[GIN-debug] POST   /assets/application-deployments/ --> autoadmin/internal/assets.(*Handler).CreateApplicationDeployment-fm (7 handlers)
[GIN-debug] PATCH  /assets/application-deployments/:id/ --> autoadmin/internal/assets.(*Handler).UpdateApplicationDeployment-fm (7 handlers)
[GIN-debug] POST   /assets/application-deployments/batch-delete/ --> autoadmin/internal/assets.(*Handler).BatchDeleteApplicationDeployments-fm (7 handlers)
[GIN-debug] GET    /sys/inspection/groups/   --> autoadmin/internal/inspection.(*Handler).ListGroups-fm (7 handlers)
[GIN-debug] GET    /sys/inspection/groups/:id/ --> autoadmin/internal/inspection.(*Handler).GetGroup-fm (7 handlers)
[GIN-debug] POST   /sys/inspection/groups/   --> autoadmin/internal/inspection.(*Handler).SaveGroup-fm (7 handlers)
[GIN-debug] PATCH  /sys/inspection/groups/:id/ --> autoadmin/internal/inspection.(*Handler).SaveGroup-fm (7 handlers)
[GIN-debug] POST   /sys/inspection/groups/batch-delete/ --> autoadmin/internal/inspection.(*Handler).BatchDeleteGroups-fm (7 handlers)
[GIN-debug] GET    /sys/inspection/tasks/    --> autoadmin/internal/inspection.(*Handler).ListTasks-fm (7 handlers)
[GIN-debug] GET    /sys/inspection/tasks/:id/ --> autoadmin/internal/inspection.(*Handler).GetTask-fm (7 handlers)
[GIN-debug] POST   /sys/inspection/tasks/    --> autoadmin/internal/inspection.(*Handler).SaveTask-fm (7 handlers)
[GIN-debug] PATCH  /sys/inspection/tasks/:id/ --> autoadmin/internal/inspection.(*Handler).SaveTask-fm (7 handlers)
[GIN-debug] POST   /sys/inspection/tasks/batch-delete/ --> autoadmin/internal/inspection.(*Handler).BatchDeleteTasks-fm (7 handlers)
[GIN-debug] POST   /sys/inspection/tasks/:id/run/ --> autoadmin/internal/inspection.(*Handler).RunTask-fm (7 handlers)
[GIN-debug] GET    /sys/inspection/executions/ --> autoadmin/internal/inspection.(*Handler).ListExecutions-fm (7 handlers)
[GIN-debug] GET    /sys/inspection/executions/:id/ --> autoadmin/internal/inspection.(*Handler).GetExecution-fm (7 handlers)
[GIN-debug] POST   /sys/inspection/executions/:id/cancel/ --> autoadmin/internal/inspection.(*Handler).CancelExecution-fm (7 handlers)
[GIN-debug] GET    /monitor/summary/         --> autoadmin/internal/monitor.(*Handler).Summary-fm (7 handlers)
[GIN-debug] GET    /monitor/packages/        --> autoadmin/internal/monitor.(*Handler).ListPackages-fm (7 handlers)
[GIN-debug] POST   /monitor/packages/        --> autoadmin/internal/monitor.(*Handler).CreateSoftwarePackage-fm (7 handlers)
[GIN-debug] GET    /monitor/packages/:id/    --> autoadmin/internal/monitor.(*Handler).GetSoftwarePackage-fm (7 handlers)
[GIN-debug] PATCH  /monitor/packages/:id/    --> autoadmin/internal/monitor.(*Handler).UpdateSoftwarePackage-fm (7 handlers)
[GIN-debug] PUT    /monitor/packages/:id/    --> autoadmin/internal/monitor.(*Handler).UpdateSoftwarePackage-fm (7 handlers)
[GIN-debug] POST   /monitor/packages/:id/upload/ --> autoadmin/internal/monitor.(*Handler).UploadSoftwarePackage-fm (7 handlers)
[GIN-debug] POST   /monitor/packages/:id/sync-official/ --> autoadmin/internal/monitor.(*Handler).SyncSoftwarePackageFromOfficial-fm (7 handlers)
[GIN-debug] POST   /monitor/packages/batch-delete/ --> autoadmin/internal/monitor.(*Handler).BatchDeleteSoftwarePackages-fm (7 handlers)
[GIN-debug] GET    /monitor/targets/         --> autoadmin/internal/monitor.(*Handler).ListTargets-fm (7 handlers)
[GIN-debug] GET    /monitor/targets/host-group-tree/ --> autoadmin/internal/monitor.(*Handler).HostGroupTree-fm (7 handlers)
[GIN-debug] GET    /monitor/targets/exporter-options/ --> autoadmin/internal/monitor.(*Handler).ExporterOptions-fm (7 handlers)
[GIN-debug] GET    /monitor/targets/host-overview/ --> autoadmin/internal/monitor.(*Handler).HostOverview-fm (7 handlers)
[GIN-debug] POST   /monitor/targets/batch-create/ --> autoadmin/internal/monitor.(*Handler).BatchCreateTargets-fm (7 handlers)
[GIN-debug] POST   /monitor/targets/batch-delete/ --> autoadmin/internal/monitor.(*Handler).BatchDeleteTargets-fm (7 handlers)
[GIN-debug] POST   /monitor/targets/batch-start-service/ --> autoadmin/internal/monitor.(*Handler).BatchStartTargetService-fm (7 handlers)
[GIN-debug] POST   /monitor/targets/batch-stop-service/ --> autoadmin/internal/monitor.(*Handler).BatchStopTargetService-fm (7 handlers)
[GIN-debug] GET    /monitor/targets/:id/     --> autoadmin/internal/monitor.(*Handler).GetTarget-fm (7 handlers)
[GIN-debug] PATCH  /monitor/targets/:id/     --> autoadmin/internal/monitor.(*Handler).UpdateTarget-fm (7 handlers)
[GIN-debug] PUT    /monitor/targets/:id/     --> autoadmin/internal/monitor.(*Handler).UpdateTarget-fm (7 handlers)
[GIN-debug] POST   /monitor/targets/:id/retry/ --> autoadmin/internal/monitor.(*Handler).RetryTarget-fm (7 handlers)
[GIN-debug] POST   /monitor/targets/:id/cancel/ --> autoadmin/internal/monitor.(*Handler).CancelTarget-fm (7 handlers)
[GIN-debug] POST   /monitor/targets/:id/check-service-status/ --> autoadmin/internal/monitor.(*Handler).CheckTargetService-fm (7 handlers)
[GIN-debug] POST   /monitor/targets/:id/start-service/ --> autoadmin/internal/monitor.(*Handler).StartTargetService-fm (7 handlers)
[GIN-debug] POST   /monitor/targets/:id/stop-service/ --> autoadmin/internal/monitor.(*Handler).StopTargetService-fm (7 handlers)
[GIN-debug] GET    /monitor/install-histories/ --> autoadmin/internal/monitor.(*Handler).ListInstallHistories-fm (7 handlers)
[GIN-debug] GET    /monitor/install-histories/:id/ --> autoadmin/internal/monitor.(*Handler).GetInstallHistory-fm (7 handlers)
[GIN-debug] POST   /monitor/install-histories/:id/cancel/ --> autoadmin/internal/monitor.(*Handler).CancelInstallHistory-fm (7 handlers)
[GIN-debug] POST   /monitor/log-targets/batch-create/ --> autoadmin/internal/monitor.(*Handler).BatchCreateLogTargets-fm (7 handlers)
[GIN-debug] POST   /monitor/log-targets/batch-retry/ --> autoadmin/internal/monitor.(*Handler).BatchRetryLogTargets-fm (7 handlers)
[GIN-debug] POST   /monitor/log-targets/batch-start-service/ --> autoadmin/internal/monitor.(*Handler).BatchStartLogTargets-fm (7 handlers)
[GIN-debug] POST   /monitor/log-targets/batch-stop-service/ --> autoadmin/internal/monitor.(*Handler).BatchStopLogTargets-fm (7 handlers)
[GIN-debug] POST   /monitor/log-targets/batch-apply/ --> autoadmin/internal/monitor.(*Handler).BatchApplyLogTargets-fm (7 handlers)
[GIN-debug] POST   /monitor/log-targets/:id/retry/ --> autoadmin/internal/monitor.(*Handler).RetryLogTarget-fm (7 handlers)
[GIN-debug] POST   /monitor/log-targets/:id/cancel/ --> autoadmin/internal/monitor.(*Handler).CancelLogTarget-fm (7 handlers)
[GIN-debug] POST   /monitor/log-targets/batch-delete/ --> autoadmin/internal/monitor.(*Handler).BatchDeleteLogTargets-fm (7 handlers)
[GIN-debug] POST   /monitor/log-targets/:id/check-status/ --> autoadmin/internal/monitor.(*Handler).CheckLogTargetService-fm (7 handlers)
[GIN-debug] POST   /monitor/log-targets/:id/start-service/ --> autoadmin/internal/monitor.(*Handler).StartLogTargetService-fm (7 handlers)
[GIN-debug] POST   /monitor/log-targets/:id/stop-service/ --> autoadmin/internal/monitor.(*Handler).StopLogTargetService-fm (7 handlers)
[GIN-debug] POST   /monitor/log-targets/:id/apply/ --> autoadmin/internal/monitor.(*Handler).ApplyLogTargetConfig-fm (7 handlers)
[GIN-debug] GET    /monitor/alert-histories/ --> autoadmin/internal/monitor.(*Handler).ListAlertHistories-fm (7 handlers)
[GIN-debug] GET    /monitor/alert-histories/:id/ --> autoadmin/internal/monitor.(*Handler).GetAlertHistory-fm (7 handlers)
[GIN-debug] GET    /monitor/alert-histories/:id/notification-status/ --> autoadmin/internal/monitor.(*Handler).AlertNotificationStatus-fm (7 handlers)
[GIN-debug] GET    /monitor/alert-notification/user-chain/ --> autoadmin/internal/monitor.(*Handler).UserAlertChain-fm (7 handlers)
[GIN-debug] GET    /monitor/alert-notification/chain/:historyId/ --> autoadmin/internal/monitor.(*Handler).AlertChainEvaluation-fm (7 handlers)
[GIN-debug] GET    /monitor/media/           --> autoadmin/internal/monitor.(*Handler).ListAlertMedia-fm (7 handlers)
[GIN-debug] POST   /monitor/media/           --> autoadmin/internal/monitor.(*Handler).CreateAlertMedia-fm (7 handlers)
[GIN-debug] GET    /monitor/media/:id/       --> autoadmin/internal/monitor.(*Handler).GetAlertMedia-fm (7 handlers)
[GIN-debug] PATCH  /monitor/media/:id/       --> autoadmin/internal/monitor.(*Handler).UpdateAlertMedia-fm (7 handlers)
[GIN-debug] PUT    /monitor/media/:id/       --> autoadmin/internal/monitor.(*Handler).UpdateAlertMedia-fm (7 handlers)
[GIN-debug] POST   /monitor/media/:id/test/  --> autoadmin/internal/monitor.(*Handler).TestAlertMedia-fm (7 handlers)
[GIN-debug] POST   /monitor/media/batch-delete/ --> autoadmin/internal/monitor.(*Handler).BatchDeleteAlertMedia-fm (7 handlers)
[GIN-debug] GET    /monitor/notification-policies/ --> autoadmin/internal/monitor.(*Handler).ListNotificationPolicies-fm (7 handlers)
[GIN-debug] POST   /monitor/notification-policies/create/ --> autoadmin/internal/monitor.(*Handler).CreateNotificationPolicy-fm (7 handlers)
[GIN-debug] POST   /monitor/notification-policies/update/ --> autoadmin/internal/monitor.(*Handler).UpdateNotificationPolicy-fm (7 handlers)
[GIN-debug] POST   /monitor/notification-policies/batch-delete/ --> autoadmin/internal/monitor.(*Handler).BatchDeleteNotificationPolicies-fm (7 handlers)
[GIN-debug] GET    /monitor/log-retention-tiers/ --> autoadmin/internal/monitor.(*Handler).ListRetentionTiers-fm (7 handlers)
[GIN-debug] POST   /monitor/log-retention-tiers/ --> autoadmin/internal/monitor.(*Handler).CreateRetentionTier-fm (7 handlers)
[GIN-debug] GET    /monitor/log-retention-tiers/:id/ --> autoadmin/internal/monitor.(*Handler).GetRetentionTier-fm (7 handlers)
[GIN-debug] PATCH  /monitor/log-retention-tiers/:id/ --> autoadmin/internal/monitor.(*Handler).UpdateRetentionTier-fm (7 handlers)
[GIN-debug] PUT    /monitor/log-retention-tiers/:id/ --> autoadmin/internal/monitor.(*Handler).UpdateRetentionTier-fm (7 handlers)
[GIN-debug] POST   /monitor/log-retention-tiers/batch-delete/ --> autoadmin/internal/monitor.(*Handler).BatchDeleteRetentionTiers-fm (7 handlers)
[GIN-debug] GET    /monitor/log-processing-rules/ --> autoadmin/internal/monitor.(*Handler).ListProcessingRules-fm (7 handlers)
[GIN-debug] POST   /monitor/log-processing-rules/ --> autoadmin/internal/monitor.(*Handler).CreateProcessingRule-fm (7 handlers)
[GIN-debug] GET    /monitor/log-processing-rules/:id/ --> autoadmin/internal/monitor.(*Handler).GetProcessingRule-fm (7 handlers)
[GIN-debug] PATCH  /monitor/log-processing-rules/:id/ --> autoadmin/internal/monitor.(*Handler).UpdateProcessingRule-fm (7 handlers)
[GIN-debug] PUT    /monitor/log-processing-rules/:id/ --> autoadmin/internal/monitor.(*Handler).UpdateProcessingRule-fm (7 handlers)
[GIN-debug] POST   /monitor/log-processing-rules/batch-delete/ --> autoadmin/internal/monitor.(*Handler).BatchDeleteProcessingRules-fm (7 handlers)
[GIN-debug] GET    /monitor/log-collection-filter-rules/ --> autoadmin/internal/monitor.(*Handler).ListFilterRules-fm (7 handlers)
[GIN-debug] POST   /monitor/log-collection-filter-rules/ --> autoadmin/internal/monitor.(*Handler).CreateFilterRule-fm (7 handlers)
[GIN-debug] GET    /monitor/log-collection-filter-rules/:id/ --> autoadmin/internal/monitor.(*Handler).GetFilterRule-fm (7 handlers)
[GIN-debug] PATCH  /monitor/log-collection-filter-rules/:id/ --> autoadmin/internal/monitor.(*Handler).UpdateFilterRule-fm (7 handlers)
[GIN-debug] PUT    /monitor/log-collection-filter-rules/:id/ --> autoadmin/internal/monitor.(*Handler).UpdateFilterRule-fm (7 handlers)
[GIN-debug] POST   /monitor/log-collection-filter-rules/batch-delete/ --> autoadmin/internal/monitor.(*Handler).BatchDeleteFilterRules-fm (7 handlers)
[GIN-debug] GET    /monitor/opensearch-clusters/ --> autoadmin/internal/monitor.(*Handler).ListOpenSearchClusters-fm (7 handlers)
[GIN-debug] POST   /monitor/opensearch-clusters/ --> autoadmin/internal/monitor.(*Handler).CreateOpenSearchCluster-fm (7 handlers)
[GIN-debug] GET    /monitor/opensearch-clusters/:id/ --> autoadmin/internal/monitor.(*Handler).GetOpenSearchCluster-fm (7 handlers)
[GIN-debug] PATCH  /monitor/opensearch-clusters/:id/ --> autoadmin/internal/monitor.(*Handler).UpdateOpenSearchCluster-fm (7 handlers)
[GIN-debug] PUT    /monitor/opensearch-clusters/:id/ --> autoadmin/internal/monitor.(*Handler).UpdateOpenSearchCluster-fm (7 handlers)
[GIN-debug] POST   /monitor/opensearch-clusters/batch-delete/ --> autoadmin/internal/monitor.(*Handler).BatchDeleteOpenSearchClusters-fm (7 handlers)
[GIN-debug] POST   /monitor/opensearch-clusters/:id/test-connection/ --> autoadmin/internal/monitor.(*Handler).TestOpenSearchConnection-fm (7 handlers)
[GIN-debug] GET    /monitor/opensearch-clusters/:id/log-health/ --> autoadmin/internal/monitor.(*Handler).OpenSearchLogHealth-fm (7 handlers)
[GIN-debug] POST   /monitor/opensearch-clusters/:id/pipeline-simulate/ --> autoadmin/internal/monitor.(*Handler).SimulateOpenSearchPipeline-fm (7 handlers)
[GIN-debug] GET    /monitor/opensearch-clusters/:id/log-search/ --> autoadmin/internal/monitor.(*Handler).OpenSearchLogSearch-fm (7 handlers)
[GIN-debug] GET    /monitor/opensearch-clusters/:id/log-facet-stats/ --> autoadmin/internal/monitor.(*Handler).OpenSearchLogFacetStats-fm (7 handlers)
[GIN-debug] GET    /monitor/opensearch-clusters/:id/log-storage-overview/ --> autoadmin/internal/monitor.(*Handler).GetLogStorageOverview-fm (7 handlers)
[GIN-debug] GET    /monitor/opensearch-clusters/:id/log-service-usage/ --> autoadmin/internal/monitor.(*Handler).GetLogServiceUsage-fm (7 handlers)
[GIN-debug] GET    /monitor/log-targets/:id/config-preview/ --> autoadmin/internal/monitor.(*Handler).GetHostLogConfigPreview-fm (7 handlers)
[GIN-debug] GET    /monitor/targets/summary/ --> autoadmin/internal/monitor.(*Handler).Summary-fm (7 handlers)
[GIN-debug] GET    /monitor/targets/prometheus/overview/ --> autoadmin/internal/monitor.(*Handler).PrometheusOverview-fm (7 handlers)
[GIN-debug] GET    /monitor/targets/prometheus/targets/ --> autoadmin/internal/monitor.(*Handler).PrometheusTargets-fm (7 handlers)
[GIN-debug] GET    /monitor/targets/prometheus/alerts/ --> autoadmin/internal/monitor.(*Handler).PrometheusAlerts-fm (7 handlers)
[GIN-debug] GET    /monitor/targets/prometheus/rules/ --> autoadmin/internal/monitor.(*Handler).PrometheusRules-fm (7 handlers)
[GIN-debug] GET    /monitor/targets/prometheus/tsdb-status/ --> autoadmin/internal/monitor.(*Handler).PrometheusTSDBStatus-fm (7 handlers)
[GIN-debug] GET    /monitor/targets/prometheus/config/ --> autoadmin/internal/monitor.(*Handler).PrometheusConfig-fm (7 handlers)
[GIN-debug] GET    /monitor/targets/prometheus/flags/ --> autoadmin/internal/monitor.(*Handler).PrometheusFlags-fm (7 handlers)
[GIN-debug] GET    /monitor/targets/prometheus/query/ --> autoadmin/internal/monitor.(*Handler).PrometheusQuery-fm (7 handlers)
[GIN-debug] GET    /monitor/targets/prometheus/query-range/ --> autoadmin/internal/monitor.(*Handler).PrometheusQueryRange-fm (7 handlers)
[GIN-debug] GET    /monitor/targets/prometheus/proxy/*apiPath --> autoadmin/internal/monitor.(*Handler).PrometheusProxy-fm (7 handlers)
[GIN-debug] POST   /monitor/targets/prometheus/proxy/*apiPath --> autoadmin/internal/monitor.(*Handler).PrometheusProxy-fm (7 handlers)
[GIN-debug] PUT    /monitor/targets/prometheus/proxy/*apiPath --> autoadmin/internal/monitor.(*Handler).PrometheusProxy-fm (7 handlers)
[GIN-debug] PATCH  /monitor/targets/prometheus/proxy/*apiPath --> autoadmin/internal/monitor.(*Handler).PrometheusProxy-fm (7 handlers)
[GIN-debug] HEAD   /monitor/targets/prometheus/proxy/*apiPath --> autoadmin/internal/monitor.(*Handler).PrometheusProxy-fm (7 handlers)
[GIN-debug] OPTIONS /monitor/targets/prometheus/proxy/*apiPath --> autoadmin/internal/monitor.(*Handler).PrometheusProxy-fm (7 handlers)
[GIN-debug] DELETE /monitor/targets/prometheus/proxy/*apiPath --> autoadmin/internal/monitor.(*Handler).PrometheusProxy-fm (7 handlers)
[GIN-debug] CONNECT /monitor/targets/prometheus/proxy/*apiPath --> autoadmin/internal/monitor.(*Handler).PrometheusProxy-fm (7 handlers)
[GIN-debug] TRACE  /monitor/targets/prometheus/proxy/*apiPath --> autoadmin/internal/monitor.(*Handler).PrometheusProxy-fm (7 handlers)
[GIN-debug] GET    /monitor/prometheus/http-sd/ --> autoadmin/internal/monitor.(*Handler).PrometheusHTTPServiceDiscovery-fm (6 handlers)
[GIN-debug] GET    /monitor/targets/prometheus/http-sd/ --> autoadmin/internal/monitor.(*Handler).PrometheusHTTPServiceDiscovery-fm (6 handlers)
[GIN-debug] POST   /monitor/alert-webhook/api/v2/alerts --> autoadmin/internal/monitor.(*Handler).AlertWebhook-fm (6 handlers)
2026/09/16 21:24:17 INFO agent session established instance_name=cdm-oracle-159 session_count=1
2026/09/16 21:24:17 INFO agent session established instance_name=mysql134 session_count=2
2026/09/16 21:24:17 INFO agent session established instance_name=cdm-179 session_count=3
2026/09/16 21:24:17 INFO agent session established instance_name=mysql136 session_count=5
2026/09/16 21:24:17 INFO agent session established instance_name=pvg-esb4-202 session_count=7
2026/09/16 21:24:17 INFO agent session established instance_name=mysql135 session_count=4
2026/09/16 21:24:17 INFO agent session established instance_name=pvg-esb4-206 session_count=6
2026/09/16 21:24:17 INFO agent session established instance_name=kul-tib-tomcat1 session_count=8
2026/09/16 21:24:17 INFO agent session established instance_name=tib-oracle session_count=9
2026/09/16 21:24:17 INFO agent session established instance_name=pvg-esb4-201 session_count=16
2026/09/16 21:24:17 INFO agent session established instance_name=pvg4-esb-208 session_count=10
2026/09/16 21:24:17 INFO agent session established instance_name=localhost session_count=11
2026/09/16 21:24:17 INFO agent session established instance_name=tib-es-redis-209 session_count=12
2026/09/16 21:24:17 INFO agent session established instance_name=tib_nginx-208 session_count=14
2026/09/16 21:24:17 INFO agent session established instance_name=177 session_count=17
2026/09/16 21:24:17 INFO agent session established instance_name=pvg-esb4-204 session_count=18
2026/09/16 21:24:17 INFO agent session established instance_name=pvg-esb4-207 session_count=15
2026/09/16 21:24:17 INFO agent session established instance_name=kul-tib-tomcat2 session_count=13
2026/09/16 21:24:17 INFO agent session established instance_name=cgk-oracle-10 session_count=19
[GIN] 2026/09/16 - 21:24:18 | 200 |   2.44ms |  192.168.124.15 | GET      "/assets/hosts/"
[GIN] 2026/09/16 - 21:24:19 | 200 | 356.83ms |   192.168.240.2 | POST     "/monitor/alert-webhook/api/v2/alerts"
[GIN] 2026/09/16 - 21:24:23 | 200 |   2.62ms |  192.168.124.15 | GET      "/assets/hosts/"
[GIN] 2026/09/16 - 21:24:28 | 200 |   2.22ms |  192.168.124.15 | GET      "/assets/hosts/"
[GIN] 2026/09/16 - 21:24:33 | 200 | 401.48ms |   192.168.240.2 | GET      "/monitor/prometheus/http-sd/"
[GIN] 2026/09/16 - 21:24:33 | 200 |   2.06ms |  192.168.124.15 | GET      "/assets/hosts/"
2026/09/16 21:24:35 [API-ERROR] GET /assets/hosts/: <nil>
[GIN] 2026/09/16 - 21:24:35 | 200 | 199.611µs |       127.0.0.1 | GET      "/assets/hosts/"
2026/09/16 21:24:35 [API-ERROR] GET /assets/hosts/: <nil>
[GIN] 2026/09/16 - 21:24:35 | 200 | 100.356µs |       127.0.0.1 | GET      "/assets/hosts/"
2026/09/16 21:24:35 [API-ERROR] GET /assets/hosts/: <nil>
[GIN] 2026/09/16 - 21:24:35 | 200 | 101.416µs |       127.0.0.1 | GET      "/assets/hosts/"
[GIN] 2026/09/16 - 21:24:38 | 200 |   3.71ms |  192.168.124.15 | GET      "/assets/hosts/"
[GIN] 2026/09/16 - 21:24:42 | 200 |   1.87ms |       127.0.0.1 | GET      "/assets/hosts/"
[GIN] 2026/09/16 - 21:24:42 | 200 |   2.29ms |       127.0.0.1 | GET      "/assets/hosts/"
[GIN] 2026/09/16 - 21:24:42 | 200 |   1.79ms |       127.0.0.1 | GET      "/assets/hosts/"
[GIN] 2026/09/16 - 21:24:43 | 200 |    3.3ms |  192.168.124.15 | GET      "/assets/hosts/"
[GIN] 2026/09/16 - 21:24:48 | 200 |   2.16ms |  192.168.124.15 | GET      "/assets/hosts/"
[GIN] 2026/09/16 - 21:24:53 | 200 |   2.45ms |  192.168.124.15 | GET      "/assets/hosts/"
[GIN] 2026/09/16 - 21:24:58 | 200 |   2.75ms |  192.168.124.15 | GET      "/assets/hosts/"
[GIN] 2026/09/16 - 21:25:01 | 200 |   1.94ms |  192.168.124.15 | GET      "/assets/hosts/"
[GIN] 2026/09/16 - 21:25:03 | 200 |  370.9ms |   192.168.240.2 | GET      "/monitor/prometheus/http-sd/"
[GIN] 2026/09/16 - 21:25:03 | 200 |   2.12ms |  192.168.124.15 | GET      "/assets/hosts/"
[GIN] 2026/09/16 - 21:25:08 | 200 |   5.81ms |  192.168.124.15 | GET      "/assets/hosts/"
[GIN] 2026/09/16 - 21:25:13 | 200 |   1.99ms |  192.168.124.15 | GET      "/assets/hosts/"
[GIN] 2026/09/16 - 21:25:18 | 200 |   3.15ms |  192.168.124.15 | GET      "/assets/hosts/"
[GIN] 2026/09/16 - 21:25:19 | 200 | 367.19ms |   192.168.240.2 | POST     "/monitor/alert-webhook/api/v2/alerts"
[GIN] 2026/09/16 - 21:25:20 | 200 | 360.18ms |   192.168.240.2 | POST     "/monitor/alert-webhook/api/v2/alerts"
[GIN] 2026/09/16 - 21:25:23 | 200 |   2.11ms |  192.168.124.15 | GET      "/assets/hosts/"
[GIN] 2026/09/16 - 21:25:28 | 200 |    3.1ms |  192.168.124.15 | GET      "/assets/hosts/"
[GIN] 2026/09/16 - 21:25:33 | 200 | 360.11ms |   192.168.240.2 | GET      "/monitor/prometheus/http-sd/"
[GIN] 2026/09/16 - 21:25:33 | 200 |    2.8ms |  192.168.124.15 | GET      "/assets/hosts/"
[GIN] 2026/09/16 - 21:25:38 | 200 |   1.96ms |  192.168.124.15 | GET      "/assets/hosts/"
[GIN] 2026/09/16 - 21:25:43 | 200 |   4.16ms |  192.168.124.15 | GET      "/assets/hosts/"
2026/09/16 21:25:48 INFO agent session ended instance_name=kul-tib-tomcat2 session_count=18
2026/09/16 21:25:48 INFO agent session ended instance_name=mysql135 session_count=17
2026/09/16 21:25:48 INFO agent session ended instance_name=kul-tib-tomcat1 session_count=16
2026/09/16 21:25:48 INFO agent session ended instance_name=tib-oracle session_count=15
2026/09/16 21:25:48 INFO agent session ended instance_name=pvg-esb4-201 session_count=14
2026/09/16 21:25:48 INFO agent session ended instance_name=cdm-179 session_count=13
2026/09/16 21:25:48 INFO agent session ended instance_name=localhost session_count=12
2026/09/16 21:25:48 INFO agent session ended instance_name=mysql136 session_count=11
2026/09/16 21:25:48 INFO agent session ended instance_name=pvg-esb4-204 session_count=10
2026/09/16 21:25:48 INFO agent session ended instance_name=177 session_count=9
2026/09/16 21:25:48 INFO agent session ended instance_name=pvg4-esb-208 session_count=8
2026/09/16 21:25:48 INFO agent session ended instance_name=mysql134 session_count=7
2026/09/16 21:25:48 INFO agent session ended instance_name=pvg-esb4-206 session_count=6
2026/09/16 21:25:48 INFO agent session ended instance_name=cgk-oracle-10 session_count=5
2026/09/16 21:25:48 INFO agent session ended instance_name=tib-es-redis-209 session_count=4
2026/09/16 21:25:48 INFO agent session ended instance_name=tib_nginx-208 session_count=3
2026/09/16 21:25:48 INFO agent session ended instance_name=pvg-esb4-207 session_count=2
2026/09/16 21:25:48 INFO agent session ended instance_name=cdm-oracle-159 session_count=1
2026/09/16 21:25:48 INFO agent session ended instance_name=pvg-esb4-202 session_count=0
[GIN] 2026/09/16 - 21:25:48 | 200 |   2.55ms |  192.168.124.15 | GET      "/assets/hosts/"
2026/09/16 21:25:49 INFO agent session established instance_name=kul-tib-tomcat2 session_count=1
2026/09/16 21:25:49 INFO agent session established instance_name=mysql135 session_count=2
2026/09/16 21:25:49 INFO agent session established instance_name=kul-tib-tomcat1 session_count=3
2026/09/16 21:25:49 INFO agent session established instance_name=cdm-179 session_count=4
2026/09/16 21:25:49 INFO agent session established instance_name=pvg-esb4-201 session_count=5
2026/09/16 21:25:49 INFO agent session established instance_name=tib-oracle session_count=6
2026/09/16 21:25:49 INFO agent session established instance_name=177 session_count=7
2026/09/16 21:25:49 INFO agent session established instance_name=pvg-esb4-206 session_count=8
2026/09/16 21:25:49 INFO agent session established instance_name=pvg-esb4-204 session_count=9
2026/09/16 21:25:49 INFO agent session established instance_name=mysql134 session_count=10
2026/09/16 21:25:49 INFO agent session established instance_name=localhost session_count=11
2026/09/16 21:25:49 INFO agent session established instance_name=cgk-oracle-10 session_count=12
2026/09/16 21:25:49 INFO agent session established instance_name=pvg4-esb-208 session_count=13
2026/09/16 21:25:49 INFO agent session established instance_name=mysql136 session_count=14
2026/09/16 21:25:49 INFO agent session established instance_name=pvg-esb4-207 session_count=15
2026/09/16 21:25:49 INFO agent session established instance_name=tib_nginx-208 session_count=16
2026/09/16 21:25:49 INFO agent session established instance_name=cdm-oracle-159 session_count=17
2026/09/16 21:25:49 INFO agent session established instance_name=pvg-esb4-202 session_count=18
2026/09/16 21:25:49 INFO agent session established instance_name=tib-es-redis-209 session_count=19
[GIN] 2026/09/16 - 21:25:49 | 200 | 378.24ms |   192.168.240.2 | POST     "/monitor/alert-webhook/api/v2/alerts"
[GIN] 2026/09/16 - 21:25:53 | 200 |   2.37ms |  192.168.124.15 | GET      "/assets/hosts/"
[GIN] 2026/09/16 - 21:25:58 | 200 |   2.27ms |  192.168.124.15 | GET      "/assets/hosts/"
[GIN] 2026/09/16 - 21:26:01 | 200 |   1.98ms |  192.168.124.15 | GET      "/assets/hosts/"
[GIN] 2026/09/16 - 21:26:03 | 200 |    370ms |   192.168.240.2 | GET      "/monitor/prometheus/http-sd/"
[GIN] 2026/09/16 - 21:26:03 | 200 |   2.31ms |  192.168.124.15 | GET      "/assets/hosts/"
[GIN] 2026/09/16 - 21:26:08 | 200 |   3.95ms |  192.168.124.15 | GET      "/assets/hosts/"
[GIN] 2026/09/16 - 21:26:13 | 200 |   2.22ms |  192.168.124.15 | GET      "/assets/hosts/"
[GIN] 2026/09/16 - 21:26:18 | 200 |   2.35ms |  192.168.124.15 | GET      "/assets/hosts/"
[GIN] 2026/09/16 - 21:26:23 | 200 |   2.38ms |  192.168.124.15 | GET      "/assets/hosts/"
[GIN] 2026/09/16 - 21:26:28 | 200 |   4.13ms |  192.168.124.15 | GET      "/assets/hosts/"
[GIN] 2026/09/16 - 21:26:33 | 200 | 359.18ms |   192.168.240.2 | GET      "/monitor/prometheus/http-sd/"
[GIN] 2026/09/16 - 21:26:33 | 200 |   4.29ms |  192.168.124.15 | GET      "/assets/hosts/"
[GIN] 2026/09/16 - 21:26:38 | 200 |   3.78ms |  192.168.124.15 | GET      "/assets/hosts/"
[GIN] 2026/09/16 - 21:26:43 | 200 |   2.26ms |  192.168.124.15 | GET      "/assets/hosts/"
[GIN] 2026/09/16 - 21:26:48 | 200 |   2.03ms |  192.168.124.15 | GET      "/assets/hosts/"
[GIN] 2026/09/16 - 21:26:49 | 200 | 345.66ms |   192.168.240.2 | POST     "/monitor/alert-webhook/api/v2/alerts"
[GIN] 2026/09/16 - 21:26:50 | 200 |  383.3ms |   192.168.240.2 | POST     "/monitor/alert-webhook/api/v2/alerts"
[GIN] 2026/09/16 - 21:26:53 | 200 |   4.52ms |  192.168.124.15 | GET      "/assets/hosts/"
[GIN] 2026/09/16 - 21:26:58 | 200 |   2.51ms |  192.168.124.15 | GET      "/assets/hosts/"
[GIN] 2026/09/16 - 21:27:01 | 200 |   3.56ms |  192.168.124.15 | GET      "/assets/hosts/"
[GIN] 2026/09/16 - 21:27:03 | 200 | 412.13ms |   192.168.240.2 | GET      "/monitor/prometheus/http-sd/"
[GIN] 2026/09/16 - 21:27:03 | 200 |   3.27ms |  192.168.124.15 | GET      "/assets/hosts/"
[GIN] 2026/09/16 - 21:27:08 | 200 |    2.1ms |  192.168.124.15 | GET      "/assets/hosts/"
[GIN] 2026/09/16 - 21:27:13 | 200 |   2.09ms |  192.168.124.15 | GET      "/assets/hosts/"
[GIN] 2026/09/16 - 21:27:18 | 200 |   2.21ms |  192.168.124.15 | GET      "/assets/hosts/"
[GIN] 2026/09/16 - 21:27:19 | 200 | 379.58ms |   192.168.240.2 | POST     "/monitor/alert-webhook/api/v2/alerts"
2026/09/16 21:27:20 INFO agent session ended instance_name=kul-tib-tomcat1 session_count=18
2026/09/16 21:27:20 INFO agent session ended instance_name=pvg4-esb-208 session_count=17
2026/09/16 21:27:20 INFO agent session ended instance_name=pvg-esb4-201 session_count=16
2026/09/16 21:27:20 INFO agent session ended instance_name=mysql135 session_count=15
2026/09/16 21:27:20 INFO agent session ended instance_name=cdm-179 session_count=14
2026/09/16 21:27:20 INFO agent session ended instance_name=mysql134 session_count=13
2026/09/16 21:27:20 INFO agent session ended instance_name=localhost session_count=12
2026/09/16 21:27:20 INFO agent session ended instance_name=pvg-esb4-206 session_count=11
2026/09/16 21:27:20 INFO agent session ended instance_name=pvg-esb4-202 session_count=10
2026/09/16 21:27:20 INFO agent session ended instance_name=kul-tib-tomcat2 session_count=9
2026/09/16 21:27:20 INFO agent session ended instance_name=cgk-oracle-10 session_count=8
2026/09/16 21:27:20 INFO agent session ended instance_name=pvg-esb4-204 session_count=7
2026/09/16 21:27:20 INFO agent session ended instance_name=mysql136 session_count=6
2026/09/16 21:27:20 INFO agent session ended instance_name=tib_nginx-208 session_count=5
2026/09/16 21:27:20 INFO agent session ended instance_name=pvg-esb4-207 session_count=4
2026/09/16 21:27:20 INFO agent session ended instance_name=177 session_count=3
2026/09/16 21:27:20 INFO agent session ended instance_name=cdm-oracle-159 session_count=2
2026/09/16 21:27:20 INFO agent session ended instance_name=tib-oracle session_count=1
2026/09/16 21:27:20 INFO agent session ended instance_name=tib-es-redis-209 session_count=0
2026/09/16 21:27:21 INFO agent session established instance_name=kul-tib-tomcat1 session_count=1
2026/09/16 21:27:21 INFO agent session established instance_name=pvg4-esb-208 session_count=2
2026/09/16 21:27:21 INFO agent session established instance_name=pvg-esb4-201 session_count=3
2026/09/16 21:27:21 INFO agent session established instance_name=cdm-179 session_count=4
2026/09/16 21:27:21 INFO agent session established instance_name=pvg-esb4-202 session_count=5
2026/09/16 21:27:21 INFO agent session established instance_name=localhost session_count=6
2026/09/16 21:27:21 INFO agent session established instance_name=pvg-esb4-206 session_count=7
2026/09/16 21:27:21 INFO agent session established instance_name=mysql134 session_count=8
2026/09/16 21:27:21 INFO agent session established instance_name=mysql135 session_count=9
2026/09/16 21:27:21 INFO agent session established instance_name=kul-tib-tomcat2 session_count=10
2026/09/16 21:27:21 INFO agent session established instance_name=cgk-oracle-10 session_count=11
2026/09/16 21:27:21 INFO agent session established instance_name=pvg-esb4-204 session_count=12
2026/09/16 21:27:21 INFO agent session established instance_name=mysql136 session_count=13
2026/09/16 21:27:21 INFO agent session established instance_name=tib_nginx-208 session_count=14
2026/09/16 21:27:21 INFO agent session established instance_name=pvg-esb4-207 session_count=15
2026/09/16 21:27:21 INFO agent session established instance_name=177 session_count=16
2026/09/16 21:27:21 INFO agent session established instance_name=tib-oracle session_count=17
2026/09/16 21:27:21 INFO agent session established instance_name=cdm-oracle-159 session_count=18
2026/09/16 21:27:21 INFO agent session established instance_name=tib-es-redis-209 session_count=19
[GIN] 2026/09/16 - 21:27:23 | 200 |   4.36ms |  192.168.124.15 | GET      "/assets/hosts/"
[GIN] 2026/09/16 - 21:27:28 | 200 |   4.01ms |  192.168.124.15 | GET      "/assets/hosts/"
[GIN] 2026/09/16 - 21:27:33 | 200 |  356.3ms |   192.168.240.2 | GET      "/monitor/prometheus/http-sd/"
[GIN] 2026/09/16 - 21:27:33 | 200 |   2.84ms |  192.168.124.15 | GET      "/assets/hosts/"
[GIN] 2026/09/16 - 21:27:38 | 200 |   3.94ms |  192.168.124.15 | GET      "/assets/hosts/"
[GIN] 2026/09/16 - 21:27:43 | 200 |    2.3ms |  192.168.124.15 | GET      "/assets/hosts/"
[GIN] 2026/09/16 - 21:27:48 | 200 |   2.06ms |  192.168.124.15 | GET      "/assets/hosts/"
[GIN] 2026/09/16 - 21:27:53 | 200 |   4.17ms |  192.168.124.15 | GET      "/assets/hosts/"
[GIN] 2026/09/16 - 21:27:58 | 200 |   2.09ms |  192.168.124.15 | GET      "/assets/hosts/"
[GIN] 2026/09/16 - 21:28:01 | 200 |   1.83ms |  192.168.124.15 | GET      "/assets/hosts/"
[GIN] 2026/09/16 - 21:28:03 | 200 | 388.29ms |   192.168.240.2 | GET      "/monitor/prometheus/http-sd/"
[GIN] 2026/09/16 - 21:28:03 | 200 |   4.17ms |  192.168.124.15 | GET      "/assets/hosts/"
[GIN] 2026/09/16 - 21:28:08 | 200 |   3.16ms |  192.168.124.15 | GET      "/assets/hosts/"
[GIN] 2026/09/16 - 21:28:13 | 200 |   2.46ms |  192.168.124.15 | GET      "/assets/hosts/"
[GIN] 2026/09/16 - 21:28:18 | 200 |   3.32ms |  192.168.124.15 | GET      "/assets/hosts/"
[GIN] 2026/09/16 - 21:28:19 | 200 | 354.27ms |   192.168.240.2 | POST     "/monitor/alert-webhook/api/v2/alerts"
[GIN] 2026/09/16 - 21:28:20 | 200 | 378.42ms |   192.168.240.2 | POST     "/monitor/alert-webhook/api/v2/alerts"
[GIN] 2026/09/16 - 21:28:23 | 200 |    2.7ms |  192.168.124.15 | GET      "/assets/hosts/"
[GIN] 2026/09/16 - 21:28:28 | 200 |   2.21ms |  192.168.124.15 | GET      "/assets/hosts/"
[GIN] 2026/09/16 - 21:28:33 | 200 | 397.59ms |   192.168.240.2 | GET      "/monitor/prometheus/http-sd/"
[GIN] 2026/09/16 - 21:28:33 | 200 |   2.02ms |  192.168.124.15 | GET      "/assets/hosts/"
[GIN] 2026/09/16 - 21:28:38 | 200 |   2.44ms |  192.168.124.15 | GET      "/assets/hosts/"
[GIN] 2026/09/16 - 21:28:43 | 200 |   2.28ms |  192.168.124.15 | GET      "/assets/hosts/"
[GIN] 2026/09/16 - 21:28:48 | 200 |   2.61ms |  192.168.124.15 | GET      "/assets/hosts/"
[GIN] 2026/09/16 - 21:28:49 | 200 | 352.25ms |   192.168.240.2 | POST     "/monitor/alert-webhook/api/v2/alerts"
2026/09/16 21:28:52 INFO agent session ended instance_name=pvg-esb4-201 session_count=18
2026/09/16 21:28:52 INFO agent session ended instance_name=cdm-179 session_count=17
2026/09/16 21:28:52 INFO agent session ended instance_name=pvg4-esb-208 session_count=16
2026/09/16 21:28:52 INFO agent session ended instance_name=pvg-esb4-206 session_count=15
2026/09/16 21:28:52 INFO agent session ended instance_name=kul-tib-tomcat1 session_count=14
2026/09/16 21:28:52 INFO agent session ended instance_name=mysql134 session_count=13
2026/09/16 21:28:52 INFO agent session ended instance_name=localhost session_count=12
2026/09/16 21:28:52 INFO agent session ended instance_name=pvg-esb4-202 session_count=11
2026/09/16 21:28:52 INFO agent session ended instance_name=pvg-esb4-204 session_count=10
2026/09/16 21:28:52 INFO agent session ended instance_name=mysql135 session_count=9
2026/09/16 21:28:52 INFO agent session ended instance_name=kul-tib-tomcat2 session_count=8
2026/09/16 21:28:52 INFO agent session ended instance_name=cdm-oracle-159 session_count=7
2026/09/16 21:28:52 INFO agent session ended instance_name=pvg-esb4-207 session_count=6
2026/09/16 21:28:52 INFO agent session ended instance_name=mysql136 session_count=5
2026/09/16 21:28:52 INFO agent session ended instance_name=tib_nginx-208 session_count=4
2026/09/16 21:28:52 INFO agent session ended instance_name=tib-oracle session_count=3
2026/09/16 21:28:52 INFO agent session ended instance_name=177 session_count=2
2026/09/16 21:28:52 INFO agent session ended instance_name=cgk-oracle-10 session_count=1
2026/09/16 21:28:52 INFO agent session ended instance_name=tib-es-redis-209 session_count=0
2026/09/16 21:28:53 INFO agent session established instance_name=pvg-esb4-201 session_count=1
2026/09/16 21:28:53 INFO agent session established instance_name=cdm-179 session_count=2
2026/09/16 21:28:53 INFO agent session established instance_name=pvg4-esb-208 session_count=3
2026/09/16 21:28:53 INFO agent session established instance_name=pvg-esb4-206 session_count=4
2026/09/16 21:28:53 INFO agent session established instance_name=kul-tib-tomcat1 session_count=5
2026/09/16 21:28:53 INFO agent session established instance_name=mysql134 session_count=6
2026/09/16 21:28:53 INFO agent session established instance_name=localhost session_count=7
2026/09/16 21:28:53 INFO agent session established instance_name=pvg-esb4-202 session_count=8
2026/09/16 21:28:53 INFO agent session established instance_name=mysql135 session_count=9
2026/09/16 21:28:53 INFO agent session established instance_name=pvg-esb4-204 session_count=10
2026/09/16 21:28:53 INFO agent session established instance_name=kul-tib-tomcat2 session_count=11
2026/09/16 21:28:53 INFO agent session established instance_name=tib-oracle session_count=12
2026/09/16 21:28:53 INFO agent session established instance_name=177 session_count=13
2026/09/16 21:28:53 INFO agent session established instance_name=mysql136 session_count=15
2026/09/16 21:28:53 INFO agent session established instance_name=tib_nginx-208 session_count=16
2026/09/16 21:28:53 INFO agent session established instance_name=pvg-esb4-207 session_count=17
2026/09/16 21:28:53 INFO agent session established instance_name=cdm-oracle-159 session_count=14
2026/09/16 21:28:53 INFO agent session established instance_name=cgk-oracle-10 session_count=18
2026/09/16 21:28:53 INFO agent session established instance_name=tib-es-redis-209 session_count=19
[GIN] 2026/09/16 - 21:28:53 | 200 |   4.47ms |  192.168.124.15 | GET      "/assets/hosts/"
[GIN] 2026/09/16 - 21:28:58 | 200 |   2.14ms |  192.168.124.15 | GET      "/assets/hosts/"
[GIN] 2026/09/16 - 21:29:01 | 200 |   1.85ms |  192.168.124.15 | GET      "/assets/hosts/"
[GIN] 2026/09/16 - 21:29:03 | 200 | 361.36ms |   192.168.240.2 | GET      "/monitor/prometheus/http-sd/"
[GIN] 2026/09/16 - 21:29:03 | 200 |   2.86ms |  192.168.124.15 | GET      "/assets/hosts/"
[GIN] 2026/09/16 - 21:29:08 | 200 |   3.81ms |  192.168.124.15 | GET      "/assets/hosts/"
[GIN] 2026/09/16 - 21:29:13 | 200 |   3.52ms |  192.168.124.15 | GET      "/assets/hosts/"
[GIN] 2026/09/16 - 21:29:18 | 200 |    2.1ms |  192.168.124.15 | GET      "/assets/hosts/"
[GIN] 2026/09/16 - 21:29:23 | 200 |   3.94ms |  192.168.124.15 | GET      "/assets/hosts/"
[GIN] 2026/09/16 - 21:29:28 | 200 |   4.91ms |  192.168.124.15 | GET      "/assets/hosts/"
[GIN] 2026/09/16 - 21:29:33 | 200 | 372.73ms |   192.168.240.2 | GET      "/monitor/prometheus/http-sd/"
[GIN] 2026/09/16 - 21:29:33 | 200 |    3.7ms |  192.168.124.15 | GET      "/assets/hosts/"
[GIN] 2026/09/16 - 21:29:38 | 200 |   2.96ms |  192.168.124.15 | GET      "/assets/hosts/"
[GIN] 2026/09/16 - 21:29:43 | 200 |   2.39ms |  192.168.124.15 | GET      "/assets/hosts/"
[GIN] 2026/09/16 - 21:29:48 | 200 |   2.28ms |  192.168.124.15 | GET      "/assets/hosts/"
[GIN] 2026/09/16 - 21:29:49 | 200 | 356.37ms |   192.168.240.2 | POST     "/monitor/alert-webhook/api/v2/alerts"
[GIN] 2026/09/16 - 21:29:50 | 200 | 359.53ms |   192.168.240.2 | POST     "/monitor/alert-webhook/api/v2/alerts"
[GIN] 2026/09/16 - 21:29:53 | 200 |   3.98ms |  192.168.124.15 | GET      "/assets/hosts/"
[GIN] 2026/09/16 - 21:29:58 | 200 |   3.56ms |  192.168.124.15 | GET      "/assets/hosts/"
[GIN] 2026/09/16 - 21:30:01 | 200 |   3.14ms |  192.168.124.15 | GET      "/assets/hosts/"
[GIN] 2026/09/16 - 21:30:03 | 200 |  373.6ms |   192.168.240.2 | GET      "/monitor/prometheus/http-sd/"
[GIN] 2026/09/16 - 21:30:03 | 200 |   2.24ms |  192.168.124.15 | GET      "/assets/hosts/"
[GIN] 2026/09/16 - 21:30:08 | 200 |   2.14ms |  192.168.124.15 | GET      "/assets/hosts/"
[GIN] 2026/09/16 - 21:30:13 | 200 |   3.09ms |  192.168.124.15 | GET      "/assets/hosts/"
[GIN] 2026/09/16 - 21:30:18 | 200 |   2.26ms |  192.168.124.15 | GET      "/assets/hosts/"
[GIN] 2026/09/16 - 21:30:19 | 200 | 362.05ms |   192.168.240.2 | POST     "/monitor/alert-webhook/api/v2/alerts"
[GIN] 2026/09/16 - 21:30:23 | 200 |   2.31ms |  192.168.124.15 | GET      "/assets/hosts/"
2026/09/16 21:30:24 INFO agent session ended instance_name=pvg-esb4-201 session_count=18
2026/09/16 21:30:24 INFO agent session ended instance_name=pvg-esb4-206 session_count=17
2026/09/16 21:30:24 INFO agent session ended instance_name=pvg-esb4-202 session_count=16
2026/09/16 21:30:24 INFO agent session ended instance_name=cdm-179 session_count=15
2026/09/16 21:30:24 INFO agent session ended instance_name=pvg4-esb-208 session_count=14
2026/09/16 21:30:24 INFO agent session ended instance_name=mysql134 session_count=13
2026/09/16 21:30:24 INFO agent session ended instance_name=kul-tib-tomcat1 session_count=12
2026/09/16 21:30:24 INFO agent session ended instance_name=cdm-oracle-159 session_count=11
2026/09/16 21:30:24 INFO agent session ended instance_name=kul-tib-tomcat2 session_count=10
2026/09/16 21:30:24 INFO agent session ended instance_name=localhost session_count=9
2026/09/16 21:30:24 INFO agent session ended instance_name=pvg-esb4-204 session_count=8
2026/09/16 21:30:24 INFO agent session ended instance_name=mysql135 session_count=7
2026/09/16 21:30:24 INFO agent session ended instance_name=tib-oracle session_count=6
2026/09/16 21:30:24 INFO agent session ended instance_name=tib_nginx-208 session_count=5
2026/09/16 21:30:24 INFO agent session ended instance_name=mysql136 session_count=4
2026/09/16 21:30:24 INFO agent session ended instance_name=177 session_count=3
2026/09/16 21:30:24 INFO agent session ended instance_name=pvg-esb4-207 session_count=2
2026/09/16 21:30:24 INFO agent session ended instance_name=cgk-oracle-10 session_count=1
2026/09/16 21:30:24 INFO agent session ended instance_name=tib-es-redis-209 session_count=0
2026/09/16 21:30:25 INFO agent session established instance_name=pvg-esb4-201 session_count=1
2026/09/16 21:30:25 INFO agent session established instance_name=pvg-esb4-206 session_count=2
2026/09/16 21:30:25 INFO agent session established instance_name=cdm-179 session_count=3
2026/09/16 21:30:25 INFO agent session established instance_name=pvg-esb4-202 session_count=4
2026/09/16 21:30:25 INFO agent session established instance_name=pvg4-esb-208 session_count=5
2026/09/16 21:30:25 INFO agent session established instance_name=mysql134 session_count=6
2026/09/16 21:30:25 INFO agent session established instance_name=cdm-oracle-159 session_count=7
2026/09/16 21:30:25 INFO agent session established instance_name=kul-tib-tomcat1 session_count=8
2026/09/16 21:30:25 INFO agent session established instance_name=localhost session_count=9
2026/09/16 21:30:25 INFO agent session established instance_name=mysql135 session_count=10
2026/09/16 21:30:25 INFO agent session established instance_name=kul-tib-tomcat2 session_count=11
2026/09/16 21:30:25 INFO agent session established instance_name=pvg-esb4-204 session_count=12
2026/09/16 21:30:25 INFO agent session established instance_name=mysql136 session_count=13
2026/09/16 21:30:25 INFO agent session established instance_name=tib_nginx-208 session_count=14
2026/09/16 21:30:25 INFO agent session established instance_name=177 session_count=15
2026/09/16 21:30:25 INFO agent session established instance_name=tib-oracle session_count=16
2026/09/16 21:30:25 INFO agent session established instance_name=pvg-esb4-207 session_count=17
2026/09/16 21:30:25 INFO agent session established instance_name=cgk-oracle-10 session_count=18
2026/09/16 21:30:25 INFO agent session established instance_name=tib-es-redis-209 session_count=19
[GIN] 2026/09/16 - 21:30:28 | 200 |   2.04ms |  192.168.124.15 | GET      "/assets/hosts/"
[GIN] 2026/09/16 - 21:30:33 | 200 | 350.82ms |   192.168.240.2 | GET      "/monitor/prometheus/http-sd/"
[GIN] 2026/09/16 - 21:30:33 | 200 |   2.02ms |  192.168.124.15 | GET      "/assets/hosts/"
[GIN] 2026/09/16 - 21:30:38 | 200 |   2.14ms |  192.168.124.15 | GET      "/assets/hosts/"
[GIN] 2026/09/16 - 21:30:43 | 200 |   3.67ms |  192.168.124.15 | GET      "/assets/hosts/"
[GIN] 2026/09/16 - 21:30:48 | 200 |   3.05ms |  192.168.124.15 | GET      "/assets/hosts/"
[GIN] 2026/09/16 - 21:30:53 | 200 |   4.32ms |  192.168.124.15 | GET      "/assets/hosts/"
[GIN] 2026/09/16 - 21:30:58 | 200 |   2.31ms |  192.168.124.15 | GET      "/assets/hosts/"
[GIN] 2026/09/16 - 21:31:01 | 200 |   2.96ms |  192.168.124.15 | GET      "/assets/hosts/"
[GIN] 2026/09/16 - 21:31:03 | 200 | 348.69ms |   192.168.240.2 | GET      "/monitor/prometheus/http-sd/"
[GIN] 2026/09/16 - 21:31:03 | 200 |   3.68ms |  192.168.124.15 | GET      "/assets/hosts/"
[GIN] 2026/09/16 - 21:31:08 | 200 |    3.7ms |  192.168.124.15 | GET      "/assets/hosts/"
[GIN] 2026/09/16 - 21:31:13 | 200 |    3.4ms |  192.168.124.15 | GET      "/assets/hosts/"
[GIN] 2026/09/16 - 21:31:18 | 200 |   2.31ms |  192.168.124.15 | GET      "/assets/hosts/"
[GIN] 2026/09/16 - 21:31:19 | 200 | 359.07ms |   192.168.240.2 | POST     "/monitor/alert-webhook/api/v2/alerts"
[GIN] 2026/09/16 - 21:31:20 | 200 | 358.71ms |   192.168.240.2 | POST     "/monitor/alert-webhook/api/v2/alerts"
[GIN] 2026/09/16 - 21:31:23 | 200 |   4.38ms |  192.168.124.15 | GET      "/assets/hosts/"
[GIN] 2026/09/16 - 21:31:28 | 200 |   4.24ms |  192.168.124.15 | GET      "/assets/hosts/"
[GIN] 2026/09/16 - 21:31:33 | 200 | 394.09ms |   192.168.240.2 | GET      "/monitor/prometheus/http-sd/"
[GIN] 2026/09/16 - 21:31:33 | 200 |   3.93ms |  192.168.124.15 | GET      "/assets/hosts/"
[GIN] 2026/09/16 - 21:31:38 | 200 |   3.48ms |  192.168.124.15 | GET      "/assets/hosts/"
[GIN] 2026/09/16 - 21:31:43 | 200 |   2.17ms |  192.168.124.15 | GET      "/assets/hosts/"
[GIN] 2026/09/16 - 21:31:48 | 200 |   4.03ms |  192.168.124.15 | GET      "/assets/hosts/"
[GIN] 2026/09/16 - 21:31:49 | 200 | 344.76ms |   192.168.240.2 | POST     "/monitor/alert-webhook/api/v2/alerts"
[GIN] 2026/09/16 - 21:31:53 | 200 |   4.48ms |  192.168.124.15 | GET      "/assets/hosts/"
2026/09/16 21:31:56 INFO agent session ended instance_name=pvg-esb4-202 session_count=18
2026/09/16 21:31:56 INFO agent session ended instance_name=pvg-esb4-201 session_count=17
2026/09/16 21:31:56 INFO agent session ended instance_name=cdm-179 session_count=16
2026/09/16 21:31:56 INFO agent session ended instance_name=pvg4-esb-208 session_count=15
2026/09/16 21:31:56 INFO agent session ended instance_name=pvg-esb4-206 session_count=14
2026/09/16 21:31:56 INFO agent session ended instance_name=cdm-oracle-159 session_count=13
2026/09/16 21:31:56 INFO agent session ended instance_name=kul-tib-tomcat1 session_count=12
2026/09/16 21:31:56 INFO agent session ended instance_name=mysql134 session_count=11
2026/09/16 21:31:56 INFO agent session ended instance_name=kul-tib-tomcat2 session_count=10
2026/09/16 21:31:56 INFO agent session ended instance_name=pvg-esb4-204 session_count=9
2026/09/16 21:31:56 INFO agent session ended instance_name=pvg-esb4-207 session_count=8
2026/09/16 21:31:56 INFO agent session ended instance_name=tib-oracle session_count=7
2026/09/16 21:31:56 INFO agent session ended instance_name=localhost session_count=6
2026/09/16 21:31:56 INFO agent session ended instance_name=tib_nginx-208 session_count=5
2026/09/16 21:31:56 INFO agent session ended instance_name=177 session_count=4
2026/09/16 21:31:56 INFO agent session ended instance_name=mysql135 session_count=3
2026/09/16 21:31:56 INFO agent session ended instance_name=mysql136 session_count=2
2026/09/16 21:31:56 INFO agent session ended instance_name=cgk-oracle-10 session_count=1
2026/09/16 21:31:56 INFO agent session ended instance_name=tib-es-redis-209 session_count=0
2026/09/16 21:31:57 INFO agent session established instance_name=pvg-esb4-202 session_count=1
2026/09/16 21:31:57 INFO agent session established instance_name=pvg-esb4-201 session_count=2
2026/09/16 21:31:57 INFO agent session established instance_name=cdm-179 session_count=3
2026/09/16 21:31:57 INFO agent session established instance_name=pvg4-esb-208 session_count=4
2026/09/16 21:31:57 INFO agent session established instance_name=pvg-esb4-206 session_count=5
2026/09/16 21:31:57 INFO agent session established instance_name=cdm-oracle-159 session_count=6
2026/09/16 21:31:57 INFO agent session established instance_name=kul-tib-tomcat1 session_count=7
2026/09/16 21:31:57 INFO agent session established instance_name=mysql134 session_count=8
2026/09/16 21:31:57 INFO agent session established instance_name=kul-tib-tomcat2 session_count=9
2026/09/16 21:31:57 INFO agent session established instance_name=localhost session_count=10
2026/09/16 21:31:57 INFO agent session established instance_name=pvg-esb4-207 session_count=11
2026/09/16 21:31:57 INFO agent session established instance_name=pvg-esb4-204 session_count=12
2026/09/16 21:31:57 INFO agent session established instance_name=tib-oracle session_count=13
2026/09/16 21:31:57 INFO agent session established instance_name=tib_nginx-208 session_count=14
2026/09/16 21:31:57 INFO agent session established instance_name=177 session_count=15
2026/09/16 21:31:57 INFO agent session established instance_name=mysql135 session_count=16
2026/09/16 21:31:57 INFO agent session established instance_name=cgk-oracle-10 session_count=17
2026/09/16 21:31:57 INFO agent session established instance_name=mysql136 session_count=18
2026/09/16 21:31:57 INFO agent session established instance_name=tib-es-redis-209 session_count=19
[GIN] 2026/09/16 - 21:31:58 | 200 |   2.47ms |  192.168.124.15 | GET      "/assets/hosts/"
[GIN] 2026/09/16 - 21:32:01 | 200 |   1.77ms |  192.168.124.15 | GET      "/assets/hosts/"
[GIN] 2026/09/16 - 21:32:03 | 200 | 362.68ms |   192.168.240.2 | GET      "/monitor/prometheus/http-sd/"
[GIN] 2026/09/16 - 21:32:03 | 200 |   3.92ms |  192.168.124.15 | GET      "/assets/hosts/"
[GIN] 2026/09/16 - 21:32:08 | 200 |   2.54ms |  192.168.124.15 | GET      "/assets/hosts/"
[GIN] 2026/09/16 - 21:32:13 | 200 |   3.33ms |  192.168.124.15 | GET      "/assets/hosts/"
[GIN] 2026/09/16 - 21:32:18 | 200 |    3.8ms |  192.168.124.15 | GET      "/assets/hosts/"
[GIN] 2026/09/16 - 21:32:23 | 200 |   2.49ms |  192.168.124.15 | GET      "/assets/hosts/"
[GIN] 2026/09/16 - 21:32:28 | 200 |   2.19ms |  192.168.124.15 | GET      "/assets/hosts/"
[GIN] 2026/09/16 - 21:32:33 | 200 | 343.15ms |   192.168.240.2 | GET      "/monitor/prometheus/http-sd/"
[GIN] 2026/09/16 - 21:32:33 | 200 |   2.31ms |  192.168.124.15 | GET      "/assets/hosts/"
[GIN] 2026/09/16 - 21:32:38 | 200 |   2.77ms |  192.168.124.15 | GET      "/assets/hosts/"
[GIN] 2026/09/16 - 21:32:43 | 200 |   2.64ms |  192.168.124.15 | GET      "/assets/hosts/"
[GIN] 2026/09/16 - 21:32:48 | 200 |   1.72ms |  192.168.124.15 | GET      "/assets/hosts/"
[GIN] 2026/09/16 - 21:32:49 | 200 |  358.4ms |   192.168.240.2 | POST     "/monitor/alert-webhook/api/v2/alerts"
[GIN] 2026/09/16 - 21:32:50 | 200 | 409.56ms |   192.168.240.2 | POST     "/monitor/alert-webhook/api/v2/alerts"
[GIN] 2026/09/16 - 21:32:53 | 200 |   2.22ms |  192.168.124.15 | GET      "/assets/hosts/"
[GIN] 2026/09/16 - 21:32:58 | 200 |   3.95ms |  192.168.124.15 | GET      "/assets/hosts/"
[GIN] 2026/09/16 - 21:33:01 | 200 |   2.11ms |  192.168.124.15 | GET      "/assets/hosts/"
[GIN] 2026/09/16 - 21:33:03 | 200 | 400.89ms |   192.168.240.2 | GET      "/monitor/prometheus/http-sd/"
[GIN] 2026/09/16 - 21:33:03 | 200 |   1.94ms |  192.168.124.15 | GET      "/assets/hosts/"
[GIN] 2026/09/16 - 21:33:08 | 200 |   3.65ms |  192.168.124.15 | GET      "/assets/hosts/"
[GIN] 2026/09/16 - 21:33:13 | 200 |   3.86ms |  192.168.124.15 | GET      "/assets/hosts/"
[GIN] 2026/09/16 - 21:33:18 | 200 |   2.19ms |  192.168.124.15 | GET      "/assets/hosts/"
[GIN] 2026/09/16 - 21:33:19 | 200 |    367ms |   192.168.240.2 | POST     "/monitor/alert-webhook/api/v2/alerts"
[GIN] 2026/09/16 - 21:33:23 | 200 |   2.35ms |  192.168.124.15 | GET      "/assets/hosts/"
2026/09/16 21:33:28 INFO agent session ended instance_name=pvg-esb4-202 session_count=18
2026/09/16 21:33:28 INFO agent session ended instance_name=cdm-179 session_count=17
2026/09/16 21:33:28 INFO agent session ended instance_name=pvg4-esb-208 session_count=16
2026/09/16 21:33:28 INFO agent session ended instance_name=kul-tib-tomcat1 session_count=15
2026/09/16 21:33:28 INFO agent session ended instance_name=pvg-esb4-201 session_count=14
2026/09/16 21:33:28 INFO agent session ended instance_name=cdm-oracle-159 session_count=13
2026/09/16 21:33:28 INFO agent session ended instance_name=pvg-esb4-206 session_count=12
2026/09/16 21:33:28 INFO agent session ended instance_name=mysql134 session_count=11
2026/09/16 21:33:28 INFO agent session ended instance_name=tib_nginx-208 session_count=10
2026/09/16 21:33:28 INFO agent session ended instance_name=pvg-esb4-204 session_count=9
2026/09/16 21:33:28 INFO agent session ended instance_name=pvg-esb4-207 session_count=8
2026/09/16 21:33:28 INFO agent session ended instance_name=177 session_count=7
2026/09/16 21:33:28 INFO agent session ended instance_name=kul-tib-tomcat2 session_count=6
2026/09/16 21:33:28 INFO agent session ended instance_name=tib-oracle session_count=5
2026/09/16 21:33:28 INFO agent session ended instance_name=cgk-oracle-10 session_count=4
2026/09/16 21:33:28 INFO agent session ended instance_name=mysql135 session_count=3
2026/09/16 21:33:28 INFO agent session ended instance_name=localhost session_count=2
2026/09/16 21:33:28 INFO agent session ended instance_name=mysql136 session_count=1
2026/09/16 21:33:28 INFO agent session ended instance_name=tib-es-redis-209 session_count=0
2026/09/16 21:33:28 INFO autoadmin starting version=09dc53e-dirty role=api
[GIN-debug] [WARNING] Running in "debug" mode. Switch to "release" mode in production.
 - using env:	export GIN_MODE=release
 - using code:	gin.SetMode(gin.ReleaseMode)

[GIN-debug] GET    /health/live              --> autoadmin/internal/api/router.NewWithGateway.func1 (5 handlers)
[GIN-debug] GET    /health/ready             --> autoadmin/internal/api/router.readiness.func1 (5 handlers)
[GIN-debug] POST   /sys/login                --> autoadmin/internal/identity.(*Handler).Login-fm (5 handlers)
[GIN-debug] GET    /sys/users/current/       --> autoadmin/internal/identity.(*Handler).Current-fm (6 handlers)
[GIN-debug] GET    /sys/users/               --> autoadmin/internal/identity.(*Handler).ListUsers-fm (7 handlers)
[GIN-debug] POST   /user/changeAvatar        --> autoadmin/internal/identity.(*Handler).ChangeAvatar-fm (6 handlers)
[GIN-debug] POST   /sys/usercenter/updateUserInfo/ --> autoadmin/internal/identity.(*Handler).UpdateUserInfo-fm (7 handlers)
[GIN-debug] POST   /sys/usercenter/updateUserPassword/ --> autoadmin/internal/identity.(*Handler).UpdateUserPassword-fm (6 handlers)
[GIN-debug] GET    /sys/usercenter/alertMediaBindings/ --> autoadmin/internal/identity.(*Handler).AlertMediaBindings-fm (6 handlers)
[GIN-debug] POST   /sys/usercenter/updateAlertMediaBindings/ --> autoadmin/internal/identity.(*Handler).UpdateAlertMediaBindings-fm (6 handlers)
[GIN-debug] GET    /sys/usercenter/apiTokens/ --> autoadmin/internal/identity.(*APITokenHandler).List-fm (7 handlers)
[GIN-debug] POST   /sys/usercenter/createApiToken/ --> autoadmin/internal/identity.(*APITokenHandler).Create-fm (7 handlers)
[GIN-debug] POST   /sys/usercenter/rotateApiToken/ --> autoadmin/internal/identity.(*APITokenHandler).Rotate-fm (7 handlers)
[GIN-debug] POST   /sys/usercenter/disableApiToken/ --> autoadmin/internal/identity.(*APITokenHandler).Disable-fm (7 handlers)
[GIN-debug] POST   /sys/usercenter/deleteApiToken/ --> autoadmin/internal/identity.(*APITokenHandler).Delete-fm (7 handlers)
[GIN-debug] GET    /sys/automation/playbooks/ --> autoadmin/internal/automation.(*Handler).List-fm (7 handlers)
[GIN-debug] POST   /sys/automation/playbooks/validate/ --> autoadmin/internal/automation.(*Handler).Validate-fm (7 handlers)
[GIN-debug] GET    /sys/automation/playbooks/host-options/ --> autoadmin/internal/automation.(*Handler).HostOptions-fm (7 handlers)
[GIN-debug] GET    /sys/automation/playbooks/group-tree/ --> autoadmin/internal/automation.(*Handler).GroupTree-fm (7 handlers)
[GIN-debug] GET    /sys/automation/playbooks/:id/ --> autoadmin/internal/automation.(*Handler).Get-fm (7 handlers)
[GIN-debug] POST   /sys/automation/playbooks/ --> autoadmin/internal/automation.(*Handler).Create-fm (7 handlers)
[GIN-debug] PATCH  /sys/automation/playbooks/:id/ --> autoadmin/internal/automation.(*Handler).Update-fm (7 handlers)
[GIN-debug] PUT    /sys/automation/playbooks/:id/ --> autoadmin/internal/automation.(*Handler).Update-fm (7 handlers)
[GIN-debug] POST   /sys/automation/playbooks/:id/upload/ --> autoadmin/internal/automation.(*Handler).UploadFile-fm (7 handlers)
[GIN-debug] GET    /sys/automation/playbooks/:id/download/ --> autoadmin/internal/automation.(*Handler).DownloadFile-fm (7 handlers)
[GIN-debug] POST   /sys/automation/playbooks/batch-delete/ --> autoadmin/internal/automation.(*Handler).BatchDeletePlaybooks-fm (7 handlers)
[GIN-debug] GET    /sys/automation/inventories/ --> autoadmin/internal/automation.(*Handler).ListInventories-fm (7 handlers)
[GIN-debug] POST   /sys/automation/inventories/ --> autoadmin/internal/automation.(*Handler).CreateInventory-fm (7 handlers)
[GIN-debug] GET    /sys/automation/inventories/:id/ --> autoadmin/internal/automation.(*Handler).GetInventory-fm (7 handlers)
[GIN-debug] PATCH  /sys/automation/inventories/:id/ --> autoadmin/internal/automation.(*Handler).UpdateInventory-fm (7 handlers)
[GIN-debug] PUT    /sys/automation/inventories/:id/ --> autoadmin/internal/automation.(*Handler).UpdateInventory-fm (7 handlers)
[GIN-debug] POST   /sys/automation/inventories/batch-delete/ --> autoadmin/internal/automation.(*Handler).BatchDeleteInventories-fm (7 handlers)
[GIN-debug] POST   /sys/automation/inventories/:id/precheck-limit/ --> autoadmin/internal/automation.(*Handler).PrecheckInventoryLimit-fm (7 handlers)
[GIN-debug] GET    /sys/automation/tasks/    --> autoadmin/internal/automation.(*Handler).ListTasks-fm (7 handlers)
[GIN-debug] POST   /sys/automation/tasks/    --> autoadmin/internal/automation.(*Handler).CreateTask-fm (7 handlers)
[GIN-debug] GET    /sys/automation/tasks/:id/ --> autoadmin/internal/automation.(*Handler).GetTask-fm (7 handlers)
[GIN-debug] PATCH  /sys/automation/tasks/:id/ --> autoadmin/internal/automation.(*Handler).UpdateTask-fm (7 handlers)
[GIN-debug] PUT    /sys/automation/tasks/:id/ --> autoadmin/internal/automation.(*Handler).UpdateTask-fm (7 handlers)
[GIN-debug] POST   /sys/automation/tasks/batch-delete/ --> autoadmin/internal/automation.(*Handler).BatchDeleteTasks-fm (7 handlers)
[GIN-debug] POST   /sys/automation/tasks/:id/precheck/ --> autoadmin/internal/automation.(*Handler).PrecheckTask-fm (7 handlers)
[GIN-debug] POST   /sys/automation/tasks/:id/run_now/ --> autoadmin/internal/automation.(*Handler).RunTaskNow-fm (7 handlers)
[GIN-debug] GET    /sys/automation/jobs/     --> autoadmin/internal/automation.(*Handler).ListJobs-fm (7 handlers)
[GIN-debug] GET    /sys/automation/jobs/:id/ --> autoadmin/internal/automation.(*Handler).GetJob-fm (7 handlers)
[GIN-debug] GET    /sys/automation/jobs/:id/log/ --> autoadmin/internal/automation.(*Handler).JobLog-fm (7 handlers)
[GIN-debug] GET    /sys/automation/jobs/:id/events/ --> autoadmin/internal/automation.(*Handler).JobEvents-fm (7 handlers)
[GIN-debug] GET    /sys/automation/jobs/:id/status-summary/ --> autoadmin/internal/automation.(*Handler).JobStatusSummary-fm (7 handlers)
[GIN-debug] POST   /sys/automation/jobs/:id/cancel/ --> autoadmin/internal/automation.(*Handler).CancelJob-fm (7 handlers)
[GIN-debug] GET    /sys/scheduler/tasks/     --> autoadmin/internal/scheduler.(*Handler).List-fm (7 handlers)
[GIN-debug] GET    /sys/scheduler/tasks/:id/ --> autoadmin/internal/scheduler.(*Handler).Get-fm (7 handlers)
[GIN-debug] PATCH  /sys/scheduler/tasks/:id/ --> autoadmin/internal/scheduler.(*Handler).Update-fm (7 handlers)
[GIN-debug] POST   /sys/scheduler/tasks/:id/toggle_enabled/ --> autoadmin/internal/scheduler.(*Handler).Toggle-fm (7 handlers)
[GIN-debug] POST   /sys/scheduler/tasks/:id/enable/ --> autoadmin/internal/scheduler.(*Handler).Enable-fm (7 handlers)
[GIN-debug] POST   /sys/scheduler/tasks/:id/disable/ --> autoadmin/internal/scheduler.(*Handler).Disable-fm (7 handlers)
[GIN-debug] POST   /sys/scheduler/tasks/:id/run_now/ --> autoadmin/internal/scheduler.(*Handler).RunNow-fm (7 handlers)
[GIN-debug] GET    /sys/scheduler/tasks/:id/status/ --> autoadmin/internal/scheduler.(*Handler).Status-fm (7 handlers)
[GIN-debug] POST   /sys/scheduler/tasks/start_scheduler/ --> autoadmin/internal/scheduler.(*Handler).StartScheduler-fm (7 handlers)
[GIN-debug] POST   /sys/scheduler/tasks/stop_scheduler/ --> autoadmin/internal/scheduler.(*Handler).StopScheduler-fm (7 handlers)
[GIN-debug] GET    /sys/scheduler/task-logs/ --> autoadmin/internal/scheduler.(*Handler).ListLogs-fm (7 handlers)
[GIN-debug] GET    /sys/scheduler/task-logs/:id/ --> autoadmin/internal/scheduler.(*Handler).GetLog-fm (7 handlers)
[GIN-debug] GET    /sys/users/:id/           --> autoadmin/internal/identity.(*Handler).UserDetail-fm (7 handlers)
[GIN-debug] POST   /sys/users/               --> autoadmin/internal/identity.(*Handler).CreateUser-fm (7 handlers)
[GIN-debug] PATCH  /sys/users/:id/           --> autoadmin/internal/identity.(*Handler).UpdateUser-fm (7 handlers)
[GIN-debug] GET    /sys/users/checkUserName/ --> autoadmin/internal/identity.(*Handler).CheckUsername-fm (7 handlers)
[GIN-debug] POST   /sys/users/batch-delete/  --> autoadmin/internal/identity.(*Handler).BatchDeleteUsers-fm (7 handlers)
[GIN-debug] POST   /sys/users/resetUserPwd/  --> autoadmin/internal/identity.(*Handler).ResetPassword-fm (7 handlers)
[GIN-debug] POST   /sys/users/assginUserRoles/ --> autoadmin/internal/identity.(*Handler).AssignRoles-fm (7 handlers)
[GIN-debug] POST   /sys/users/changeUserStatus/ --> autoadmin/internal/identity.(*Handler).ChangeUserStatus-fm (7 handlers)
[GIN-debug] GET    /sys/users/getUserRolesById/ --> autoadmin/internal/identity.(*Handler).GetUserRoles-fm (7 handlers)
[GIN-debug] GET    /sys/user-groups/         --> autoadmin/internal/identity.(*Handler).ListUserGroups-fm (7 handlers)
[GIN-debug] POST   /sys/user-groups/create/  --> autoadmin/internal/identity.(*Handler).CreateUserGroup-fm (7 handlers)
[GIN-debug] POST   /sys/user-groups/update/  --> autoadmin/internal/identity.(*Handler).UpdateUserGroup-fm (7 handlers)
[GIN-debug] POST   /sys/user-groups/batch-delete/ --> autoadmin/internal/identity.(*Handler).BatchDeleteUserGroups-fm (7 handlers)
[GIN-debug] GET    /sys/roles/               --> autoadmin/internal/rbac.(*Handler).List-fm (7 handlers)
[GIN-debug] GET    /sys/roles/:id/           --> autoadmin/internal/rbac.(*Handler).Get-fm (7 handlers)
[GIN-debug] POST   /sys/roles/               --> autoadmin/internal/rbac.(*Handler).Create-fm (7 handlers)
[GIN-debug] PATCH  /sys/roles/:id/           --> autoadmin/internal/rbac.(*Handler).Update-fm (7 handlers)
[GIN-debug] POST   /sys/roles/batch-delete/  --> autoadmin/internal/rbac.(*Handler).DeleteMany-fm (7 handlers)
[GIN-debug] GET    /sys/roles/getCurrentUserRoleList/ --> autoadmin/internal/rbac.(*Handler).Current-fm (6 handlers)
[GIN-debug] GET    /sys/menus/getMenuTree/   --> autoadmin/internal/rbac.(*Handler).MenuTree-fm (7 handlers)
[GIN-debug] GET    /sys/menus/:id/           --> autoadmin/internal/rbac.(*Handler).GetMenu-fm (7 handlers)
[GIN-debug] POST   /sys/menus/               --> autoadmin/internal/rbac.(*Handler).CreateMenu-fm (7 handlers)
[GIN-debug] PATCH  /sys/menus/:id/           --> autoadmin/internal/rbac.(*Handler).UpdateMenu-fm (7 handlers)
[GIN-debug] GET    /sys/menus/getMenuListByRoleId/ --> autoadmin/internal/rbac.(*Handler).MenuIDsByRole-fm (7 handlers)
[GIN-debug] POST   /sys/menus/grantMenu/     --> autoadmin/internal/rbac.(*Handler).GrantMenus-fm (7 handlers)
[GIN-debug] DELETE /sys/menus/deleteMenuById/ --> autoadmin/internal/rbac.(*Handler).DeleteMenu-fm (7 handlers)
[GIN-debug] GET    /sys/configs/             --> autoadmin/internal/sysconfig.(*Handler).List-fm (6 handlers)
[GIN-debug] GET    /sys/configs/:id/         --> autoadmin/internal/sysconfig.(*Handler).Get-fm (6 handlers)
[GIN-debug] PATCH  /sys/configs/:id/         --> autoadmin/internal/sysconfig.(*Handler).Update-fm (6 handlers)
[GIN-debug] POST   /sys/configs/:id/reset-default/ --> autoadmin/internal/sysconfig.(*Handler).Reset-fm (6 handlers)
[GIN-debug] GET    /sys/configs/by-key/:key/ --> autoadmin/internal/sysconfig.(*Handler).GetByKey-fm (6 handlers)
[GIN-debug] PATCH  /sys/configs/update-by-key/:key/ --> autoadmin/internal/sysconfig.(*Handler).UpdateByKey-fm (6 handlers)
[GIN-debug] GET    /sys/audit/operation-logs/ --> autoadmin/internal/audit.(*Handler).List-fm (7 handlers)
[GIN-debug] GET    /sys/audit/login-logs/    --> autoadmin/internal/audit.(*Handler).ListLoginLogs-fm (7 handlers)
[GIN-debug] GET    /sys/audit/webssh-sessions/ --> autoadmin/internal/audit.(*Handler).ListWebSSHSessions-fm (7 handlers)
[GIN-debug] GET    /sys/audit/webssh-sessions/:id/content/ --> autoadmin/internal/audit.(*Handler).WebSSHContent-fm (7 handlers)
[GIN-debug] GET    /sys/audit/webssh-sessions/:id/download/ --> autoadmin/internal/audit.(*Handler).DownloadWebSSH-fm (7 handlers)
[GIN-debug] GET    /sys/audit/webssh-sessions/download-all/ --> autoadmin/internal/audit.(*Handler).DownloadWebSSHMany-fm (7 handlers)
[GIN-debug] GET    /api/agent/jobs/query     --> autoadmin/internal/assets.(*Handler).QueryAgentJobs-fm (6 handlers)
[GIN-debug] GET    /api/agent/packages/      --> autoadmin/internal/assets.(*Handler).ListAgentPackages-fm (7 handlers)
[GIN-debug] GET    /api/agent/packages/download/ --> autoadmin/internal/assets.(*Handler).DownloadAgentPackage-fm (7 handlers)
[GIN-debug] POST   /api/agent/packages/upload/ --> autoadmin/internal/assets.(*Handler).UploadAgentPackage-fm (7 handlers)
[GIN-debug] POST   /api/agent/packages/:id/activate/ --> autoadmin/internal/assets.(*Handler).ActivateAgentPackage-fm (7 handlers)
[GIN-debug] POST   /api/agent/packages/batch-delete/ --> autoadmin/internal/assets.(*Handler).BatchDeleteAgentPackages-fm (7 handlers)
[GIN-debug] POST   /api/agent/install        --> autoadmin/internal/assets.(*Handler).AgentInstall-fm (7 handlers)
[GIN-debug] GET    /assets/projects/         --> autoadmin/internal/assets.(*Handler).ListProjects-fm (7 handlers)
[GIN-debug] GET    /assets/projects/:id/     --> autoadmin/internal/assets.(*Handler).GetProject-fm (7 handlers)
[GIN-debug] POST   /assets/projects/         --> autoadmin/internal/assets.(*Handler).CreateProject-fm (7 handlers)
[GIN-debug] PUT    /assets/projects/:id/     --> autoadmin/internal/assets.(*Handler).UpdateProject-fm (7 handlers)
[GIN-debug] PATCH  /assets/projects/:id/     --> autoadmin/internal/assets.(*Handler).UpdateProject-fm (7 handlers)
[GIN-debug] POST   /assets/projects/batch-delete/ --> autoadmin/internal/assets.(*Handler).BatchDeleteProjects-fm (7 handlers)
[GIN-debug] GET    /assets/business-systems/ --> autoadmin/internal/assets.(*Handler).ListBusinessSystems-fm (7 handlers)
[GIN-debug] GET    /assets/business-systems/:id/ --> autoadmin/internal/assets.(*Handler).GetBusinessSystem-fm (7 handlers)
[GIN-debug] POST   /assets/business-systems/ --> autoadmin/internal/assets.(*Handler).CreateBusinessSystem-fm (7 handlers)
[GIN-debug] PUT    /assets/business-systems/:id/ --> autoadmin/internal/assets.(*Handler).UpdateBusinessSystem-fm (7 handlers)
[GIN-debug] PATCH  /assets/business-systems/:id/ --> autoadmin/internal/assets.(*Handler).UpdateBusinessSystem-fm (7 handlers)
[GIN-debug] POST   /assets/business-systems/batch-delete/ --> autoadmin/internal/assets.(*Handler).BatchDeleteBusinessSystems-fm (7 handlers)
[GIN-debug] GET    /assets/business-environments/ --> autoadmin/internal/assets.(*Handler).ListEnvironments-fm (7 handlers)
[GIN-debug] GET    /assets/business-environments/:id/ --> autoadmin/internal/assets.(*Handler).GetEnvironment-fm (7 handlers)
[GIN-debug] POST   /assets/business-environments/ --> autoadmin/internal/assets.(*Handler).CreateEnvironment-fm (7 handlers)
[GIN-debug] PUT    /assets/business-environments/:id/ --> autoadmin/internal/assets.(*Handler).UpdateEnvironment-fm (7 handlers)
[GIN-debug] PATCH  /assets/business-environments/:id/ --> autoadmin/internal/assets.(*Handler).UpdateEnvironment-fm (7 handlers)
[GIN-debug] POST   /assets/business-environments/batch-delete/ --> autoadmin/internal/assets.(*Handler).BatchDeleteEnvironments-fm (7 handlers)
[GIN-debug] GET    /assets/credentials/      --> autoadmin/internal/assets.(*Handler).ListCredentials-fm (7 handlers)
[GIN-debug] POST   /assets/credentials/batch-create/ --> autoadmin/internal/assets.(*Handler).BatchCreateCredentials-fm (7 handlers)
[GIN-debug] POST   /assets/credentials/batch-delete/ --> autoadmin/internal/assets.(*Handler).DeleteCredentials-fm (7 handlers)
[GIN-debug] GET    /assets/credentials/:id/  --> autoadmin/internal/assets.(*Handler).GetCredential-fm (7 handlers)
[GIN-debug] POST   /assets/credentials/      --> autoadmin/internal/assets.(*Handler).CreateCredential-fm (7 handlers)
[GIN-debug] PUT    /assets/credentials/:id/  --> autoadmin/internal/assets.(*Handler).UpdateCredential-fm (7 handlers)
[GIN-debug] PATCH  /assets/credentials/:id/  --> autoadmin/internal/assets.(*Handler).UpdateCredential-fm (7 handlers)
[GIN-debug] GET    /assets/host-groups/      --> autoadmin/internal/assets.(*Handler).ListHostGroups-fm (7 handlers)
[GIN-debug] GET    /assets/host-groups/tree/ --> autoadmin/internal/assets.(*Handler).HostGroupTree-fm (7 handlers)
[GIN-debug] GET    /assets/host-groups/:id/  --> autoadmin/internal/assets.(*Handler).GetHostGroup-fm (7 handlers)
[GIN-debug] POST   /assets/host-groups/      --> autoadmin/internal/assets.(*Handler).CreateHostGroup-fm (7 handlers)
[GIN-debug] PUT    /assets/host-groups/:id/  --> autoadmin/internal/assets.(*Handler).UpdateHostGroup-fm (7 handlers)
[GIN-debug] PATCH  /assets/host-groups/:id/  --> autoadmin/internal/assets.(*Handler).UpdateHostGroup-fm (7 handlers)
[GIN-debug] POST   /assets/host-groups/batch-delete/ --> autoadmin/internal/assets.(*Handler).BatchDeleteHostGroups-fm (7 handlers)
[GIN-debug] GET    /assets/hosts/:id/webssh/ --> autoadmin/internal/assets.(*Handler).WebSSH-fm (7 handlers)
[GIN-debug] GET    /assets/hosts/:id/agent-runtime-status/ --> autoadmin/internal/assets.(*Handler).GetHostAgentRuntimeStatus-fm (7 handlers)
[GIN-debug] GET    /assets/hosts/:id/webssh-active-count/ --> autoadmin/internal/assets.(*Handler).GetHostWebSSHActiveCount-fm (7 handlers)
[GIN-debug] GET    /assets/hosts/:id/webssh-active-sessions/ --> autoadmin/internal/assets.(*Handler).GetHostWebSSHActiveSessions-fm (7 handlers)
[GIN-debug] GET    /assets/hosts/:id/files/list/ --> autoadmin/internal/assets.(*Handler).ListWebSSHFiles-fm (7 handlers)
[GIN-debug] GET    /assets/hosts/:id/files/download/ --> autoadmin/internal/assets.(*Handler).DownloadWebSSHFile-fm (7 handlers)
[GIN-debug] POST   /assets/hosts/:id/files/upload/chunk/ --> autoadmin/internal/assets.(*Handler).UploadWebSSHFile-fm (7 handlers)
[GIN-debug] POST   /assets/hosts/:id/files/rename/ --> autoadmin/internal/assets.(*Handler).RenameWebSSHFile-fm (7 handlers)
[GIN-debug] DELETE /assets/hosts/:id/files/delete/ --> autoadmin/internal/assets.(*Handler).DeleteWebSSHFile-fm (7 handlers)
[GIN-debug] POST   /assets/hosts/:id/files/create-dir/ --> autoadmin/internal/assets.(*Handler).CreateWebSSHDirectory-fm (7 handlers)
[GIN-debug] POST   /assets/hosts/:id/refresh-info/ --> autoadmin/internal/assets.(*Handler).RefreshHostInfo-fm (7 handlers)
[GIN-debug] GET    /assets/hosts/            --> autoadmin/internal/assets.(*Handler).ListHosts-fm (7 handlers)
[GIN-debug] POST   /assets/hosts/refresh-info/ --> autoadmin/internal/assets.(*Handler).BatchRefreshHostInfo-fm (7 handlers)
[GIN-debug] POST   /assets/hosts/batch-delete/ --> autoadmin/internal/assets.(*Handler).DeleteHosts-fm (7 handlers)
[GIN-debug] GET    /assets/hosts/:id/        --> autoadmin/internal/assets.(*Handler).GetHost-fm (7 handlers)
[GIN-debug] POST   /assets/hosts/            --> autoadmin/internal/assets.(*Handler).CreateHost-fm (7 handlers)
[GIN-debug] PUT    /assets/hosts/:id/        --> autoadmin/internal/assets.(*Handler).UpdateHost-fm (7 handlers)
[GIN-debug] PATCH  /assets/hosts/:id/        --> autoadmin/internal/assets.(*Handler).UpdateHost-fm (7 handlers)
[GIN-debug] GET    /ws/assets/hosts/:id/webssh/ --> autoadmin/internal/assets.(*Handler).WebSSH-fm (7 handlers)
[GIN-debug] GET    /ws/automation/jobs/:id/logs/ --> autoadmin/internal/automation.(*Handler).JobLogStream-fm (7 handlers)
[GIN-debug] GET    /assets/applications/     --> autoadmin/internal/assets.(*Handler).ListApplications-fm (7 handlers)
[GIN-debug] GET    /assets/applications/:id/ --> autoadmin/internal/assets.(*Handler).GetApplication-fm (7 handlers)
[GIN-debug] POST   /assets/applications/     --> autoadmin/internal/assets.(*Handler).CreateApplication-fm (7 handlers)
[GIN-debug] PUT    /assets/applications/:id/ --> autoadmin/internal/assets.(*Handler).UpdateApplication-fm (7 handlers)
[GIN-debug] PATCH  /assets/applications/:id/ --> autoadmin/internal/assets.(*Handler).UpdateApplication-fm (7 handlers)
[GIN-debug] POST   /assets/applications/batch-delete/ --> autoadmin/internal/assets.(*Handler).DeleteApplications-fm (7 handlers)
[GIN-debug] GET    /assets/application-versions/ --> autoadmin/internal/assets.(*Handler).ListVersions-fm (7 handlers)
[GIN-debug] GET    /assets/application-versions/:id/ --> autoadmin/internal/assets.(*Handler).GetVersion-fm (7 handlers)
[GIN-debug] POST   /assets/application-versions/ --> autoadmin/internal/assets.(*Handler).CreateVersion-fm (7 handlers)
[GIN-debug] PUT    /assets/application-versions/:id/ --> autoadmin/internal/assets.(*Handler).UpdateVersion-fm (7 handlers)
[GIN-debug] PATCH  /assets/application-versions/:id/ --> autoadmin/internal/assets.(*Handler).UpdateVersion-fm (7 handlers)
[GIN-debug] POST   /assets/application-versions/batch-delete/ --> autoadmin/internal/assets.(*Handler).BatchDeleteVersions-fm (7 handlers)
[GIN-debug] GET    /assets/cluster-profiles/ --> autoadmin/internal/assets.(*Handler).ListProfiles-fm (7 handlers)
[GIN-debug] GET    /assets/cluster-profiles/:id/ --> autoadmin/internal/assets.(*Handler).GetProfile-fm (7 handlers)
[GIN-debug] POST   /assets/cluster-profiles/ --> autoadmin/internal/assets.(*Handler).CreateProfile-fm (7 handlers)
[GIN-debug] PUT    /assets/cluster-profiles/:id/ --> autoadmin/internal/assets.(*Handler).UpdateProfile-fm (7 handlers)
[GIN-debug] PATCH  /assets/cluster-profiles/:id/ --> autoadmin/internal/assets.(*Handler).UpdateProfile-fm (7 handlers)
[GIN-debug] POST   /assets/cluster-profiles/batch-delete/ --> autoadmin/internal/assets.(*Handler).BatchDeleteProfiles-fm (7 handlers)
[GIN-debug] GET    /sys/security/baseline/   --> autoadmin/internal/baseline.(*Handler).ListBaselines-fm (7 handlers)
[GIN-debug] GET    /sys/security/baseline/:id/ --> autoadmin/internal/baseline.(*Handler).GetBaseline-fm (7 handlers)
[GIN-debug] POST   /sys/security/baseline/   --> autoadmin/internal/baseline.(*Handler).SaveBaseline-fm (7 handlers)
[GIN-debug] PATCH  /sys/security/baseline/:id/ --> autoadmin/internal/baseline.(*Handler).SaveBaseline-fm (7 handlers)
[GIN-debug] DELETE /sys/security/baseline/:id/ --> autoadmin/internal/baseline.(*Handler).DeleteBaseline-fm (7 handlers)
[GIN-debug] POST   /sys/security/baseline/:id/scan/ --> autoadmin/internal/baseline.(*Handler).StartScan-fm (7 handlers)
[GIN-debug] POST   /sys/security/baseline/:id/categories/ --> autoadmin/internal/baseline.(*Handler).CreateBaselineCategory-fm (7 handlers)
[GIN-debug] PATCH  /sys/security/baseline/:id/categories/:categoryId/ --> autoadmin/internal/baseline.(*Handler).UpdateBaselineCategory-fm (7 handlers)
[GIN-debug] DELETE /sys/security/baseline/:id/categories/:categoryId/ --> autoadmin/internal/baseline.(*Handler).DeleteBaselineCategory-fm (7 handlers)
[GIN-debug] POST   /sys/security/baseline/:id/items/ --> autoadmin/internal/baseline.(*Handler).AddBaselineItem-fm (7 handlers)
[GIN-debug] PATCH  /sys/security/baseline/:id/items/:itemId/ --> autoadmin/internal/baseline.(*Handler).UpdateBaselineItem-fm (7 handlers)
[GIN-debug] DELETE /sys/security/baseline/:id/items/:itemId/ --> autoadmin/internal/baseline.(*Handler).DeleteBaselineItem-fm (7 handlers)
[GIN-debug] GET    /sys/security/scans/      --> autoadmin/internal/baseline.(*Handler).ListScans-fm (7 handlers)
[GIN-debug] GET    /sys/security/scans/:id/  --> autoadmin/internal/baseline.(*Handler).GetScan-fm (7 handlers)
[GIN-debug] POST   /sys/security/scans/:id/cancel/ --> autoadmin/internal/baseline.(*Handler).CancelScan-fm (7 handlers)
[GIN-debug] GET    /assets/application-deployment-templates/ --> autoadmin/internal/assets.(*Handler).ListDeploymentTemplates-fm (7 handlers)
[GIN-debug] GET    /assets/application-deployment-templates/:id/ --> autoadmin/internal/assets.(*Handler).GetDeploymentTemplate-fm (7 handlers)
[GIN-debug] POST   /assets/application-deployment-templates/ --> autoadmin/internal/assets.(*Handler).CreateDeploymentTemplate-fm (7 handlers)
[GIN-debug] PUT    /assets/application-deployment-templates/:id/ --> autoadmin/internal/assets.(*Handler).UpdateDeploymentTemplate-fm (7 handlers)
[GIN-debug] PATCH  /assets/application-deployment-templates/:id/ --> autoadmin/internal/assets.(*Handler).UpdateDeploymentTemplate-fm (7 handlers)
[GIN-debug] POST   /assets/application-deployment-templates/batch-delete/ --> autoadmin/internal/assets.(*Handler).BatchDeleteDeploymentTemplates-fm (7 handlers)
[GIN-debug] GET    /assets/application-services/ --> autoadmin/internal/assets.(*Handler).ListApplicationServices-fm (7 handlers)
[GIN-debug] GET    /assets/application-services/:id/log-config/ --> autoadmin/internal/assets.(*Handler).GetApplicationServiceLogConfig-fm (7 handlers)
[GIN-debug] POST   /assets/application-services/:id/refresh-runtime-status/ --> autoadmin/internal/assets.(*Handler).RefreshApplicationServiceRuntimeStatus-fm (7 handlers)
[GIN-debug] GET    /assets/application-services/:id/ --> autoadmin/internal/assets.(*Handler).GetApplicationService-fm (7 handlers)
[GIN-debug] POST   /assets/application-services/ --> autoadmin/internal/assets.(*Handler).CreateApplicationService-fm (7 handlers)
[GIN-debug] PATCH  /assets/application-services/:id/ --> autoadmin/internal/assets.(*Handler).UpdateApplicationService-fm (7 handlers)
[GIN-debug] POST   /assets/application-services/batch-delete/ --> autoadmin/internal/assets.(*Handler).BatchDeleteApplicationServices-fm (7 handlers)
[GIN-debug] GET    /assets/application-deployments/ --> autoadmin/internal/assets.(*Handler).ListApplicationDeployments-fm (7 handlers)
[GIN-debug] GET    /assets/application-deployments/:id/ --> autoadmin/internal/assets.(*Handler).GetApplicationDeployment-fm (7 handlers)
[GIN-debug] POST   /assets/application-deployments/:id/control/ --> autoadmin/internal/assets.(*Handler).ControlApplicationDeployment-fm (7 handlers)
[GIN-debug] POST   /assets/application-deployments/ --> autoadmin/internal/assets.(*Handler).CreateApplicationDeployment-fm (7 handlers)
[GIN-debug] PATCH  /assets/application-deployments/:id/ --> autoadmin/internal/assets.(*Handler).UpdateApplicationDeployment-fm (7 handlers)
[GIN-debug] POST   /assets/application-deployments/batch-delete/ --> autoadmin/internal/assets.(*Handler).BatchDeleteApplicationDeployments-fm (7 handlers)
[GIN-debug] GET    /sys/inspection/groups/   --> autoadmin/internal/inspection.(*Handler).ListGroups-fm (7 handlers)
[GIN-debug] GET    /sys/inspection/groups/:id/ --> autoadmin/internal/inspection.(*Handler).GetGroup-fm (7 handlers)
[GIN-debug] POST   /sys/inspection/groups/   --> autoadmin/internal/inspection.(*Handler).SaveGroup-fm (7 handlers)
[GIN-debug] PATCH  /sys/inspection/groups/:id/ --> autoadmin/internal/inspection.(*Handler).SaveGroup-fm (7 handlers)
[GIN-debug] POST   /sys/inspection/groups/batch-delete/ --> autoadmin/internal/inspection.(*Handler).BatchDeleteGroups-fm (7 handlers)
[GIN-debug] GET    /sys/inspection/tasks/    --> autoadmin/internal/inspection.(*Handler).ListTasks-fm (7 handlers)
[GIN-debug] GET    /sys/inspection/tasks/:id/ --> autoadmin/internal/inspection.(*Handler).GetTask-fm (7 handlers)
[GIN-debug] POST   /sys/inspection/tasks/    --> autoadmin/internal/inspection.(*Handler).SaveTask-fm (7 handlers)
[GIN-debug] PATCH  /sys/inspection/tasks/:id/ --> autoadmin/internal/inspection.(*Handler).SaveTask-fm (7 handlers)
[GIN-debug] POST   /sys/inspection/tasks/batch-delete/ --> autoadmin/internal/inspection.(*Handler).BatchDeleteTasks-fm (7 handlers)
[GIN-debug] POST   /sys/inspection/tasks/:id/run/ --> autoadmin/internal/inspection.(*Handler).RunTask-fm (7 handlers)
[GIN-debug] GET    /sys/inspection/executions/ --> autoadmin/internal/inspection.(*Handler).ListExecutions-fm (7 handlers)
[GIN-debug] GET    /sys/inspection/executions/:id/ --> autoadmin/internal/inspection.(*Handler).GetExecution-fm (7 handlers)
[GIN-debug] POST   /sys/inspection/executions/:id/cancel/ --> autoadmin/internal/inspection.(*Handler).CancelExecution-fm (7 handlers)
[GIN-debug] GET    /monitor/summary/         --> autoadmin/internal/monitor.(*Handler).Summary-fm (7 handlers)
[GIN-debug] GET    /monitor/packages/        --> autoadmin/internal/monitor.(*Handler).ListPackages-fm (7 handlers)
[GIN-debug] POST   /monitor/packages/        --> autoadmin/internal/monitor.(*Handler).CreateSoftwarePackage-fm (7 handlers)
[GIN-debug] GET    /monitor/packages/:id/    --> autoadmin/internal/monitor.(*Handler).GetSoftwarePackage-fm (7 handlers)
[GIN-debug] PATCH  /monitor/packages/:id/    --> autoadmin/internal/monitor.(*Handler).UpdateSoftwarePackage-fm (7 handlers)
[GIN-debug] PUT    /monitor/packages/:id/    --> autoadmin/internal/monitor.(*Handler).UpdateSoftwarePackage-fm (7 handlers)
[GIN-debug] POST   /monitor/packages/:id/upload/ --> autoadmin/internal/monitor.(*Handler).UploadSoftwarePackage-fm (7 handlers)
[GIN-debug] POST   /monitor/packages/:id/sync-official/ --> autoadmin/internal/monitor.(*Handler).SyncSoftwarePackageFromOfficial-fm (7 handlers)
[GIN-debug] POST   /monitor/packages/batch-delete/ --> autoadmin/internal/monitor.(*Handler).BatchDeleteSoftwarePackages-fm (7 handlers)
[GIN-debug] GET    /monitor/targets/         --> autoadmin/internal/monitor.(*Handler).ListTargets-fm (7 handlers)
[GIN-debug] GET    /monitor/targets/host-group-tree/ --> autoadmin/internal/monitor.(*Handler).HostGroupTree-fm (7 handlers)
[GIN-debug] GET    /monitor/targets/exporter-options/ --> autoadmin/internal/monitor.(*Handler).ExporterOptions-fm (7 handlers)
[GIN-debug] GET    /monitor/targets/host-overview/ --> autoadmin/internal/monitor.(*Handler).HostOverview-fm (7 handlers)
[GIN-debug] POST   /monitor/targets/batch-create/ --> autoadmin/internal/monitor.(*Handler).BatchCreateTargets-fm (7 handlers)
[GIN-debug] POST   /monitor/targets/batch-delete/ --> autoadmin/internal/monitor.(*Handler).BatchDeleteTargets-fm (7 handlers)
[GIN-debug] POST   /monitor/targets/batch-start-service/ --> autoadmin/internal/monitor.(*Handler).BatchStartTargetService-fm (7 handlers)
[GIN-debug] POST   /monitor/targets/batch-stop-service/ --> autoadmin/internal/monitor.(*Handler).BatchStopTargetService-fm (7 handlers)
[GIN-debug] GET    /monitor/targets/:id/     --> autoadmin/internal/monitor.(*Handler).GetTarget-fm (7 handlers)
[GIN-debug] PATCH  /monitor/targets/:id/     --> autoadmin/internal/monitor.(*Handler).UpdateTarget-fm (7 handlers)
[GIN-debug] PUT    /monitor/targets/:id/     --> autoadmin/internal/monitor.(*Handler).UpdateTarget-fm (7 handlers)
[GIN-debug] POST   /monitor/targets/:id/retry/ --> autoadmin/internal/monitor.(*Handler).RetryTarget-fm (7 handlers)
[GIN-debug] POST   /monitor/targets/:id/cancel/ --> autoadmin/internal/monitor.(*Handler).CancelTarget-fm (7 handlers)
[GIN-debug] POST   /monitor/targets/:id/check-service-status/ --> autoadmin/internal/monitor.(*Handler).CheckTargetService-fm (7 handlers)
[GIN-debug] POST   /monitor/targets/:id/start-service/ --> autoadmin/internal/monitor.(*Handler).StartTargetService-fm (7 handlers)
[GIN-debug] POST   /monitor/targets/:id/stop-service/ --> autoadmin/internal/monitor.(*Handler).StopTargetService-fm (7 handlers)
[GIN-debug] GET    /monitor/install-histories/ --> autoadmin/internal/monitor.(*Handler).ListInstallHistories-fm (7 handlers)
[GIN-debug] GET    /monitor/install-histories/:id/ --> autoadmin/internal/monitor.(*Handler).GetInstallHistory-fm (7 handlers)
[GIN-debug] POST   /monitor/install-histories/:id/cancel/ --> autoadmin/internal/monitor.(*Handler).CancelInstallHistory-fm (7 handlers)
[GIN-debug] POST   /monitor/log-targets/batch-create/ --> autoadmin/internal/monitor.(*Handler).BatchCreateLogTargets-fm (7 handlers)
[GIN-debug] POST   /monitor/log-targets/batch-retry/ --> autoadmin/internal/monitor.(*Handler).BatchRetryLogTargets-fm (7 handlers)
[GIN-debug] POST   /monitor/log-targets/batch-start-service/ --> autoadmin/internal/monitor.(*Handler).BatchStartLogTargets-fm (7 handlers)
[GIN-debug] POST   /monitor/log-targets/batch-stop-service/ --> autoadmin/internal/monitor.(*Handler).BatchStopLogTargets-fm (7 handlers)
[GIN-debug] POST   /monitor/log-targets/batch-apply/ --> autoadmin/internal/monitor.(*Handler).BatchApplyLogTargets-fm (7 handlers)
[GIN-debug] POST   /monitor/log-targets/:id/retry/ --> autoadmin/internal/monitor.(*Handler).RetryLogTarget-fm (7 handlers)
[GIN-debug] POST   /monitor/log-targets/:id/cancel/ --> autoadmin/internal/monitor.(*Handler).CancelLogTarget-fm (7 handlers)
[GIN-debug] POST   /monitor/log-targets/batch-delete/ --> autoadmin/internal/monitor.(*Handler).BatchDeleteLogTargets-fm (7 handlers)
[GIN-debug] POST   /monitor/log-targets/:id/check-status/ --> autoadmin/internal/monitor.(*Handler).CheckLogTargetService-fm (7 handlers)
[GIN-debug] POST   /monitor/log-targets/:id/start-service/ --> autoadmin/internal/monitor.(*Handler).StartLogTargetService-fm (7 handlers)
[GIN-debug] POST   /monitor/log-targets/:id/stop-service/ --> autoadmin/internal/monitor.(*Handler).StopLogTargetService-fm (7 handlers)
[GIN-debug] POST   /monitor/log-targets/:id/apply/ --> autoadmin/internal/monitor.(*Handler).ApplyLogTargetConfig-fm (7 handlers)
[GIN-debug] GET    /monitor/alert-histories/ --> autoadmin/internal/monitor.(*Handler).ListAlertHistories-fm (7 handlers)
[GIN-debug] GET    /monitor/alert-histories/:id/ --> autoadmin/internal/monitor.(*Handler).GetAlertHistory-fm (7 handlers)
[GIN-debug] GET    /monitor/alert-histories/:id/notification-status/ --> autoadmin/internal/monitor.(*Handler).AlertNotificationStatus-fm (7 handlers)
[GIN-debug] GET    /monitor/alert-notification/user-chain/ --> autoadmin/internal/monitor.(*Handler).UserAlertChain-fm (7 handlers)
[GIN-debug] GET    /monitor/alert-notification/chain/:historyId/ --> autoadmin/internal/monitor.(*Handler).AlertChainEvaluation-fm (7 handlers)
[GIN-debug] GET    /monitor/media/           --> autoadmin/internal/monitor.(*Handler).ListAlertMedia-fm (7 handlers)
[GIN-debug] POST   /monitor/media/           --> autoadmin/internal/monitor.(*Handler).CreateAlertMedia-fm (7 handlers)
[GIN-debug] GET    /monitor/media/:id/       --> autoadmin/internal/monitor.(*Handler).GetAlertMedia-fm (7 handlers)
[GIN-debug] PATCH  /monitor/media/:id/       --> autoadmin/internal/monitor.(*Handler).UpdateAlertMedia-fm (7 handlers)
[GIN-debug] PUT    /monitor/media/:id/       --> autoadmin/internal/monitor.(*Handler).UpdateAlertMedia-fm (7 handlers)
[GIN-debug] POST   /monitor/media/:id/test/  --> autoadmin/internal/monitor.(*Handler).TestAlertMedia-fm (7 handlers)
[GIN-debug] POST   /monitor/media/batch-delete/ --> autoadmin/internal/monitor.(*Handler).BatchDeleteAlertMedia-fm (7 handlers)
[GIN-debug] GET    /monitor/notification-policies/ --> autoadmin/internal/monitor.(*Handler).ListNotificationPolicies-fm (7 handlers)
[GIN-debug] POST   /monitor/notification-policies/create/ --> autoadmin/internal/monitor.(*Handler).CreateNotificationPolicy-fm (7 handlers)
[GIN-debug] POST   /monitor/notification-policies/update/ --> autoadmin/internal/monitor.(*Handler).UpdateNotificationPolicy-fm (7 handlers)
[GIN-debug] POST   /monitor/notification-policies/batch-delete/ --> autoadmin/internal/monitor.(*Handler).BatchDeleteNotificationPolicies-fm (7 handlers)
[GIN-debug] GET    /monitor/log-retention-tiers/ --> autoadmin/internal/monitor.(*Handler).ListRetentionTiers-fm (7 handlers)
[GIN-debug] POST   /monitor/log-retention-tiers/ --> autoadmin/internal/monitor.(*Handler).CreateRetentionTier-fm (7 handlers)
[GIN-debug] GET    /monitor/log-retention-tiers/:id/ --> autoadmin/internal/monitor.(*Handler).GetRetentionTier-fm (7 handlers)
[GIN-debug] PATCH  /monitor/log-retention-tiers/:id/ --> autoadmin/internal/monitor.(*Handler).UpdateRetentionTier-fm (7 handlers)
[GIN-debug] PUT    /monitor/log-retention-tiers/:id/ --> autoadmin/internal/monitor.(*Handler).UpdateRetentionTier-fm (7 handlers)
[GIN-debug] POST   /monitor/log-retention-tiers/batch-delete/ --> autoadmin/internal/monitor.(*Handler).BatchDeleteRetentionTiers-fm (7 handlers)
[GIN-debug] GET    /monitor/log-processing-rules/ --> autoadmin/internal/monitor.(*Handler).ListProcessingRules-fm (7 handlers)
[GIN-debug] POST   /monitor/log-processing-rules/ --> autoadmin/internal/monitor.(*Handler).CreateProcessingRule-fm (7 handlers)
[GIN-debug] GET    /monitor/log-processing-rules/:id/ --> autoadmin/internal/monitor.(*Handler).GetProcessingRule-fm (7 handlers)
[GIN-debug] PATCH  /monitor/log-processing-rules/:id/ --> autoadmin/internal/monitor.(*Handler).UpdateProcessingRule-fm (7 handlers)
[GIN-debug] PUT    /monitor/log-processing-rules/:id/ --> autoadmin/internal/monitor.(*Handler).UpdateProcessingRule-fm (7 handlers)
[GIN-debug] POST   /monitor/log-processing-rules/batch-delete/ --> autoadmin/internal/monitor.(*Handler).BatchDeleteProcessingRules-fm (7 handlers)
[GIN-debug] GET    /monitor/log-collection-filter-rules/ --> autoadmin/internal/monitor.(*Handler).ListFilterRules-fm (7 handlers)
[GIN-debug] POST   /monitor/log-collection-filter-rules/ --> autoadmin/internal/monitor.(*Handler).CreateFilterRule-fm (7 handlers)
[GIN-debug] GET    /monitor/log-collection-filter-rules/:id/ --> autoadmin/internal/monitor.(*Handler).GetFilterRule-fm (7 handlers)
[GIN-debug] PATCH  /monitor/log-collection-filter-rules/:id/ --> autoadmin/internal/monitor.(*Handler).UpdateFilterRule-fm (7 handlers)
[GIN-debug] PUT    /monitor/log-collection-filter-rules/:id/ --> autoadmin/internal/monitor.(*Handler).UpdateFilterRule-fm (7 handlers)
[GIN-debug] POST   /monitor/log-collection-filter-rules/batch-delete/ --> autoadmin/internal/monitor.(*Handler).BatchDeleteFilterRules-fm (7 handlers)
[GIN-debug] GET    /monitor/opensearch-clusters/ --> autoadmin/internal/monitor.(*Handler).ListOpenSearchClusters-fm (7 handlers)
[GIN-debug] POST   /monitor/opensearch-clusters/ --> autoadmin/internal/monitor.(*Handler).CreateOpenSearchCluster-fm (7 handlers)
[GIN-debug] GET    /monitor/opensearch-clusters/:id/ --> autoadmin/internal/monitor.(*Handler).GetOpenSearchCluster-fm (7 handlers)
[GIN-debug] PATCH  /monitor/opensearch-clusters/:id/ --> autoadmin/internal/monitor.(*Handler).UpdateOpenSearchCluster-fm (7 handlers)
[GIN-debug] PUT    /monitor/opensearch-clusters/:id/ --> autoadmin/internal/monitor.(*Handler).UpdateOpenSearchCluster-fm (7 handlers)
[GIN-debug] POST   /monitor/opensearch-clusters/batch-delete/ --> autoadmin/internal/monitor.(*Handler).BatchDeleteOpenSearchClusters-fm (7 handlers)
[GIN-debug] POST   /monitor/opensearch-clusters/:id/test-connection/ --> autoadmin/internal/monitor.(*Handler).TestOpenSearchConnection-fm (7 handlers)
[GIN-debug] GET    /monitor/opensearch-clusters/:id/log-health/ --> autoadmin/internal/monitor.(*Handler).OpenSearchLogHealth-fm (7 handlers)
[GIN-debug] POST   /monitor/opensearch-clusters/:id/pipeline-simulate/ --> autoadmin/internal/monitor.(*Handler).SimulateOpenSearchPipeline-fm (7 handlers)
[GIN-debug] GET    /monitor/opensearch-clusters/:id/log-search/ --> autoadmin/internal/monitor.(*Handler).OpenSearchLogSearch-fm (7 handlers)
[GIN-debug] GET    /monitor/opensearch-clusters/:id/log-facet-stats/ --> autoadmin/internal/monitor.(*Handler).OpenSearchLogFacetStats-fm (7 handlers)
[GIN-debug] GET    /monitor/opensearch-clusters/:id/log-storage-overview/ --> autoadmin/internal/monitor.(*Handler).GetLogStorageOverview-fm (7 handlers)
[GIN-debug] GET    /monitor/opensearch-clusters/:id/log-service-usage/ --> autoadmin/internal/monitor.(*Handler).GetLogServiceUsage-fm (7 handlers)
[GIN-debug] GET    /monitor/log-targets/:id/config-preview/ --> autoadmin/internal/monitor.(*Handler).GetHostLogConfigPreview-fm (7 handlers)
[GIN-debug] GET    /monitor/targets/summary/ --> autoadmin/internal/monitor.(*Handler).Summary-fm (7 handlers)
[GIN-debug] GET    /monitor/targets/prometheus/overview/ --> autoadmin/internal/monitor.(*Handler).PrometheusOverview-fm (7 handlers)
[GIN-debug] GET    /monitor/targets/prometheus/targets/ --> autoadmin/internal/monitor.(*Handler).PrometheusTargets-fm (7 handlers)
[GIN-debug] GET    /monitor/targets/prometheus/alerts/ --> autoadmin/internal/monitor.(*Handler).PrometheusAlerts-fm (7 handlers)
[GIN-debug] GET    /monitor/targets/prometheus/rules/ --> autoadmin/internal/monitor.(*Handler).PrometheusRules-fm (7 handlers)
[GIN-debug] GET    /monitor/targets/prometheus/tsdb-status/ --> autoadmin/internal/monitor.(*Handler).PrometheusTSDBStatus-fm (7 handlers)
[GIN-debug] GET    /monitor/targets/prometheus/config/ --> autoadmin/internal/monitor.(*Handler).PrometheusConfig-fm (7 handlers)
[GIN-debug] GET    /monitor/targets/prometheus/flags/ --> autoadmin/internal/monitor.(*Handler).PrometheusFlags-fm (7 handlers)
[GIN-debug] GET    /monitor/targets/prometheus/query/ --> autoadmin/internal/monitor.(*Handler).PrometheusQuery-fm (7 handlers)
[GIN-debug] GET    /monitor/targets/prometheus/query-range/ --> autoadmin/internal/monitor.(*Handler).PrometheusQueryRange-fm (7 handlers)
[GIN-debug] GET    /monitor/targets/prometheus/proxy/*apiPath --> autoadmin/internal/monitor.(*Handler).PrometheusProxy-fm (7 handlers)
[GIN-debug] POST   /monitor/targets/prometheus/proxy/*apiPath --> autoadmin/internal/monitor.(*Handler).PrometheusProxy-fm (7 handlers)
[GIN-debug] PUT    /monitor/targets/prometheus/proxy/*apiPath --> autoadmin/internal/monitor.(*Handler).PrometheusProxy-fm (7 handlers)
[GIN-debug] PATCH  /monitor/targets/prometheus/proxy/*apiPath --> autoadmin/internal/monitor.(*Handler).PrometheusProxy-fm (7 handlers)
[GIN-debug] HEAD   /monitor/targets/prometheus/proxy/*apiPath --> autoadmin/internal/monitor.(*Handler).PrometheusProxy-fm (7 handlers)
[GIN-debug] OPTIONS /monitor/targets/prometheus/proxy/*apiPath --> autoadmin/internal/monitor.(*Handler).PrometheusProxy-fm (7 handlers)
[GIN-debug] DELETE /monitor/targets/prometheus/proxy/*apiPath --> autoadmin/internal/monitor.(*Handler).PrometheusProxy-fm (7 handlers)
[GIN-debug] CONNECT /monitor/targets/prometheus/proxy/*apiPath --> autoadmin/internal/monitor.(*Handler).PrometheusProxy-fm (7 handlers)
[GIN-debug] TRACE  /monitor/targets/prometheus/proxy/*apiPath --> autoadmin/internal/monitor.(*Handler).PrometheusProxy-fm (7 handlers)
[GIN-debug] GET    /monitor/prometheus/http-sd/ --> autoadmin/internal/monitor.(*Handler).PrometheusHTTPServiceDiscovery-fm (6 handlers)
[GIN-debug] GET    /monitor/targets/prometheus/http-sd/ --> autoadmin/internal/monitor.(*Handler).PrometheusHTTPServiceDiscovery-fm (6 handlers)
[GIN-debug] POST   /monitor/alert-webhook/api/v2/alerts --> autoadmin/internal/monitor.(*Handler).AlertWebhook-fm (6 handlers)
[GIN] 2026/09/16 - 21:33:29 | 200 |   3.37ms |  192.168.124.15 | GET      "/assets/hosts/"
2026/09/16 21:33:29 INFO agent session established instance_name=pvg-esb4-202 session_count=1
2026/09/16 21:33:29 INFO agent session established instance_name=cdm-179 session_count=2
2026/09/16 21:33:29 INFO agent session established instance_name=pvg4-esb-208 session_count=3
2026/09/16 21:33:29 INFO agent session established instance_name=kul-tib-tomcat1 session_count=4
2026/09/16 21:33:29 INFO agent session established instance_name=pvg-esb4-201 session_count=5
2026/09/16 21:33:29 INFO agent session established instance_name=cdm-oracle-159 session_count=6
2026/09/16 21:33:29 INFO agent session established instance_name=pvg-esb4-206 session_count=7
2026/09/16 21:33:29 INFO agent session established instance_name=mysql134 session_count=8
2026/09/16 21:33:29 INFO agent session established instance_name=pvg-esb4-204 session_count=9
2026/09/16 21:33:29 INFO agent session established instance_name=kul-tib-tomcat2 session_count=10
2026/09/16 21:33:29 INFO agent session established instance_name=cgk-oracle-10 session_count=11
2026/09/16 21:33:29 INFO agent session established instance_name=tib_nginx-208 session_count=12
2026/09/16 21:33:29 INFO agent session established instance_name=tib-oracle session_count=13
2026/09/16 21:33:29 INFO agent session established instance_name=pvg-esb4-207 session_count=14
2026/09/16 21:33:29 INFO agent session established instance_name=177 session_count=15
2026/09/16 21:33:29 INFO agent session established instance_name=mysql135 session_count=16
2026/09/16 21:33:29 INFO agent session established instance_name=localhost session_count=17
2026/09/16 21:33:29 INFO agent session established instance_name=mysql136 session_count=18
2026/09/16 21:33:29 INFO agent session established instance_name=tib-es-redis-209 session_count=19
[GIN] 2026/09/16 - 21:33:32 | 200 | 338.72ms |   192.168.240.2 | GET      "/monitor/prometheus/http-sd/"
[GIN] 2026/09/16 - 21:33:33 | 200 |   3.89ms |  192.168.124.15 | GET      "/assets/hosts/"
[GIN] 2026/09/16 - 21:33:38 | 200 |    2.1ms |  192.168.124.15 | GET      "/assets/hosts/"
[GIN] 2026/09/16 - 21:33:39 | 200 |   2.34ms |       127.0.0.1 | GET      "/assets/hosts/"
[GIN] 2026/09/16 - 21:33:39 | 200 |   2.53ms |       127.0.0.1 | GET      "/assets/hosts/"
[GIN] 2026/09/16 - 21:33:39 | 200 |   1.85ms |       127.0.0.1 | GET      "/assets/hosts/"
[GIN] 2026/09/16 - 21:33:43 | 200 |   2.07ms |  192.168.124.15 | GET      "/assets/hosts/"
[GIN] 2026/09/16 - 21:33:48 | 200 |    2.2ms |  192.168.124.15 | GET      "/assets/hosts/"
[GIN] 2026/09/16 - 21:33:53 | 200 |   2.13ms |  192.168.124.15 | GET      "/assets/hosts/"
[GIN] 2026/09/16 - 21:33:58 | 200 |   2.31ms |  192.168.124.15 | GET      "/assets/hosts/"
[GIN] 2026/09/16 - 21:34:01 | 200 |   2.52ms |  192.168.124.15 | GET      "/assets/hosts/"
[GIN] 2026/09/16 - 21:34:03 | 200 | 381.51ms |   192.168.240.2 | GET      "/monitor/prometheus/http-sd/"
[GIN] 2026/09/16 - 21:34:03 | 200 |   3.73ms |  192.168.124.15 | GET      "/assets/hosts/"
[GIN] 2026/09/16 - 21:34:08 | 200 |   3.07ms |  192.168.124.15 | GET      "/assets/hosts/"
[GIN] 2026/09/16 - 21:34:13 | 200 |   1.91ms |  192.168.124.15 | GET      "/assets/hosts/"
[GIN] 2026/09/16 - 21:34:18 | 200 |   3.68ms |  192.168.124.15 | GET      "/assets/hosts/"
[GIN] 2026/09/16 - 21:34:19 | 200 | 447.82ms |   192.168.240.2 | POST     "/monitor/alert-webhook/api/v2/alerts"
[GIN] 2026/09/16 - 21:34:20 | 200 |  376.4ms |   192.168.240.2 | POST     "/monitor/alert-webhook/api/v2/alerts"
[GIN] 2026/09/16 - 21:34:23 | 200 |   2.93ms |  192.168.124.15 | GET      "/assets/hosts/"
[GIN] 2026/09/16 - 21:34:28 | 200 |   2.63ms |  192.168.124.15 | GET      "/assets/hosts/"
[GIN] 2026/09/16 - 21:34:32 | 200 | 328.22ms |   192.168.240.2 | GET      "/monitor/prometheus/http-sd/"
[GIN] 2026/09/16 - 21:34:33 | 200 |   4.65ms |  192.168.124.15 | GET      "/assets/hosts/"
[GIN] 2026/09/16 - 21:34:38 | 200 |   3.07ms |  192.168.124.15 | GET      "/assets/hosts/"
[GIN] 2026/09/16 - 21:34:43 | 200 |   2.47ms |  192.168.124.15 | GET      "/assets/hosts/"
[GIN] 2026/09/16 - 21:34:48 | 200 |   2.52ms |  192.168.124.15 | GET      "/assets/hosts/"
[GIN] 2026/09/16 - 21:34:49 | 200 | 352.14ms |   192.168.240.2 | POST     "/monitor/alert-webhook/api/v2/alerts"
[GIN] 2026/09/16 - 21:34:53 | 200 |   2.39ms |  192.168.124.15 | GET      "/assets/hosts/"
[GIN] 2026/09/16 - 21:34:58 | 200 |   4.06ms |  192.168.124.15 | GET      "/assets/hosts/"
2026/09/16 21:35:00 INFO agent session ended instance_name=pvg-esb4-202 session_count=18
2026/09/16 21:35:00 INFO agent session ended instance_name=pvg4-esb-208 session_count=17
2026/09/16 21:35:00 INFO agent session ended instance_name=pvg-esb4-201 session_count=16
2026/09/16 21:35:00 INFO agent session ended instance_name=cdm-179 session_count=15
2026/09/16 21:35:00 INFO agent session ended instance_name=mysql134 session_count=14
2026/09/16 21:35:00 INFO agent session ended instance_name=kul-tib-tomcat1 session_count=13
2026/09/16 21:35:00 INFO agent session ended instance_name=pvg-esb4-206 session_count=12
2026/09/16 21:35:00 INFO agent session ended instance_name=cdm-oracle-159 session_count=11
2026/09/16 21:35:00 INFO agent session ended instance_name=tib_nginx-208 session_count=10
2026/09/16 21:35:00 INFO agent session ended instance_name=cgk-oracle-10 session_count=9
2026/09/16 21:35:00 INFO agent session ended instance_name=pvg-esb4-207 session_count=8
2026/09/16 21:35:00 INFO agent session ended instance_name=kul-tib-tomcat2 session_count=7
2026/09/16 21:35:00 INFO agent session ended instance_name=mysql135 session_count=6
2026/09/16 21:35:00 INFO agent session ended instance_name=pvg-esb4-204 session_count=5
2026/09/16 21:35:00 INFO agent session ended instance_name=177 session_count=4
2026/09/16 21:35:00 INFO agent session ended instance_name=tib-oracle session_count=3
2026/09/16 21:35:00 INFO agent session ended instance_name=localhost session_count=2
2026/09/16 21:35:00 INFO agent session ended instance_name=mysql136 session_count=1
2026/09/16 21:35:00 INFO agent session ended instance_name=tib-es-redis-209 session_count=0
2026/09/16 21:35:01 INFO agent session established instance_name=pvg-esb4-202 session_count=1
2026/09/16 21:35:01 INFO agent session established instance_name=pvg4-esb-208 session_count=2
2026/09/16 21:35:01 INFO agent session established instance_name=pvg-esb4-201 session_count=3
2026/09/16 21:35:01 INFO agent session established instance_name=cdm-179 session_count=4
2026/09/16 21:35:01 INFO agent session established instance_name=mysql134 session_count=5
2026/09/16 21:35:01 INFO agent session established instance_name=kul-tib-tomcat1 session_count=6
2026/09/16 21:35:01 INFO agent session established instance_name=pvg-esb4-206 session_count=7
2026/09/16 21:35:01 INFO agent session established instance_name=cdm-oracle-159 session_count=8
2026/09/16 21:35:01 INFO agent session established instance_name=tib_nginx-208 session_count=9
2026/09/16 21:35:01 INFO agent session established instance_name=cgk-oracle-10 session_count=10
2026/09/16 21:35:01 INFO agent session established instance_name=pvg-esb4-207 session_count=11
2026/09/16 21:35:01 INFO agent session established instance_name=kul-tib-tomcat2 session_count=12
2026/09/16 21:35:01 INFO agent session established instance_name=mysql135 session_count=13
2026/09/16 21:35:01 INFO agent session established instance_name=pvg-esb4-204 session_count=14
2026/09/16 21:35:01 INFO agent session established instance_name=177 session_count=15
2026/09/16 21:35:01 INFO agent session established instance_name=localhost session_count=16
2026/09/16 21:35:01 INFO agent session established instance_name=mysql136 session_count=17
2026/09/16 21:35:01 INFO agent session established instance_name=tib-oracle session_count=18
2026/09/16 21:35:01 INFO agent session established instance_name=tib-es-redis-209 session_count=19
[GIN] 2026/09/16 - 21:35:01 | 200 |    4.1ms |  192.168.124.15 | GET      "/assets/hosts/"
[GIN] 2026/09/16 - 21:35:03 | 200 | 354.66ms |   192.168.240.2 | GET      "/monitor/prometheus/http-sd/"
[GIN] 2026/09/16 - 21:35:03 | 200 |   2.42ms |  192.168.124.15 | GET      "/assets/hosts/"
[GIN] 2026/09/16 - 21:35:08 | 200 |   3.82ms |  192.168.124.15 | GET      "/assets/hosts/"
[GIN] 2026/09/16 - 21:35:13 | 200 |   3.48ms |  192.168.124.15 | GET      "/assets/hosts/"
[GIN] 2026/09/16 - 21:35:18 | 200 |   2.22ms |  192.168.124.15 | GET      "/assets/hosts/"
[GIN] 2026/09/16 - 21:35:23 | 200 |   2.87ms |  192.168.124.15 | GET      "/assets/hosts/"
[GIN] 2026/09/16 - 21:35:28 | 200 |   4.12ms |  192.168.124.15 | GET      "/assets/hosts/"
[GIN] 2026/09/16 - 21:35:33 | 200 | 391.31ms |   192.168.240.2 | GET      "/monitor/prometheus/http-sd/"
[GIN] 2026/09/16 - 21:35:33 | 200 |   3.88ms |  192.168.124.15 | GET      "/assets/hosts/"
[GIN] 2026/09/16 - 21:35:38 | 200 |   5.33ms |  192.168.124.15 | GET      "/assets/hosts/"
[GIN] 2026/09/16 - 21:35:43 | 200 |   3.05ms |  192.168.124.15 | GET      "/assets/hosts/"
[GIN] 2026/09/16 - 21:35:48 | 200 |   3.25ms |  192.168.124.15 | GET      "/assets/hosts/"
[GIN] 2026/09/16 - 21:35:49 | 200 | 336.16ms |   192.168.240.2 | POST     "/monitor/alert-webhook/api/v2/alerts"
[GIN] 2026/09/16 - 21:35:50 | 200 | 368.43ms |   192.168.240.2 | POST     "/monitor/alert-webhook/api/v2/alerts"
[GIN] 2026/09/16 - 21:35:53 | 200 |   2.26ms |  192.168.124.15 | GET      "/assets/hosts/"
[GIN] 2026/09/16 - 21:35:58 | 200 |   2.82ms |  192.168.124.15 | GET      "/assets/hosts/"
[GIN] 2026/09/16 - 21:36:01 | 200 |   3.66ms |  192.168.124.15 | GET      "/assets/hosts/"
[GIN] 2026/09/16 - 21:36:03 | 200 | 373.39ms |   192.168.240.2 | GET      "/monitor/prometheus/http-sd/"
[GIN] 2026/09/16 - 21:36:03 | 200 |   5.42ms |  192.168.124.15 | GET      "/assets/hosts/"
[GIN] 2026/09/16 - 21:36:08 | 200 |   4.27ms |  192.168.124.15 | GET      "/assets/hosts/"
[GIN] 2026/09/16 - 21:36:13 | 200 |   2.32ms |  192.168.124.15 | GET      "/assets/hosts/"
[GIN] 2026/09/16 - 21:36:18 | 200 |   2.74ms |  192.168.124.15 | GET      "/assets/hosts/"
[GIN] 2026/09/16 - 21:36:19 | 200 | 357.51ms |   192.168.240.2 | POST     "/monitor/alert-webhook/api/v2/alerts"
[GIN] 2026/09/16 - 21:36:23 | 200 |   3.45ms |  192.168.124.15 | GET      "/assets/hosts/"
[GIN] 2026/09/16 - 21:36:28 | 200 |   3.26ms |  192.168.124.15 | GET      "/assets/hosts/"
2026/09/16 21:36:32 INFO agent session ended instance_name=pvg-esb4-202 session_count=18
2026/09/16 21:36:32 INFO agent session ended instance_name=pvg-esb4-201 session_count=17
2026/09/16 21:36:32 INFO agent session ended instance_name=pvg4-esb-208 session_count=16
2026/09/16 21:36:32 INFO agent session ended instance_name=cdm-179 session_count=15
2026/09/16 21:36:32 INFO agent session ended instance_name=mysql134 session_count=14
2026/09/16 21:36:32 INFO agent session ended instance_name=kul-tib-tomcat1 session_count=13
2026/09/16 21:36:32 INFO agent session ended instance_name=cdm-oracle-159 session_count=12
2026/09/16 21:36:32 INFO agent session ended instance_name=pvg-esb4-206 session_count=11
2026/09/16 21:36:32 INFO agent session ended instance_name=tib_nginx-208 session_count=10
2026/09/16 21:36:32 INFO agent session ended instance_name=177 session_count=9
2026/09/16 21:36:32 INFO agent session ended instance_name=cgk-oracle-10 session_count=8
2026/09/16 21:36:32 INFO agent session ended instance_name=kul-tib-tomcat2 session_count=7
2026/09/16 21:36:32 INFO agent session ended instance_name=mysql135 session_count=6
2026/09/16 21:36:32 INFO agent session ended instance_name=pvg-esb4-207 session_count=5
2026/09/16 21:36:32 INFO agent session ended instance_name=localhost session_count=4
2026/09/16 21:36:32 INFO agent session ended instance_name=pvg-esb4-204 session_count=3
2026/09/16 21:36:32 INFO agent session ended instance_name=tib-oracle session_count=2
2026/09/16 21:36:32 INFO agent session ended instance_name=mysql136 session_count=1
2026/09/16 21:36:32 INFO agent session ended instance_name=tib-es-redis-209 session_count=0
[GIN] 2026/09/16 - 21:36:33 | 200 | 416.84ms |   192.168.240.2 | GET      "/monitor/prometheus/http-sd/"
2026/09/16 21:36:33 INFO agent session established instance_name=pvg-esb4-202 session_count=1
2026/09/16 21:36:33 INFO agent session established instance_name=mysql134 session_count=3
2026/09/16 21:36:33 INFO agent session established instance_name=cdm-179 session_count=2
2026/09/16 21:36:33 INFO agent session established instance_name=pvg-esb4-201 session_count=4
2026/09/16 21:36:33 INFO agent session established instance_name=pvg4-esb-208 session_count=5
2026/09/16 21:36:33 INFO agent session established instance_name=kul-tib-tomcat1 session_count=6
2026/09/16 21:36:33 INFO agent session established instance_name=cdm-oracle-159 session_count=7
2026/09/16 21:36:33 INFO agent session established instance_name=pvg-esb4-206 session_count=8
2026/09/16 21:36:33 INFO agent session established instance_name=tib_nginx-208 session_count=9
2026/09/16 21:36:33 INFO agent session established instance_name=177 session_count=10
2026/09/16 21:36:33 INFO agent session established instance_name=cgk-oracle-10 session_count=11
2026/09/16 21:36:33 INFO agent session established instance_name=kul-tib-tomcat2 session_count=12
2026/09/16 21:36:33 INFO agent session established instance_name=mysql135 session_count=13
2026/09/16 21:36:33 INFO agent session established instance_name=pvg-esb4-207 session_count=14
2026/09/16 21:36:33 INFO agent session established instance_name=localhost session_count=15
2026/09/16 21:36:33 INFO agent session established instance_name=tib-oracle session_count=16
2026/09/16 21:36:33 INFO agent session established instance_name=pvg-esb4-204 session_count=17
2026/09/16 21:36:33 INFO agent session established instance_name=mysql136 session_count=18
2026/09/16 21:36:33 INFO agent session established instance_name=tib-es-redis-209 session_count=19
[GIN] 2026/09/16 - 21:36:33 | 200 |   4.19ms |  192.168.124.15 | GET      "/assets/hosts/"
[GIN] 2026/09/16 - 21:36:38 | 200 |   2.28ms |  192.168.124.15 | GET      "/assets/hosts/"
[GIN] 2026/09/16 - 21:36:43 | 200 |   1.92ms |  192.168.124.15 | GET      "/assets/hosts/"
[GIN] 2026/09/16 - 21:36:48 | 200 |   2.53ms |  192.168.124.15 | GET      "/assets/hosts/"
[GIN] 2026/09/16 - 21:36:53 | 200 |   1.89ms |  192.168.124.15 | GET      "/assets/hosts/"
[GIN] 2026/09/16 - 21:36:58 | 200 |   4.24ms |  192.168.124.15 | GET      "/assets/hosts/"
[GIN] 2026/09/16 - 21:37:01 | 200 |   2.21ms |  192.168.124.15 | GET      "/assets/hosts/"
[GIN] 2026/09/16 - 21:37:03 | 200 | 361.14ms |   192.168.240.2 | GET      "/monitor/prometheus/http-sd/"
[GIN] 2026/09/16 - 21:37:03 | 200 |   2.82ms |  192.168.124.15 | GET      "/assets/hosts/"
[GIN] 2026/09/16 - 21:37:08 | 200 |   2.09ms |  192.168.124.15 | GET      "/assets/hosts/"
[GIN] 2026/09/16 - 21:37:13 | 200 |   2.18ms |  192.168.124.15 | GET      "/assets/hosts/"
[GIN] 2026/09/16 - 21:37:18 | 200 |   1.99ms |  192.168.124.15 | GET      "/assets/hosts/"
[GIN] 2026/09/16 - 21:37:19 | 200 | 361.21ms |   192.168.240.2 | POST     "/monitor/alert-webhook/api/v2/alerts"
[GIN] 2026/09/16 - 21:37:20 | 200 | 445.81ms |   192.168.240.2 | POST     "/monitor/alert-webhook/api/v2/alerts"
[GIN] 2026/09/16 - 21:37:23 | 200 |   2.53ms |  192.168.124.15 | GET      "/assets/hosts/"
[GIN] 2026/09/16 - 21:37:28 | 200 |   2.78ms |  192.168.124.15 | GET      "/assets/hosts/"
[GIN] 2026/09/16 - 21:37:33 | 200 | 367.69ms |   192.168.240.2 | GET      "/monitor/prometheus/http-sd/"
[GIN] 2026/09/16 - 21:37:33 | 200 |   2.19ms |  192.168.124.15 | GET      "/assets/hosts/"
[GIN] 2026/09/16 - 21:37:38 | 200 |   3.82ms |  192.168.124.15 | GET      "/assets/hosts/"
[GIN] 2026/09/16 - 21:37:43 | 200 |   3.55ms |  192.168.124.15 | GET      "/assets/hosts/"
[GIN] 2026/09/16 - 21:37:48 | 200 |   2.29ms |  192.168.124.15 | GET      "/assets/hosts/"
[GIN] 2026/09/16 - 21:37:49 | 200 | 355.72ms |   192.168.240.2 | POST     "/monitor/alert-webhook/api/v2/alerts"
[GIN] 2026/09/16 - 21:37:53 | 200 |   4.07ms |  192.168.124.15 | GET      "/assets/hosts/"
[GIN] 2026/09/16 - 21:37:58 | 200 |   2.55ms |  192.168.124.15 | GET      "/assets/hosts/"
[GIN] 2026/09/16 - 21:38:01 | 200 |   2.43ms |  192.168.124.15 | GET      "/assets/hosts/"
[GIN] 2026/09/16 - 21:38:03 | 200 | 354.25ms |   192.168.240.2 | GET      "/monitor/prometheus/http-sd/"
[GIN] 2026/09/16 - 21:38:03 | 200 |   2.84ms |  192.168.124.15 | GET      "/assets/hosts/"
2026/09/16 21:38:04 INFO agent session ended instance_name=mysql134 session_count=18
2026/09/16 21:38:04 INFO agent session ended instance_name=pvg-esb4-202 session_count=17
2026/09/16 21:38:04 INFO agent session ended instance_name=kul-tib-tomcat1 session_count=16
2026/09/16 21:38:04 INFO agent session ended instance_name=cdm-179 session_count=15
2026/09/16 21:38:04 INFO agent session ended instance_name=pvg4-esb-208 session_count=14
2026/09/16 21:38:04 INFO agent session ended instance_name=pvg-esb4-201 session_count=13
2026/09/16 21:38:04 INFO agent session ended instance_name=cdm-oracle-159 session_count=12
2026/09/16 21:38:04 INFO agent session ended instance_name=pvg-esb4-206 session_count=11
2026/09/16 21:38:04 INFO agent session ended instance_name=tib_nginx-208 session_count=10
2026/09/16 21:38:04 INFO agent session ended instance_name=cgk-oracle-10 session_count=9
2026/09/16 21:38:04 INFO agent session ended instance_name=kul-tib-tomcat2 session_count=8
2026/09/16 21:38:04 INFO agent session ended instance_name=mysql135 session_count=7
2026/09/16 21:38:04 INFO agent session ended instance_name=177 session_count=6
2026/09/16 21:38:04 INFO agent session ended instance_name=pvg-esb4-204 session_count=5
2026/09/16 21:38:04 INFO agent session ended instance_name=tib-oracle session_count=4
2026/09/16 21:38:04 INFO agent session ended instance_name=pvg-esb4-207 session_count=3
2026/09/16 21:38:04 INFO agent session ended instance_name=localhost session_count=2
2026/09/16 21:38:04 INFO agent session ended instance_name=mysql136 session_count=1
2026/09/16 21:38:04 INFO agent session ended instance_name=tib-es-redis-209 session_count=0
2026/09/16 21:38:05 INFO agent session established instance_name=mysql134 session_count=1
2026/09/16 21:38:05 INFO agent session established instance_name=pvg-esb4-202 session_count=2
2026/09/16 21:38:05 INFO agent session established instance_name=kul-tib-tomcat1 session_count=3
2026/09/16 21:38:05 INFO agent session established instance_name=pvg4-esb-208 session_count=4
2026/09/16 21:38:05 INFO agent session established instance_name=cdm-179 session_count=5
2026/09/16 21:38:05 INFO agent session established instance_name=cdm-oracle-159 session_count=6
2026/09/16 21:38:05 INFO agent session established instance_name=pvg-esb4-201 session_count=7
2026/09/16 21:38:05 INFO agent session established instance_name=pvg-esb4-206 session_count=8
2026/09/16 21:38:05 INFO agent session established instance_name=tib_nginx-208 session_count=9
2026/09/16 21:38:05 INFO agent session established instance_name=cgk-oracle-10 session_count=10
2026/09/16 21:38:05 INFO agent session established instance_name=mysql135 session_count=11
2026/09/16 21:38:05 INFO agent session established instance_name=kul-tib-tomcat2 session_count=12
2026/09/16 21:38:05 INFO agent session established instance_name=177 session_count=13
2026/09/16 21:38:05 INFO agent session established instance_name=pvg-esb4-207 session_count=14
2026/09/16 21:38:05 INFO agent session established instance_name=tib-oracle session_count=15
2026/09/16 21:38:05 INFO agent session established instance_name=pvg-esb4-204 session_count=16
2026/09/16 21:38:05 INFO agent session established instance_name=localhost session_count=17
2026/09/16 21:38:05 INFO agent session established instance_name=mysql136 session_count=18
2026/09/16 21:38:05 INFO agent session established instance_name=tib-es-redis-209 session_count=19
[GIN] 2026/09/16 - 21:38:08 | 200 |   5.95ms |  192.168.124.15 | GET      "/assets/hosts/"
[GIN] 2026/09/16 - 21:38:13 | 200 |   6.85ms |  192.168.124.15 | GET      "/assets/hosts/"
[GIN] 2026/09/16 - 21:38:18 | 200 |   2.26ms |  192.168.124.15 | GET      "/assets/hosts/"
[GIN] 2026/09/16 - 21:38:23 | 200 |   4.23ms |  192.168.124.15 | GET      "/assets/hosts/"
[GIN] 2026/09/16 - 21:38:28 | 200 |    2.9ms |  192.168.124.15 | GET      "/assets/hosts/"
[GIN] 2026/09/16 - 21:38:33 | 200 | 366.18ms |   192.168.240.2 | GET      "/monitor/prometheus/http-sd/"
[GIN] 2026/09/16 - 21:38:33 | 200 |   4.41ms |  192.168.124.15 | GET      "/assets/hosts/"
[GIN] 2026/09/16 - 21:38:38 | 200 |   2.13ms |  192.168.124.15 | GET      "/assets/hosts/"
[GIN] 2026/09/16 - 21:38:43 | 200 |   4.82ms |  192.168.124.15 | GET      "/assets/hosts/"
[GIN] 2026/09/16 - 21:38:48 | 200 |   2.61ms |  192.168.124.15 | GET      "/assets/hosts/"
[GIN] 2026/09/16 - 21:38:49 | 200 | 351.59ms |   192.168.240.2 | POST     "/monitor/alert-webhook/api/v2/alerts"
[GIN] 2026/09/16 - 21:38:50 | 200 | 357.09ms |   192.168.240.2 | POST     "/monitor/alert-webhook/api/v2/alerts"
[GIN] 2026/09/16 - 21:38:53 | 200 |   3.88ms |  192.168.124.15 | GET      "/assets/hosts/"
2026/09/16 21:38:58 [API-ERROR] GET /assets/hosts/: <nil>
[GIN] 2026/09/16 - 21:38:58 | 200 | 204.315µs |  192.168.124.15 | GET      "/assets/hosts/"
2026/09/16 21:39:01 [API-ERROR] GET /assets/hosts/: <nil>
[GIN] 2026/09/16 - 21:39:01 | 200 | 122.73µs |  192.168.124.15 | GET      "/assets/hosts/"
[GIN] 2026/09/16 - 21:39:03 | 200 | 374.34ms |   192.168.240.2 | GET      "/monitor/prometheus/http-sd/"
[GIN] 2026/09/16 - 21:39:19 | 200 | 410.55ms |   192.168.240.2 | POST     "/monitor/alert-webhook/api/v2/alerts"
[GIN] 2026/09/16 - 21:39:33 | 200 | 350.44ms |   192.168.240.2 | GET      "/monitor/prometheus/http-sd/"
2026/09/16 21:39:36 INFO agent session ended instance_name=pvg-esb4-202 session_count=18
2026/09/16 21:39:36 INFO agent session ended instance_name=kul-tib-tomcat1 session_count=17
2026/09/16 21:39:36 INFO agent session ended instance_name=pvg4-esb-208 session_count=16
2026/09/16 21:39:36 INFO agent session ended instance_name=mysql134 session_count=15
2026/09/16 21:39:36 INFO agent session ended instance_name=cdm-179 session_count=14
2026/09/16 21:39:36 INFO agent session ended instance_name=pvg-esb4-201 session_count=13
2026/09/16 21:39:36 INFO agent session ended instance_name=cdm-oracle-159 session_count=12
2026/09/16 21:39:36 INFO agent session ended instance_name=pvg-esb4-206 session_count=11
2026/09/16 21:39:36 INFO agent session ended instance_name=cgk-oracle-10 session_count=10
2026/09/16 21:39:36 INFO agent session ended instance_name=tib_nginx-208 session_count=9
2026/09/16 21:39:36 INFO agent session ended instance_name=mysql135 session_count=8
2026/09/16 21:39:36 INFO agent session ended instance_name=177 session_count=7
2026/09/16 21:39:36 INFO agent session ended instance_name=kul-tib-tomcat2 session_count=6
2026/09/16 21:39:36 INFO agent session ended instance_name=tib-oracle session_count=5
2026/09/16 21:39:36 INFO agent session ended instance_name=pvg-esb4-207 session_count=4
2026/09/16 21:39:36 INFO agent session ended instance_name=mysql136 session_count=3
2026/09/16 21:39:36 INFO agent session ended instance_name=pvg-esb4-204 session_count=2
2026/09/16 21:39:36 INFO agent session ended instance_name=localhost session_count=1
2026/09/16 21:39:36 INFO agent session ended instance_name=tib-es-redis-209 session_count=0
2026/09/16 21:39:37 INFO agent session established instance_name=pvg-esb4-202 session_count=1
2026/09/16 21:39:37 INFO agent session established instance_name=pvg4-esb-208 session_count=2
2026/09/16 21:39:37 INFO agent session established instance_name=kul-tib-tomcat1 session_count=3
2026/09/16 21:39:37 INFO agent session established instance_name=mysql134 session_count=4
2026/09/16 21:39:37 INFO agent session established instance_name=cdm-179 session_count=5
2026/09/16 21:39:37 INFO agent session established instance_name=pvg-esb4-201 session_count=6
2026/09/16 21:39:37 INFO agent session established instance_name=cdm-oracle-159 session_count=7
2026/09/16 21:39:37 INFO agent session established instance_name=pvg-esb4-206 session_count=8
2026/09/16 21:39:37 INFO agent session established instance_name=cgk-oracle-10 session_count=9
2026/09/16 21:39:37 INFO agent session established instance_name=tib_nginx-208 session_count=10
2026/09/16 21:39:37 INFO agent session established instance_name=mysql135 session_count=11
2026/09/16 21:39:37 INFO agent session established instance_name=177 session_count=12
2026/09/16 21:39:37 INFO agent session established instance_name=kul-tib-tomcat2 session_count=13
2026/09/16 21:39:37 INFO agent session established instance_name=tib-oracle session_count=14
2026/09/16 21:39:37 INFO agent session established instance_name=pvg-esb4-207 session_count=15
2026/09/16 21:39:37 INFO agent session established instance_name=mysql136 session_count=16
2026/09/16 21:39:37 INFO agent session established instance_name=localhost session_count=17
2026/09/16 21:39:37 INFO agent session established instance_name=pvg-esb4-204 session_count=18
2026/09/16 21:39:37 INFO agent session established instance_name=tib-es-redis-209 session_count=19
2026/09/16 21:40:01 [API-ERROR] GET /assets/hosts/: <nil>
[GIN] 2026/09/16 - 21:40:01 | 200 | 213.913µs |  192.168.124.15 | GET      "/assets/hosts/"
[GIN] 2026/09/16 - 21:40:03 | 200 | 444.52ms |   192.168.240.2 | GET      "/monitor/prometheus/http-sd/"
[GIN] 2026/09/16 - 21:40:19 | 200 | 361.47ms |   192.168.240.2 | POST     "/monitor/alert-webhook/api/v2/alerts"
[GIN] 2026/09/16 - 21:40:20 | 200 | 405.89ms |   192.168.240.2 | POST     "/monitor/alert-webhook/api/v2/alerts"
[GIN] 2026/09/16 - 21:40:33 | 200 | 377.26ms |   192.168.240.2 | GET      "/monitor/prometheus/http-sd/"
[GIN] 2026/09/16 - 21:40:49 | 200 | 410.46ms |   192.168.240.2 | POST     "/monitor/alert-webhook/api/v2/alerts"
2026/09/16 21:41:01 [API-ERROR] GET /assets/hosts/: <nil>
[GIN] 2026/09/16 - 21:41:01 | 200 | 104.33µs |  192.168.124.15 | GET      "/assets/hosts/"
[GIN] 2026/09/16 - 21:41:03 | 200 | 407.33ms |   192.168.240.2 | GET      "/monitor/prometheus/http-sd/"
2026/09/16 21:41:08 INFO agent session ended instance_name=pvg-esb4-202 session_count=18
2026/09/16 21:41:08 INFO agent session ended instance_name=kul-tib-tomcat1 session_count=17
2026/09/16 21:41:08 INFO agent session ended instance_name=pvg4-esb-208 session_count=16
2026/09/16 21:41:08 INFO agent session ended instance_name=cdm-179 session_count=15
2026/09/16 21:41:08 INFO agent session ended instance_name=mysql134 session_count=14
2026/09/16 21:41:08 INFO agent session ended instance_name=cdm-oracle-159 session_count=13
2026/09/16 21:41:08 INFO agent session ended instance_name=pvg-esb4-206 session_count=12
2026/09/16 21:41:08 INFO agent session ended instance_name=cgk-oracle-10 session_count=11
2026/09/16 21:41:08 INFO agent session ended instance_name=pvg-esb4-201 session_count=10
2026/09/16 21:41:08 INFO agent session ended instance_name=tib_nginx-208 session_count=9
2026/09/16 21:41:08 INFO agent session ended instance_name=mysql135 session_count=8
2026/09/16 21:41:08 INFO agent session ended instance_name=kul-tib-tomcat2 session_count=7
2026/09/16 21:41:08 INFO agent session ended instance_name=tib-oracle session_count=6
2026/09/16 21:41:08 INFO agent session ended instance_name=mysql136 session_count=5
2026/09/16 21:41:08 INFO agent session ended instance_name=177 session_count=4
2026/09/16 21:41:08 INFO agent session ended instance_name=pvg-esb4-207 session_count=3
2026/09/16 21:41:08 INFO agent session ended instance_name=localhost session_count=2
2026/09/16 21:41:08 INFO agent session ended instance_name=pvg-esb4-204 session_count=1
2026/09/16 21:41:08 INFO agent session ended instance_name=tib-es-redis-209 session_count=0
2026/09/16 21:41:09 INFO agent session established instance_name=pvg-esb4-202 session_count=1
2026/09/16 21:41:09 INFO agent session established instance_name=kul-tib-tomcat1 session_count=2
2026/09/16 21:41:09 INFO agent session established instance_name=pvg4-esb-208 session_count=3
2026/09/16 21:41:09 INFO agent session established instance_name=cdm-179 session_count=4
2026/09/16 21:41:09 INFO agent session established instance_name=mysql134 session_count=5
2026/09/16 21:41:09 INFO agent session established instance_name=cdm-oracle-159 session_count=6
2026/09/16 21:41:09 INFO agent session established instance_name=pvg-esb4-206 session_count=7
2026/09/16 21:41:09 INFO agent session established instance_name=cgk-oracle-10 session_count=8
2026/09/16 21:41:09 INFO agent session established instance_name=pvg-esb4-201 session_count=9
2026/09/16 21:41:09 INFO agent session established instance_name=tib_nginx-208 session_count=10
2026/09/16 21:41:09 INFO agent session established instance_name=mysql135 session_count=11
2026/09/16 21:41:09 INFO agent session established instance_name=kul-tib-tomcat2 session_count=12
2026/09/16 21:41:09 INFO agent session established instance_name=tib-oracle session_count=13
2026/09/16 21:41:09 INFO agent session established instance_name=177 session_count=14
2026/09/16 21:41:09 INFO agent session established instance_name=mysql136 session_count=15
2026/09/16 21:41:09 INFO agent session established instance_name=pvg-esb4-207 session_count=16
2026/09/16 21:41:09 INFO agent session established instance_name=localhost session_count=17
2026/09/16 21:41:09 INFO agent session established instance_name=pvg-esb4-204 session_count=18
2026/09/16 21:41:09 INFO agent session established instance_name=tib-es-redis-209 session_count=19
[GIN] 2026/09/16 - 21:41:33 | 200 | 357.31ms |   192.168.240.2 | GET      "/monitor/prometheus/http-sd/"
[GIN] 2026/09/16 - 21:41:49 | 200 | 357.11ms |   192.168.240.2 | POST     "/monitor/alert-webhook/api/v2/alerts"
[GIN] 2026/09/16 - 21:41:50 | 200 | 354.29ms |   192.168.240.2 | POST     "/monitor/alert-webhook/api/v2/alerts"
2026/09/16 21:42:01 [API-ERROR] GET /assets/hosts/: <nil>
[GIN] 2026/09/16 - 21:42:01 | 200 | 110.117µs |  192.168.124.15 | GET      "/assets/hosts/"
[GIN] 2026/09/16 - 21:42:03 | 200 | 383.92ms |   192.168.240.2 | GET      "/monitor/prometheus/http-sd/"
[GIN] 2026/09/16 - 21:42:19 | 200 | 346.45ms |   192.168.240.2 | POST     "/monitor/alert-webhook/api/v2/alerts"
[GIN] 2026/09/16 - 21:42:33 | 200 | 349.75ms |   192.168.240.2 | GET      "/monitor/prometheus/http-sd/"
2026/09/16 21:42:40 INFO agent session ended instance_name=pvg-esb4-202 session_count=18
2026/09/16 21:42:40 INFO agent session ended instance_name=pvg4-esb-208 session_count=17
2026/09/16 21:42:40 INFO agent session ended instance_name=cdm-oracle-159 session_count=16
2026/09/16 21:42:40 INFO agent session ended instance_name=kul-tib-tomcat1 session_count=15
2026/09/16 21:42:40 INFO agent session ended instance_name=cdm-179 session_count=14
2026/09/16 21:42:40 INFO agent session ended instance_name=mysql134 session_count=13
2026/09/16 21:42:40 INFO agent session ended instance_name=pvg-esb4-201 session_count=12
2026/09/16 21:42:40 INFO agent session ended instance_name=cgk-oracle-10 session_count=11
2026/09/16 21:42:40 INFO agent session ended instance_name=tib-oracle session_count=10
2026/09/16 21:42:40 INFO agent session ended instance_name=pvg-esb4-206 session_count=9
2026/09/16 21:42:40 INFO agent session ended instance_name=177 session_count=8
2026/09/16 21:42:40 INFO agent session ended instance_name=kul-tib-tomcat2 session_count=7
2026/09/16 21:42:40 INFO agent session ended instance_name=tib_nginx-208 session_count=6
2026/09/16 21:42:40 INFO agent session ended instance_name=mysql135 session_count=5
2026/09/16 21:42:40 INFO agent session ended instance_name=mysql136 session_count=4
2026/09/16 21:42:40 INFO agent session ended instance_name=pvg-esb4-207 session_count=3
2026/09/16 21:42:40 INFO agent session ended instance_name=localhost session_count=2
2026/09/16 21:42:40 INFO agent session ended instance_name=pvg-esb4-204 session_count=1
2026/09/16 21:42:40 INFO agent session ended instance_name=tib-es-redis-209 session_count=0
2026/09/16 21:42:41 INFO agent session established instance_name=pvg-esb4-202 session_count=1
2026/09/16 21:42:41 INFO agent session established instance_name=pvg4-esb-208 session_count=2
2026/09/16 21:42:41 INFO agent session established instance_name=kul-tib-tomcat1 session_count=3
2026/09/16 21:42:41 INFO agent session established instance_name=cdm-oracle-159 session_count=4
2026/09/16 21:42:41 INFO agent session established instance_name=cdm-179 session_count=5
2026/09/16 21:42:41 INFO agent session established instance_name=mysql134 session_count=6
2026/09/16 21:42:41 INFO agent session established instance_name=pvg-esb4-201 session_count=7
2026/09/16 21:42:41 INFO agent session established instance_name=cgk-oracle-10 session_count=8
2026/09/16 21:42:41 INFO agent session established instance_name=pvg-esb4-206 session_count=9
2026/09/16 21:42:41 INFO agent session established instance_name=tib-oracle session_count=10
2026/09/16 21:42:41 INFO agent session established instance_name=177 session_count=11
2026/09/16 21:42:41 INFO agent session established instance_name=kul-tib-tomcat2 session_count=12
2026/09/16 21:42:41 INFO agent session established instance_name=tib_nginx-208 session_count=13
2026/09/16 21:42:41 INFO agent session established instance_name=mysql135 session_count=14
2026/09/16 21:42:41 INFO agent session established instance_name=mysql136 session_count=15
2026/09/16 21:42:41 INFO agent session established instance_name=pvg-esb4-207 session_count=16
2026/09/16 21:42:41 INFO agent session established instance_name=localhost session_count=17
2026/09/16 21:42:41 INFO agent session established instance_name=pvg-esb4-204 session_count=18
2026/09/16 21:42:41 INFO agent session established instance_name=tib-es-redis-209 session_count=19
2026/09/16 21:43:01 [API-ERROR] GET /assets/hosts/: <nil>
[GIN] 2026/09/16 - 21:43:01 | 200 | 103.807µs |  192.168.124.15 | GET      "/assets/hosts/"
[GIN] 2026/09/16 - 21:43:03 | 200 | 349.23ms |   192.168.240.2 | GET      "/monitor/prometheus/http-sd/"
[GIN] 2026/09/16 - 21:43:19 | 200 | 349.95ms |   192.168.240.2 | POST     "/monitor/alert-webhook/api/v2/alerts"
[GIN] 2026/09/16 - 21:43:20 | 200 | 352.38ms |   192.168.240.2 | POST     "/monitor/alert-webhook/api/v2/alerts"
[GIN] 2026/09/16 - 21:43:33 | 200 | 442.18ms |   192.168.240.2 | GET      "/monitor/prometheus/http-sd/"
[GIN] 2026/09/16 - 21:43:49 | 200 | 369.08ms |   192.168.240.2 | POST     "/monitor/alert-webhook/api/v2/alerts"
2026/09/16 21:44:01 [API-ERROR] GET /assets/hosts/: <nil>
[GIN] 2026/09/16 - 21:44:01 | 200 | 109.802µs |  192.168.124.15 | GET      "/assets/hosts/"
[GIN] 2026/09/16 - 21:44:03 | 200 | 343.98ms |   192.168.240.2 | GET      "/monitor/prometheus/http-sd/"
2026/09/16 21:44:12 INFO agent session ended instance_name=pvg-esb4-202 session_count=18
2026/09/16 21:44:12 INFO agent session ended instance_name=mysql134 session_count=17
2026/09/16 21:44:12 INFO agent session ended instance_name=pvg4-esb-208 session_count=16
2026/09/16 21:44:12 INFO agent session ended instance_name=cdm-179 session_count=15
2026/09/16 21:44:12 INFO agent session ended instance_name=kul-tib-tomcat1 session_count=14
2026/09/16 21:44:12 INFO agent session ended instance_name=cdm-oracle-159 session_count=13
2026/09/16 21:44:12 INFO agent session ended instance_name=pvg-esb4-201 session_count=12
2026/09/16 21:44:12 INFO agent session ended instance_name=cgk-oracle-10 session_count=11
2026/09/16 21:44:12 INFO agent session ended instance_name=177 session_count=10
2026/09/16 21:44:12 INFO agent session ended instance_name=pvg-esb4-206 session_count=9
2026/09/16 21:44:12 INFO agent session ended instance_name=tib-oracle session_count=8
2026/09/16 21:44:12 INFO agent session ended instance_name=kul-tib-tomcat2 session_count=7
2026/09/16 21:44:12 INFO agent session ended instance_name=tib_nginx-208 session_count=6
2026/09/16 21:44:12 INFO agent session ended instance_name=mysql135 session_count=5
2026/09/16 21:44:12 INFO agent session ended instance_name=mysql136 session_count=4
2026/09/16 21:44:12 INFO agent session ended instance_name=pvg-esb4-207 session_count=3
2026/09/16 21:44:12 INFO agent session ended instance_name=localhost session_count=2
2026/09/16 21:44:12 INFO agent session ended instance_name=pvg-esb4-204 session_count=1
2026/09/16 21:44:12 INFO agent session ended instance_name=tib-es-redis-209 session_count=0
2026/09/16 21:44:13 INFO agent session established instance_name=pvg-esb4-202 session_count=1
2026/09/16 21:44:13 INFO agent session established instance_name=mysql134 session_count=2
2026/09/16 21:44:13 INFO agent session established instance_name=pvg4-esb-208 session_count=3
2026/09/16 21:44:13 INFO agent session established instance_name=cdm-oracle-159 session_count=4
2026/09/16 21:44:13 INFO agent session established instance_name=cdm-179 session_count=5
2026/09/16 21:44:13 INFO agent session established instance_name=kul-tib-tomcat1 session_count=6
2026/09/16 21:44:13 INFO agent session established instance_name=cgk-oracle-10 session_count=7
2026/09/16 21:44:13 INFO agent session established instance_name=pvg-esb4-201 session_count=8
2026/09/16 21:44:13 INFO agent session established instance_name=177 session_count=9
2026/09/16 21:44:13 INFO agent session established instance_name=pvg-esb4-206 session_count=10
2026/09/16 21:44:13 INFO agent session established instance_name=tib-oracle session_count=11
2026/09/16 21:44:13 INFO agent session established instance_name=kul-tib-tomcat2 session_count=12
2026/09/16 21:44:13 INFO agent session established instance_name=tib_nginx-208 session_count=13
2026/09/16 21:44:13 INFO agent session established instance_name=mysql135 session_count=14
2026/09/16 21:44:13 INFO agent session established instance_name=mysql136 session_count=15
2026/09/16 21:44:13 INFO agent session established instance_name=pvg-esb4-207 session_count=16
2026/09/16 21:44:13 INFO agent session established instance_name=localhost session_count=17
2026/09/16 21:44:13 INFO agent session established instance_name=pvg-esb4-204 session_count=18
2026/09/16 21:44:13 INFO agent session established instance_name=tib-es-redis-209 session_count=19
[GIN] 2026/09/16 - 21:44:33 | 200 | 343.95ms |   192.168.240.2 | GET      "/monitor/prometheus/http-sd/"
[GIN] 2026/09/16 - 21:44:49 | 200 | 444.09ms |   192.168.240.2 | POST     "/monitor/alert-webhook/api/v2/alerts"
[GIN] 2026/09/16 - 21:44:50 | 200 | 429.14ms |   192.168.240.2 | POST     "/monitor/alert-webhook/api/v2/alerts"
2026/09/16 21:45:01 [API-ERROR] GET /assets/hosts/: <nil>
[GIN] 2026/09/16 - 21:45:01 | 200 | 100.32µs |  192.168.124.15 | GET      "/assets/hosts/"
[GIN] 2026/09/16 - 21:45:03 | 200 | 358.43ms |   192.168.240.2 | GET      "/monitor/prometheus/http-sd/"
[GIN] 2026/09/16 - 21:45:19 | 200 |  337.8ms |   192.168.240.2 | POST     "/monitor/alert-webhook/api/v2/alerts"
[GIN] 2026/09/16 - 21:45:33 | 200 | 403.71ms |   192.168.240.2 | GET      "/monitor/prometheus/http-sd/"
2026/09/16 21:45:44 INFO agent session ended instance_name=pvg4-esb-208 session_count=18
2026/09/16 21:45:44 INFO agent session ended instance_name=pvg-esb4-202 session_count=16
2026/09/16 21:45:44 INFO agent session ended instance_name=cdm-oracle-159 session_count=17
2026/09/16 21:45:44 INFO agent session ended instance_name=mysql134 session_count=15
2026/09/16 21:45:44 INFO agent session ended instance_name=cdm-179 session_count=14
2026/09/16 21:45:44 INFO agent session ended instance_name=kul-tib-tomcat1 session_count=13
2026/09/16 21:45:44 INFO agent session ended instance_name=pvg-esb4-201 session_count=12
2026/09/16 21:45:44 INFO agent session ended instance_name=cgk-oracle-10 session_count=11
2026/09/16 21:45:44 INFO agent session ended instance_name=177 session_count=10
2026/09/16 21:45:44 INFO agent session ended instance_name=tib-oracle session_count=9
2026/09/16 21:45:44 INFO agent session ended instance_name=tib_nginx-208 session_count=8
2026/09/16 21:45:44 INFO agent session ended instance_name=mysql135 session_count=7
2026/09/16 21:45:44 INFO agent session ended instance_name=pvg-esb4-206 session_count=6
2026/09/16 21:45:44 INFO agent session ended instance_name=kul-tib-tomcat2 session_count=5
2026/09/16 21:45:44 INFO agent session ended instance_name=mysql136 session_count=4
2026/09/16 21:45:44 INFO agent session ended instance_name=localhost session_count=3
2026/09/16 21:45:44 INFO agent session ended instance_name=pvg-esb4-207 session_count=2
2026/09/16 21:45:44 INFO agent session ended instance_name=pvg-esb4-204 session_count=1
2026/09/16 21:45:44 INFO agent session ended instance_name=tib-es-redis-209 session_count=0
2026/09/16 21:45:45 INFO agent session established instance_name=pvg4-esb-208 session_count=1
2026/09/16 21:45:45 INFO agent session established instance_name=cdm-oracle-159 session_count=2
2026/09/16 21:45:45 INFO agent session established instance_name=pvg-esb4-202 session_count=3
2026/09/16 21:45:45 INFO agent session established instance_name=cdm-179 session_count=4
2026/09/16 21:45:45 INFO agent session established instance_name=mysql134 session_count=5
2026/09/16 21:45:45 INFO agent session established instance_name=kul-tib-tomcat1 session_count=6
2026/09/16 21:45:45 INFO agent session established instance_name=pvg-esb4-201 session_count=7
2026/09/16 21:45:45 INFO agent session established instance_name=177 session_count=8
2026/09/16 21:45:45 INFO agent session established instance_name=cgk-oracle-10 session_count=9
2026/09/16 21:45:45 INFO agent session established instance_name=tib-oracle session_count=10
2026/09/16 21:45:45 INFO agent session established instance_name=mysql135 session_count=11
2026/09/16 21:45:45 INFO agent session established instance_name=tib_nginx-208 session_count=12
2026/09/16 21:45:45 INFO agent session established instance_name=pvg-esb4-206 session_count=13
2026/09/16 21:45:45 INFO agent session established instance_name=kul-tib-tomcat2 session_count=14
2026/09/16 21:45:45 INFO agent session established instance_name=localhost session_count=15
2026/09/16 21:45:45 INFO agent session established instance_name=mysql136 session_count=16
2026/09/16 21:45:45 INFO agent session established instance_name=pvg-esb4-207 session_count=17
2026/09/16 21:45:45 INFO agent session established instance_name=pvg-esb4-204 session_count=18
2026/09/16 21:45:46 INFO agent session established instance_name=tib-es-redis-209 session_count=19
2026/09/16 21:46:01 [API-ERROR] GET /assets/hosts/: <nil>
[GIN] 2026/09/16 - 21:46:01 | 200 | 108.424µs |  192.168.124.15 | GET      "/assets/hosts/"
[GIN] 2026/09/16 - 21:46:03 | 200 |  396.1ms |   192.168.240.2 | GET      "/monitor/prometheus/http-sd/"
[GIN] 2026/09/16 - 21:46:19 | 200 | 365.25ms |   192.168.240.2 | POST     "/monitor/alert-webhook/api/v2/alerts"
[GIN] 2026/09/16 - 21:46:20 | 200 | 376.49ms |   192.168.240.2 | POST     "/monitor/alert-webhook/api/v2/alerts"
[GIN] 2026/09/16 - 21:46:33 | 200 | 359.41ms |   192.168.240.2 | GET      "/monitor/prometheus/http-sd/"
[GIN] 2026/09/16 - 21:46:49 | 200 |  371.2ms |   192.168.240.2 | POST     "/monitor/alert-webhook/api/v2/alerts"
2026/09/16 21:47:01 [API-ERROR] GET /assets/hosts/: <nil>
[GIN] 2026/09/16 - 21:47:01 | 200 | 95.972µs |  192.168.124.15 | GET      "/assets/hosts/"
[GIN] 2026/09/16 - 21:47:03 | 200 | 357.46ms |   192.168.240.2 | GET      "/monitor/prometheus/http-sd/"
2026/09/16 21:47:16 INFO agent session ended instance_name=pvg4-esb-208 session_count=18
2026/09/16 21:47:16 INFO agent session ended instance_name=cdm-oracle-159 session_count=17
2026/09/16 21:47:16 INFO agent session ended instance_name=cdm-179 session_count=16
2026/09/16 21:47:16 INFO agent session ended instance_name=pvg-esb4-202 session_count=15
2026/09/16 21:47:16 INFO agent session ended instance_name=pvg-esb4-201 session_count=14
2026/09/16 21:47:16 INFO agent session ended instance_name=mysql134 session_count=13
2026/09/16 21:47:16 INFO agent session ended instance_name=kul-tib-tomcat1 session_count=12
2026/09/16 21:47:16 INFO agent session ended instance_name=177 session_count=11
2026/09/16 21:47:16 INFO agent session ended instance_name=tib_nginx-208 session_count=10
2026/09/16 21:47:16 INFO agent session ended instance_name=tib-oracle session_count=9
2026/09/16 21:47:16 INFO agent session ended instance_name=mysql135 session_count=8
2026/09/16 21:47:16 INFO agent session ended instance_name=pvg-esb4-206 session_count=7
2026/09/16 21:47:16 INFO agent session ended instance_name=cgk-oracle-10 session_count=6
2026/09/16 21:47:16 INFO agent session ended instance_name=kul-tib-tomcat2 session_count=5
2026/09/16 21:47:16 INFO agent session ended instance_name=mysql136 session_count=4
2026/09/16 21:47:16 INFO agent session ended instance_name=localhost session_count=3
2026/09/16 21:47:16 INFO agent session ended instance_name=pvg-esb4-207 session_count=2
2026/09/16 21:47:16 INFO agent session ended instance_name=pvg-esb4-204 session_count=1
2026/09/16 21:47:17 INFO agent session ended instance_name=tib-es-redis-209 session_count=0
2026/09/16 21:47:17 INFO agent session established instance_name=pvg4-esb-208 session_count=1
2026/09/16 21:47:17 INFO agent session established instance_name=cdm-oracle-159 session_count=2
2026/09/16 21:47:17 INFO agent session established instance_name=cdm-179 session_count=3
2026/09/16 21:47:17 INFO agent session established instance_name=pvg-esb4-202 session_count=4
2026/09/16 21:47:17 INFO agent session established instance_name=pvg-esb4-201 session_count=5
2026/09/16 21:47:17 INFO agent session established instance_name=mysql134 session_count=6
2026/09/16 21:47:17 INFO agent session established instance_name=kul-tib-tomcat1 session_count=7
2026/09/16 21:47:17 INFO agent session established instance_name=177 session_count=8
2026/09/16 21:47:17 INFO agent session established instance_name=tib_nginx-208 session_count=9
2026/09/16 21:47:17 INFO agent session established instance_name=tib-oracle session_count=10
2026/09/16 21:47:17 INFO agent session established instance_name=mysql135 session_count=11
2026/09/16 21:47:17 INFO agent session established instance_name=pvg-esb4-206 session_count=12
2026/09/16 21:47:17 INFO agent session established instance_name=cgk-oracle-10 session_count=13
2026/09/16 21:47:17 INFO agent session established instance_name=kul-tib-tomcat2 session_count=14
2026/09/16 21:47:17 INFO agent session established instance_name=mysql136 session_count=15
2026/09/16 21:47:17 INFO agent session established instance_name=localhost session_count=16
2026/09/16 21:47:17 INFO agent session established instance_name=pvg-esb4-207 session_count=17
2026/09/16 21:47:17 INFO agent session established instance_name=pvg-esb4-204 session_count=18
2026/09/16 21:47:18 INFO agent session established instance_name=tib-es-redis-209 session_count=19
[GIN] 2026/09/16 - 21:47:33 | 200 | 387.92ms |   192.168.240.2 | GET      "/monitor/prometheus/http-sd/"
[GIN] 2026/09/16 - 21:47:49 | 200 | 355.82ms |   192.168.240.2 | POST     "/monitor/alert-webhook/api/v2/alerts"
[GIN] 2026/09/16 - 21:47:50 | 200 | 360.92ms |   192.168.240.2 | POST     "/monitor/alert-webhook/api/v2/alerts"
2026/09/16 21:48:01 [API-ERROR] GET /assets/hosts/: <nil>
[GIN] 2026/09/16 - 21:48:01 | 200 | 116.288µs |  192.168.124.15 | GET      "/assets/hosts/"
[GIN] 2026/09/16 - 21:48:03 | 200 | 353.98ms |   192.168.240.2 | GET      "/monitor/prometheus/http-sd/"
[GIN] 2026/09/16 - 21:48:19 | 200 |  396.3ms |   192.168.240.2 | POST     "/monitor/alert-webhook/api/v2/alerts"
[GIN] 2026/09/16 - 21:48:33 | 200 | 357.19ms |   192.168.240.2 | GET      "/monitor/prometheus/http-sd/"
2026/09/16 21:48:48 INFO agent session ended instance_name=cdm-oracle-159 session_count=18
2026/09/16 21:48:48 INFO agent session ended instance_name=pvg-esb4-202 session_count=17
2026/09/16 21:48:48 INFO agent session ended instance_name=pvg4-esb-208 session_count=16
2026/09/16 21:48:48 INFO agent session ended instance_name=cdm-179 session_count=15
2026/09/16 21:48:48 INFO agent session ended instance_name=pvg-esb4-201 session_count=14
2026/09/16 21:48:48 INFO agent session ended instance_name=mysql134 session_count=13
2026/09/16 21:48:48 INFO agent session ended instance_name=tib-oracle session_count=12
2026/09/16 21:48:48 INFO agent session ended instance_name=177 session_count=11
2026/09/16 21:48:48 INFO agent session ended instance_name=kul-tib-tomcat1 session_count=10
2026/09/16 21:48:48 INFO agent session ended instance_name=pvg-esb4-206 session_count=9
2026/09/16 21:48:48 INFO agent session ended instance_name=mysql135 session_count=8
2026/09/16 21:48:48 INFO agent session ended instance_name=tib_nginx-208 session_count=7
2026/09/16 21:48:48 INFO agent session ended instance_name=cgk-oracle-10 session_count=6
2026/09/16 21:48:48 INFO agent session ended instance_name=localhost session_count=5
2026/09/16 21:48:48 INFO agent session ended instance_name=mysql136 session_count=4
2026/09/16 21:48:48 INFO agent session ended instance_name=kul-tib-tomcat2 session_count=3
2026/09/16 21:48:48 INFO agent session ended instance_name=pvg-esb4-207 session_count=2
2026/09/16 21:48:48 INFO agent session ended instance_name=pvg-esb4-204 session_count=1
2026/09/16 21:48:49 INFO agent session ended instance_name=tib-es-redis-209 session_count=0
2026/09/16 21:48:49 INFO agent session established instance_name=cdm-oracle-159 session_count=1
2026/09/16 21:48:49 INFO agent session established instance_name=pvg-esb4-202 session_count=2
2026/09/16 21:48:49 INFO agent session established instance_name=pvg4-esb-208 session_count=3
2026/09/16 21:48:49 INFO agent session established instance_name=cdm-179 session_count=4
2026/09/16 21:48:49 INFO agent session established instance_name=pvg-esb4-201 session_count=5
2026/09/16 21:48:49 INFO agent session established instance_name=mysql134 session_count=6
2026/09/16 21:48:49 INFO agent session established instance_name=tib-oracle session_count=7
2026/09/16 21:48:49 INFO agent session established instance_name=177 session_count=8
2026/09/16 21:48:49 INFO agent session established instance_name=kul-tib-tomcat1 session_count=9
2026/09/16 21:48:49 INFO agent session established instance_name=pvg-esb4-206 session_count=10
2026/09/16 21:48:49 INFO agent session established instance_name=mysql135 session_count=11
2026/09/16 21:48:49 INFO agent session established instance_name=tib_nginx-208 session_count=12
2026/09/16 21:48:49 INFO agent session established instance_name=cgk-oracle-10 session_count=13
2026/09/16 21:48:49 INFO agent session established instance_name=localhost session_count=14
2026/09/16 21:48:49 INFO agent session established instance_name=mysql136 session_count=15
2026/09/16 21:48:49 INFO agent session established instance_name=kul-tib-tomcat2 session_count=16
2026/09/16 21:48:49 INFO agent session established instance_name=pvg-esb4-207 session_count=17
2026/09/16 21:48:49 INFO agent session established instance_name=pvg-esb4-204 session_count=18
2026/09/16 21:48:50 INFO agent session established instance_name=tib-es-redis-209 session_count=19
2026/09/16 21:49:01 [API-ERROR] GET /assets/hosts/: <nil>
[GIN] 2026/09/16 - 21:49:01 | 200 | 145.26µs |  192.168.124.15 | GET      "/assets/hosts/"
[GIN] 2026/09/16 - 21:49:03 | 200 | 397.74ms |   192.168.240.2 | GET      "/monitor/prometheus/http-sd/"
[GIN] 2026/09/16 - 21:49:19 | 200 | 353.96ms |   192.168.240.2 | POST     "/monitor/alert-webhook/api/v2/alerts"
[GIN] 2026/09/16 - 21:49:20 | 200 |  379.2ms |   192.168.240.2 | POST     "/monitor/alert-webhook/api/v2/alerts"
[GIN] 2026/09/16 - 21:49:33 | 200 | 387.59ms |   192.168.240.2 | GET      "/monitor/prometheus/http-sd/"
[GIN] 2026/09/16 - 21:49:49 | 200 | 354.25ms |   192.168.240.2 | POST     "/monitor/alert-webhook/api/v2/alerts"
2026/09/16 21:50:01 [API-ERROR] GET /assets/hosts/: <nil>
[GIN] 2026/09/16 - 21:50:01 | 200 | 146.29µs |  192.168.124.15 | GET      "/assets/hosts/"
[GIN] 2026/09/16 - 21:50:03 | 200 | 347.03ms |   192.168.240.2 | GET      "/monitor/prometheus/http-sd/"
2026/09/16 21:50:20 INFO agent session ended instance_name=pvg-esb4-202 session_count=18
2026/09/16 21:50:20 INFO agent session ended instance_name=cdm-oracle-159 session_count=17
2026/09/16 21:50:20 INFO agent session ended instance_name=cdm-179 session_count=16
2026/09/16 21:50:20 INFO agent session ended instance_name=pvg4-esb-208 session_count=15
2026/09/16 21:50:20 INFO agent session ended instance_name=pvg-esb4-201 session_count=14
2026/09/16 21:50:20 INFO agent session ended instance_name=tib-oracle session_count=13
2026/09/16 21:50:20 INFO agent session ended instance_name=177 session_count=12
2026/09/16 21:50:20 INFO agent session ended instance_name=mysql134 session_count=11
2026/09/16 21:50:20 INFO agent session ended instance_name=kul-tib-tomcat1 session_count=10
2026/09/16 21:50:20 INFO agent session ended instance_name=mysql135 session_count=9
2026/09/16 21:50:20 INFO agent session ended instance_name=pvg-esb4-206 session_count=8
2026/09/16 21:50:20 INFO agent session ended instance_name=tib_nginx-208 session_count=7
2026/09/16 21:50:20 INFO agent session ended instance_name=localhost session_count=6
2026/09/16 21:50:20 INFO agent session ended instance_name=mysql136 session_count=5
2026/09/16 21:50:20 INFO agent session ended instance_name=cgk-oracle-10 session_count=4
2026/09/16 21:50:20 INFO agent session ended instance_name=kul-tib-tomcat2 session_count=3
2026/09/16 21:50:20 INFO agent session ended instance_name=pvg-esb4-207 session_count=2
2026/09/16 21:50:20 INFO agent session ended instance_name=pvg-esb4-204 session_count=1
2026/09/16 21:50:21 INFO agent session ended instance_name=tib-es-redis-209 session_count=0
2026/09/16 21:50:22 INFO agent session established instance_name=pvg-esb4-202 session_count=1
2026/09/16 21:50:22 INFO agent session established instance_name=mysql135 session_count=2
2026/09/16 21:50:22 INFO agent session established instance_name=cdm-oracle-159 session_count=3
2026/09/16 21:50:22 INFO agent session established instance_name=tib-oracle session_count=4
2026/09/16 21:50:22 INFO agent session established instance_name=tib_nginx-208 session_count=8
2026/09/16 21:50:22 INFO agent session established instance_name=pvg-esb4-201 session_count=5
2026/09/16 21:50:22 INFO agent session established instance_name=177 session_count=10
2026/09/16 21:50:22 INFO agent session established instance_name=pvg-esb4-204 session_count=9
2026/09/16 21:50:22 INFO agent session established instance_name=mysql134 session_count=11
2026/09/16 21:50:22 INFO agent session established instance_name=localhost session_count=6
2026/09/16 21:50:22 INFO agent session established instance_name=kul-tib-tomcat1 session_count=7
2026/09/16 21:50:22 INFO agent session established instance_name=pvg4-esb-208 session_count=12
2026/09/16 21:50:22 INFO agent session established instance_name=cdm-179 session_count=13
2026/09/16 21:50:22 INFO agent session established instance_name=kul-tib-tomcat2 session_count=14
2026/09/16 21:50:22 INFO agent session established instance_name=cgk-oracle-10 session_count=16
2026/09/16 21:50:22 INFO agent session established instance_name=mysql136 session_count=15
2026/09/16 21:50:22 INFO agent session established instance_name=pvg-esb4-206 session_count=17
2026/09/16 21:50:22 INFO agent session established instance_name=pvg-esb4-207 session_count=18
2026/09/16 21:50:22 INFO agent session established instance_name=tib-es-redis-209 session_count=19
[GIN] 2026/09/16 - 21:50:33 | 200 | 375.07ms |   192.168.240.2 | GET      "/monitor/prometheus/http-sd/"
[GIN] 2026/09/16 - 21:50:49 | 200 | 382.44ms |   192.168.240.2 | POST     "/monitor/alert-webhook/api/v2/alerts"
[GIN] 2026/09/16 - 21:50:50 | 200 |  425.7ms |   192.168.240.2 | POST     "/monitor/alert-webhook/api/v2/alerts"
2026/09/16 21:51:01 [API-ERROR] GET /assets/hosts/: <nil>
[GIN] 2026/09/16 - 21:51:01 | 200 | 103.753µs |  192.168.124.15 | GET      "/assets/hosts/"
[GIN] 2026/09/16 - 21:51:03 | 200 | 351.71ms |   192.168.240.2 | GET      "/monitor/prometheus/http-sd/"
[GIN] 2026/09/16 - 21:51:19 | 200 |  352.9ms |   192.168.240.2 | POST     "/monitor/alert-webhook/api/v2/alerts"
[GIN] 2026/09/16 - 21:51:32 | 200 | 338.31ms |   192.168.240.2 | GET      "/monitor/prometheus/http-sd/"
2026/09/16 21:51:53 INFO agent session ended instance_name=pvg-esb4-202 session_count=18
2026/09/16 21:51:53 INFO agent session ended instance_name=cgk-oracle-10 session_count=17
2026/09/16 21:51:53 INFO agent session ended instance_name=pvg-esb4-204 session_count=16
2026/09/16 21:51:53 INFO agent session ended instance_name=cdm-179 session_count=15
2026/09/16 21:51:53 INFO agent session ended instance_name=mysql134 session_count=14
2026/09/16 21:51:53 INFO agent session ended instance_name=pvg4-esb-208 session_count=13
2026/09/16 21:51:53 INFO agent session ended instance_name=177 session_count=12
2026/09/16 21:51:53 INFO agent session ended instance_name=tib_nginx-208 session_count=11
2026/09/16 21:51:53 INFO agent session ended instance_name=kul-tib-tomcat1 session_count=10
2026/09/16 21:51:53 INFO agent session ended instance_name=pvg-esb4-206 session_count=9
2026/09/16 21:51:53 INFO agent session ended instance_name=localhost session_count=8
2026/09/16 21:51:53 INFO agent session ended instance_name=pvg-esb4-207 session_count=7
2026/09/16 21:51:53 INFO agent session ended instance_name=kul-tib-tomcat2 session_count=6
2026/09/16 21:51:53 INFO agent session ended instance_name=mysql135 session_count=5
2026/09/16 21:51:53 INFO agent session ended instance_name=cdm-oracle-159 session_count=4
2026/09/16 21:51:53 INFO agent session ended instance_name=mysql136 session_count=3
2026/09/16 21:51:53 INFO agent session ended instance_name=pvg-esb4-201 session_count=2
2026/09/16 21:51:53 INFO agent session ended instance_name=tib-oracle session_count=1
2026/09/16 21:51:53 INFO agent session ended instance_name=tib-es-redis-209 session_count=0
2026/09/16 21:51:54 INFO agent session established instance_name=pvg-esb4-202 session_count=1
2026/09/16 21:51:54 INFO agent session established instance_name=cgk-oracle-10 session_count=2
2026/09/16 21:51:54 INFO agent session established instance_name=pvg-esb4-204 session_count=3
2026/09/16 21:51:54 INFO agent session established instance_name=cdm-179 session_count=4
2026/09/16 21:51:54 INFO agent session established instance_name=mysql134 session_count=5
2026/09/16 21:51:54 INFO agent session established instance_name=pvg-esb4-206 session_count=6
2026/09/16 21:51:54 INFO agent session established instance_name=177 session_count=8
2026/09/16 21:51:54 INFO agent session established instance_name=tib_nginx-208 session_count=7
2026/09/16 21:51:54 INFO agent session established instance_name=kul-tib-tomcat1 session_count=9
2026/09/16 21:51:54 INFO agent session established instance_name=localhost session_count=10
2026/09/16 21:51:54 INFO agent session established instance_name=pvg4-esb-208 session_count=11
2026/09/16 21:51:54 INFO agent session established instance_name=pvg-esb4-207 session_count=12
2026/09/16 21:51:54 INFO agent session established instance_name=kul-tib-tomcat2 session_count=13
2026/09/16 21:51:54 INFO agent session established instance_name=mysql135 session_count=14
2026/09/16 21:51:54 INFO agent session established instance_name=cdm-oracle-159 session_count=15
2026/09/16 21:51:54 INFO agent session established instance_name=mysql136 session_count=16
2026/09/16 21:51:54 INFO agent session established instance_name=tib-oracle session_count=17
2026/09/16 21:51:54 INFO agent session established instance_name=pvg-esb4-201 session_count=18
2026/09/16 21:51:54 INFO agent session established instance_name=tib-es-redis-209 session_count=19
2026/09/16 21:52:01 [API-ERROR] GET /assets/hosts/: <nil>
[GIN] 2026/09/16 - 21:52:01 | 200 | 120.91µs |  192.168.124.15 | GET      "/assets/hosts/"
[GIN] 2026/09/16 - 21:52:03 | 200 | 352.04ms |   192.168.240.2 | GET      "/monitor/prometheus/http-sd/"
[GIN] 2026/09/16 - 21:52:19 | 200 | 367.48ms |   192.168.240.2 | POST     "/monitor/alert-webhook/api/v2/alerts"
[GIN] 2026/09/16 - 21:52:20 | 200 |  337.3ms |   192.168.240.2 | POST     "/monitor/alert-webhook/api/v2/alerts"
[GIN] 2026/09/16 - 21:52:33 | 200 | 388.29ms |   192.168.240.2 | GET      "/monitor/prometheus/http-sd/"
[GIN] 2026/09/16 - 21:52:49 | 200 | 349.96ms |   192.168.240.2 | POST     "/monitor/alert-webhook/api/v2/alerts"
2026/09/16 21:53:01 [API-ERROR] GET /assets/hosts/: <nil>
[GIN] 2026/09/16 - 21:53:01 | 200 | 105.849µs |  192.168.124.15 | GET      "/assets/hosts/"
[GIN] 2026/09/16 - 21:53:03 | 200 | 348.33ms |   192.168.240.2 | GET      "/monitor/prometheus/http-sd/"
2026/09/16 21:53:25 INFO agent session ended instance_name=pvg-esb4-202 session_count=18
2026/09/16 21:53:25 INFO agent session ended instance_name=pvg-esb4-204 session_count=17
2026/09/16 21:53:25 INFO agent session ended instance_name=cdm-179 session_count=16
2026/09/16 21:53:25 INFO agent session ended instance_name=pvg-esb4-206 session_count=15
2026/09/16 21:53:25 INFO agent session ended instance_name=cgk-oracle-10 session_count=14
2026/09/16 21:53:25 INFO agent session ended instance_name=kul-tib-tomcat1 session_count=13
2026/09/16 21:53:25 INFO agent session ended instance_name=mysql136 session_count=12
2026/09/16 21:53:25 INFO agent session ended instance_name=tib_nginx-208 session_count=11
2026/09/16 21:53:25 INFO agent session ended instance_name=cdm-oracle-159 session_count=10
2026/09/16 21:53:25 INFO agent session ended instance_name=pvg4-esb-208 session_count=8
2026/09/16 21:53:25 INFO agent session ended instance_name=pvg-esb4-207 session_count=9
2026/09/16 21:53:25 INFO agent session ended instance_name=localhost session_count=7
2026/09/16 21:53:25 INFO agent session ended instance_name=177 session_count=6
2026/09/16 21:53:25 INFO agent session ended instance_name=pvg-esb4-201 session_count=5
2026/09/16 21:53:25 INFO agent session ended instance_name=kul-tib-tomcat2 session_count=4
2026/09/16 21:53:25 INFO agent session ended instance_name=tib-oracle session_count=3
2026/09/16 21:53:25 INFO agent session ended instance_name=mysql134 session_count=2
2026/09/16 21:53:25 INFO agent session ended instance_name=mysql135 session_count=1
2026/09/16 21:53:25 INFO agent session ended instance_name=tib-es-redis-209 session_count=0
2026/09/16 21:53:26 INFO agent session established instance_name=pvg-esb4-202 session_count=1
2026/09/16 21:53:26 INFO agent session established instance_name=cdm-179 session_count=2
2026/09/16 21:53:26 INFO agent session established instance_name=pvg-esb4-204 session_count=3
2026/09/16 21:53:26 INFO agent session established instance_name=pvg-esb4-206 session_count=4
2026/09/16 21:53:26 INFO agent session established instance_name=cgk-oracle-10 session_count=5
2026/09/16 21:53:26 INFO agent session established instance_name=tib_nginx-208 session_count=6
2026/09/16 21:53:26 INFO agent session established instance_name=mysql136 session_count=7
2026/09/16 21:53:26 INFO agent session established instance_name=kul-tib-tomcat1 session_count=8
2026/09/16 21:53:26 INFO agent session established instance_name=cdm-oracle-159 session_count=9
2026/09/16 21:53:26 INFO agent session established instance_name=pvg4-esb-208 session_count=10
2026/09/16 21:53:26 INFO agent session established instance_name=pvg-esb4-207 session_count=11
2026/09/16 21:53:26 INFO agent session established instance_name=localhost session_count=12
2026/09/16 21:53:26 INFO agent session established instance_name=177 session_count=13
2026/09/16 21:53:26 INFO agent session established instance_name=pvg-esb4-201 session_count=14
2026/09/16 21:53:26 INFO agent session established instance_name=kul-tib-tomcat2 session_count=15
2026/09/16 21:53:26 INFO agent session established instance_name=tib-oracle session_count=16
2026/09/16 21:53:26 INFO agent session established instance_name=mysql135 session_count=17
2026/09/16 21:53:26 INFO agent session established instance_name=mysql134 session_count=18
2026/09/16 21:53:26 INFO agent session established instance_name=tib-es-redis-209 session_count=19
[GIN] 2026/09/16 - 21:53:32 | 200 | 333.42ms |   192.168.240.2 | GET      "/monitor/prometheus/http-sd/"
[GIN] 2026/09/16 - 21:53:49 | 200 | 360.14ms |   192.168.240.2 | POST     "/monitor/alert-webhook/api/v2/alerts"
[GIN] 2026/09/16 - 21:53:50 | 200 | 340.79ms |   192.168.240.2 | POST     "/monitor/alert-webhook/api/v2/alerts"
2026/09/16 21:54:01 [API-ERROR] GET /assets/hosts/: <nil>
[GIN] 2026/09/16 - 21:54:01 | 200 | 94.866µs |  192.168.124.15 | GET      "/assets/hosts/"
[GIN] 2026/09/16 - 21:54:03 | 200 | 403.34ms |   192.168.240.2 | GET      "/monitor/prometheus/http-sd/"
[GIN] 2026/09/16 - 21:54:19 | 200 | 364.89ms |   192.168.240.2 | POST     "/monitor/alert-webhook/api/v2/alerts"
[GIN] 2026/09/16 - 21:54:32 | 200 | 324.09ms |   192.168.240.2 | GET      "/monitor/prometheus/http-sd/"
2026/09/16 21:54:57 INFO agent session ended instance_name=pvg-esb4-202 session_count=18
2026/09/16 21:54:57 INFO agent session ended instance_name=cdm-oracle-159 session_count=17
2026/09/16 21:54:57 INFO agent session ended instance_name=kul-tib-tomcat1 session_count=16
2026/09/16 21:54:57 INFO agent session ended instance_name=mysql136 session_count=15
2026/09/16 21:54:57 INFO agent session ended instance_name=pvg-esb4-204 session_count=14
2026/09/16 21:54:57 INFO agent session ended instance_name=cdm-179 session_count=13
2026/09/16 21:54:57 INFO agent session ended instance_name=tib_nginx-208 session_count=12
2026/09/16 21:54:57 INFO agent session ended instance_name=pvg-esb4-207 session_count=11
2026/09/16 21:54:57 INFO agent session ended instance_name=pvg-esb4-206 session_count=10
2026/09/16 21:54:57 INFO agent session ended instance_name=cgk-oracle-10 session_count=9
2026/09/16 21:54:57 INFO agent session ended instance_name=localhost session_count=8
2026/09/16 21:54:57 INFO agent session ended instance_name=mysql135 session_count=7
2026/09/16 21:54:57 INFO agent session ended instance_name=pvg-esb4-201 session_count=6
2026/09/16 21:54:57 INFO agent session ended instance_name=177 session_count=5
2026/09/16 21:54:57 INFO agent session ended instance_name=pvg4-esb-208 session_count=4
2026/09/16 21:54:57 INFO agent session ended instance_name=kul-tib-tomcat2 session_count=3
2026/09/16 21:54:57 INFO agent session ended instance_name=tib-oracle session_count=2
2026/09/16 21:54:57 INFO agent session ended instance_name=mysql134 session_count=1
2026/09/16 21:54:57 INFO agent session ended instance_name=tib-es-redis-209 session_count=0
2026/09/16 21:54:58 INFO agent session established instance_name=pvg-esb4-202 session_count=1
2026/09/16 21:54:58 INFO agent session established instance_name=cdm-oracle-159 session_count=2
2026/09/16 21:54:58 INFO agent session established instance_name=mysql136 session_count=3
2026/09/16 21:54:58 INFO agent session established instance_name=kul-tib-tomcat1 session_count=4
2026/09/16 21:54:58 INFO agent session established instance_name=pvg-esb4-204 session_count=5
2026/09/16 21:54:58 INFO agent session established instance_name=cdm-179 session_count=6
2026/09/16 21:54:58 INFO agent session established instance_name=tib_nginx-208 session_count=7
2026/09/16 21:54:58 INFO agent session established instance_name=pvg-esb4-207 session_count=8
2026/09/16 21:54:58 INFO agent session established instance_name=cgk-oracle-10 session_count=9
2026/09/16 21:54:58 INFO agent session established instance_name=pvg-esb4-206 session_count=10
2026/09/16 21:54:58 INFO agent session established instance_name=localhost session_count=11
2026/09/16 21:54:58 INFO agent session established instance_name=mysql135 session_count=12
2026/09/16 21:54:58 INFO agent session established instance_name=pvg-esb4-201 session_count=13
2026/09/16 21:54:58 INFO agent session established instance_name=177 session_count=14
2026/09/16 21:54:58 INFO agent session established instance_name=pvg4-esb-208 session_count=15
2026/09/16 21:54:58 INFO agent session established instance_name=kul-tib-tomcat2 session_count=16
2026/09/16 21:54:58 INFO agent session established instance_name=tib-oracle session_count=17
2026/09/16 21:54:58 INFO agent session established instance_name=mysql134 session_count=18
2026/09/16 21:54:58 INFO agent session established instance_name=tib-es-redis-209 session_count=19
2026/09/16 21:55:01 [API-ERROR] GET /assets/hosts/: <nil>
[GIN] 2026/09/16 - 21:55:01 | 200 | 115.482µs |  192.168.124.15 | GET      "/assets/hosts/"
[GIN] 2026/09/16 - 21:55:03 | 200 | 346.48ms |   192.168.240.2 | GET      "/monitor/prometheus/http-sd/"
[GIN] 2026/09/16 - 21:55:19 | 200 | 364.33ms |   192.168.240.2 | POST     "/monitor/alert-webhook/api/v2/alerts"
[GIN] 2026/09/16 - 21:55:20 | 200 |  409.8ms |   192.168.240.2 | POST     "/monitor/alert-webhook/api/v2/alerts"
[GIN] 2026/09/16 - 21:55:33 | 200 | 345.68ms |   192.168.240.2 | GET      "/monitor/prometheus/http-sd/"
[GIN] 2026/09/16 - 21:55:49 | 200 |  371.9ms |   192.168.240.2 | POST     "/monitor/alert-webhook/api/v2/alerts"
2026/09/16 21:56:01 [API-ERROR] GET /assets/hosts/: <nil>
[GIN] 2026/09/16 - 21:56:01 | 200 | 209.275µs |  192.168.124.15 | GET      "/assets/hosts/"
[GIN] 2026/09/16 - 21:56:02 | 200 | 338.14ms |   192.168.240.2 | GET      "/monitor/prometheus/http-sd/"
2026/09/16 21:56:29 INFO agent session ended instance_name=pvg-esb4-202 session_count=18
2026/09/16 21:56:29 INFO agent session ended instance_name=localhost session_count=17
2026/09/16 21:56:29 INFO agent session ended instance_name=pvg-esb4-201 session_count=16
2026/09/16 21:56:29 INFO agent session ended instance_name=pvg-esb4-204 session_count=15
2026/09/16 21:56:29 INFO agent session ended instance_name=cdm-oracle-159 session_count=14
2026/09/16 21:56:29 INFO agent session ended instance_name=pvg4-esb-208 session_count=13
2026/09/16 21:56:29 INFO agent session ended instance_name=kul-tib-tomcat1 session_count=12
2026/09/16 21:56:29 INFO agent session ended instance_name=pvg-esb4-206 session_count=11
2026/09/16 21:56:29 INFO agent session ended instance_name=cgk-oracle-10 session_count=10
2026/09/16 21:56:29 INFO agent session ended instance_name=mysql136 session_count=9
2026/09/16 21:56:29 INFO agent session ended instance_name=cdm-179 session_count=8
2026/09/16 21:56:29 INFO agent session ended instance_name=tib_nginx-208 session_count=7
2026/09/16 21:56:29 INFO agent session ended instance_name=pvg-esb4-207 session_count=6
2026/09/16 21:56:29 INFO agent session ended instance_name=177 session_count=5
2026/09/16 21:56:29 INFO agent session ended instance_name=kul-tib-tomcat2 session_count=4
2026/09/16 21:56:29 INFO agent session ended instance_name=mysql135 session_count=3
2026/09/16 21:56:29 INFO agent session ended instance_name=tib-oracle session_count=2
2026/09/16 21:56:29 INFO agent session ended instance_name=mysql134 session_count=1
2026/09/16 21:56:29 INFO agent session ended instance_name=tib-es-redis-209 session_count=0
2026/09/16 21:56:30 INFO agent session established instance_name=pvg-esb4-202 session_count=1
2026/09/16 21:56:30 INFO agent session established instance_name=localhost session_count=2
2026/09/16 21:56:30 INFO agent session established instance_name=pvg-esb4-204 session_count=3
2026/09/16 21:56:30 INFO agent session established instance_name=pvg-esb4-201 session_count=4
2026/09/16 21:56:30 INFO agent session established instance_name=cdm-oracle-159 session_count=5
2026/09/16 21:56:30 INFO agent session established instance_name=pvg4-esb-208 session_count=6
2026/09/16 21:56:30 INFO agent session established instance_name=kul-tib-tomcat1 session_count=7
2026/09/16 21:56:30 INFO agent session established instance_name=cgk-oracle-10 session_count=8
2026/09/16 21:56:30 INFO agent session established instance_name=pvg-esb4-206 session_count=9
2026/09/16 21:56:30 INFO agent session established instance_name=mysql136 session_count=10
2026/09/16 21:56:30 INFO agent session established instance_name=cdm-179 session_count=11
2026/09/16 21:56:30 INFO agent session established instance_name=tib_nginx-208 session_count=12
2026/09/16 21:56:30 INFO agent session established instance_name=pvg-esb4-207 session_count=13
2026/09/16 21:56:30 INFO agent session established instance_name=177 session_count=14
2026/09/16 21:56:30 INFO agent session established instance_name=kul-tib-tomcat2 session_count=15
2026/09/16 21:56:30 INFO agent session established instance_name=mysql135 session_count=16
2026/09/16 21:56:30 INFO agent session established instance_name=tib-oracle session_count=17
2026/09/16 21:56:30 INFO agent session established instance_name=mysql134 session_count=18
2026/09/16 21:56:30 INFO agent session established instance_name=tib-es-redis-209 session_count=19
[GIN] 2026/09/16 - 21:56:32 | 200 |  340.9ms |   192.168.240.2 | GET      "/monitor/prometheus/http-sd/"
[GIN] 2026/09/16 - 21:56:49 | 200 | 395.72ms |   192.168.240.2 | POST     "/monitor/alert-webhook/api/v2/alerts"
[GIN] 2026/09/16 - 21:56:50 | 200 | 354.44ms |   192.168.240.2 | POST     "/monitor/alert-webhook/api/v2/alerts"
2026/09/16 21:57:01 [API-ERROR] GET /assets/hosts/: <nil>
[GIN] 2026/09/16 - 21:57:01 | 200 | 115.611µs |  192.168.124.15 | GET      "/assets/hosts/"
[GIN] 2026/09/16 - 21:57:03 | 200 | 357.86ms |   192.168.240.2 | GET      "/monitor/prometheus/http-sd/"
[GIN] 2026/09/16 - 21:57:19 | 200 | 354.14ms |   192.168.240.2 | POST     "/monitor/alert-webhook/api/v2/alerts"
[GIN] 2026/09/16 - 21:57:32 | 200 | 334.97ms |   192.168.240.2 | GET      "/monitor/prometheus/http-sd/"
2026/09/16 21:58:01 INFO agent session ended instance_name=pvg-esb4-202 session_count=18
2026/09/16 21:58:01 INFO agent session ended instance_name=pvg-esb4-201 session_count=17
2026/09/16 21:58:01 INFO agent session ended instance_name=localhost session_count=16
2026/09/16 21:58:01 INFO agent session ended instance_name=cdm-oracle-159 session_count=15
2026/09/16 21:58:01 INFO agent session ended instance_name=pvg4-esb-208 session_count=14
2026/09/16 21:58:01 INFO agent session ended instance_name=cdm-179 session_count=13
2026/09/16 21:58:01 INFO agent session ended instance_name=pvg-esb4-206 session_count=12
2026/09/16 21:58:01 INFO agent session ended instance_name=kul-tib-tomcat1 session_count=11
2026/09/16 21:58:01 INFO agent session ended instance_name=pvg-esb4-204 session_count=10
2026/09/16 21:58:01 INFO agent session ended instance_name=cgk-oracle-10 session_count=9
2026/09/16 21:58:01 INFO agent session ended instance_name=tib_nginx-208 session_count=8
2026/09/16 21:58:01 INFO agent session ended instance_name=pvg-esb4-207 session_count=7
2026/09/16 21:58:01 INFO agent session ended instance_name=mysql136 session_count=6
2026/09/16 21:58:01 INFO agent session ended instance_name=mysql134 session_count=5
2026/09/16 21:58:01 INFO agent session ended instance_name=177 session_count=4
2026/09/16 21:58:01 INFO agent session ended instance_name=kul-tib-tomcat2 session_count=3
2026/09/16 21:58:01 INFO agent session ended instance_name=mysql135 session_count=2
2026/09/16 21:58:01 INFO agent session ended instance_name=tib-es-redis-209 session_count=1
2026/09/16 21:58:01 INFO agent session ended instance_name=tib-oracle session_count=0
2026/09/16 21:58:01 [API-ERROR] GET /assets/hosts/: <nil>
[GIN] 2026/09/16 - 21:58:01 | 200 | 99.323µs |  192.168.124.15 | GET      "/assets/hosts/"
2026/09/16 21:58:02 INFO agent session established instance_name=pvg-esb4-202 session_count=1
2026/09/16 21:58:02 INFO agent session established instance_name=pvg-esb4-201 session_count=2
2026/09/16 21:58:02 INFO agent session established instance_name=localhost session_count=3
2026/09/16 21:58:02 INFO agent session established instance_name=pvg4-esb-208 session_count=4
2026/09/16 21:58:02 INFO agent session established instance_name=cdm-oracle-159 session_count=5
2026/09/16 21:58:02 INFO agent session established instance_name=cdm-179 session_count=6
2026/09/16 21:58:02 INFO agent session established instance_name=pvg-esb4-206 session_count=7
2026/09/16 21:58:02 INFO agent session established instance_name=cgk-oracle-10 session_count=8
2026/09/16 21:58:02 INFO agent session established instance_name=pvg-esb4-204 session_count=9
2026/09/16 21:58:02 INFO agent session established instance_name=kul-tib-tomcat1 session_count=10
2026/09/16 21:58:02 INFO agent session established instance_name=mysql136 session_count=11
2026/09/16 21:58:02 INFO agent session established instance_name=pvg-esb4-207 session_count=12
2026/09/16 21:58:02 INFO agent session established instance_name=tib_nginx-208 session_count=13
2026/09/16 21:58:02 INFO agent session established instance_name=mysql134 session_count=14
2026/09/16 21:58:02 INFO agent session established instance_name=177 session_count=15
2026/09/16 21:58:02 INFO agent session established instance_name=kul-tib-tomcat2 session_count=16
2026/09/16 21:58:02 INFO agent session established instance_name=mysql135 session_count=17
2026/09/16 21:58:02 INFO agent session established instance_name=tib-es-redis-209 session_count=18
2026/09/16 21:58:02 INFO agent session established instance_name=tib-oracle session_count=19
[GIN] 2026/09/16 - 21:58:03 | 200 | 365.48ms |   192.168.240.2 | GET      "/monitor/prometheus/http-sd/"
[GIN] 2026/09/16 - 21:58:19 | 200 | 529.74ms |   192.168.240.2 | POST     "/monitor/alert-webhook/api/v2/alerts"
[GIN] 2026/09/16 - 21:58:20 | 200 | 602.19ms |   192.168.240.2 | POST     "/monitor/alert-webhook/api/v2/alerts"
[GIN] 2026/09/16 - 21:58:33 | 200 | 352.38ms |   192.168.240.2 | GET      "/monitor/prometheus/http-sd/"
[GIN] 2026/09/16 - 21:58:49 | 200 | 365.14ms |   192.168.240.2 | POST     "/monitor/alert-webhook/api/v2/alerts"
2026/09/16 21:59:01 [API-ERROR] GET /assets/hosts/: <nil>
[GIN] 2026/09/16 - 21:59:01 | 200 | 97.815µs |  192.168.124.15 | GET      "/assets/hosts/"
[GIN] 2026/09/16 - 21:59:03 | 200 | 366.73ms |   192.168.240.2 | GET      "/monitor/prometheus/http-sd/"
[GIN] 2026/09/16 - 21:59:33 | 200 | 396.61ms |   192.168.240.2 | GET      "/monitor/prometheus/http-sd/"
2026/09/16 21:59:33 INFO agent session ended instance_name=pvg-esb4-202 session_count=18
2026/09/16 21:59:33 INFO agent session ended instance_name=pvg-esb4-201 session_count=17
2026/09/16 21:59:33 INFO agent session ended instance_name=localhost session_count=16
2026/09/16 21:59:33 INFO agent session ended instance_name=pvg-esb4-206 session_count=14
2026/09/16 21:59:33 INFO agent session ended instance_name=pvg4-esb-208 session_count=15
2026/09/16 21:59:33 INFO agent session ended instance_name=cdm-179 session_count=13
2026/09/16 21:59:33 INFO agent session ended instance_name=cdm-oracle-159 session_count=12
2026/09/16 21:59:33 INFO agent session ended instance_name=mysql136 session_count=11
2026/09/16 21:59:33 INFO agent session ended instance_name=kul-tib-tomcat1 session_count=10
2026/09/16 21:59:33 INFO agent session ended instance_name=tib_nginx-208 session_count=9
2026/09/16 21:59:33 INFO agent session ended instance_name=mysql134 session_count=8
2026/09/16 21:59:33 INFO agent session ended instance_name=pvg-esb4-204 session_count=7
2026/09/16 21:59:33 INFO agent session ended instance_name=pvg-esb4-207 session_count=6
2026/09/16 21:59:33 INFO agent session ended instance_name=kul-tib-tomcat2 session_count=5
2026/09/16 21:59:33 INFO agent session ended instance_name=cgk-oracle-10 session_count=4
2026/09/16 21:59:33 INFO agent session ended instance_name=177 session_count=3
2026/09/16 21:59:33 INFO agent session ended instance_name=mysql135 session_count=2
2026/09/16 21:59:33 INFO agent session ended instance_name=tib-oracle session_count=1
2026/09/16 21:59:33 INFO agent session ended instance_name=tib-es-redis-209 session_count=0
2026/09/16 21:59:34 INFO agent session established instance_name=pvg-esb4-202 session_count=1
2026/09/16 21:59:34 INFO agent session established instance_name=pvg-esb4-201 session_count=2
2026/09/16 21:59:34 INFO agent session established instance_name=localhost session_count=3
2026/09/16 21:59:34 INFO agent session established instance_name=pvg4-esb-208 session_count=4
2026/09/16 21:59:34 INFO agent session established instance_name=pvg-esb4-206 session_count=5
2026/09/16 21:59:34 INFO agent session established instance_name=cdm-179 session_count=6
2026/09/16 21:59:34 INFO agent session established instance_name=cdm-oracle-159 session_count=7
2026/09/16 21:59:34 INFO agent session established instance_name=mysql136 session_count=8
2026/09/16 21:59:34 INFO agent session established instance_name=tib_nginx-208 session_count=9
2026/09/16 21:59:34 INFO agent session established instance_name=kul-tib-tomcat1 session_count=10
2026/09/16 21:59:34 INFO agent session established instance_name=mysql134 session_count=11
2026/09/16 21:59:34 INFO agent session established instance_name=pvg-esb4-207 session_count=12
2026/09/16 21:59:34 INFO agent session established instance_name=pvg-esb4-204 session_count=13
2026/09/16 21:59:34 INFO agent session established instance_name=kul-tib-tomcat2 session_count=14
2026/09/16 21:59:34 INFO agent session established instance_name=cgk-oracle-10 session_count=15
2026/09/16 21:59:34 INFO agent session established instance_name=177 session_count=16
2026/09/16 21:59:34 INFO agent session established instance_name=mysql135 session_count=17
2026/09/16 21:59:34 INFO agent session established instance_name=tib-oracle session_count=18
2026/09/16 21:59:34 INFO agent session established instance_name=tib-es-redis-209 session_count=19
[GIN] 2026/09/16 - 21:59:49 | 200 | 390.21ms |   192.168.240.2 | POST     "/monitor/alert-webhook/api/v2/alerts"
[GIN] 2026/09/16 - 21:59:50 | 200 | 367.17ms |   192.168.240.2 | POST     "/monitor/alert-webhook/api/v2/alerts"
2026/09/16 22:00:01 [API-ERROR] GET /assets/hosts/: <nil>
[GIN] 2026/09/16 - 22:00:01 | 200 | 117.402µs |  192.168.124.15 | GET      "/assets/hosts/"
[GIN] 2026/09/16 - 22:00:03 | 200 | 354.35ms |   192.168.240.2 | GET      "/monitor/prometheus/http-sd/"
[GIN] 2026/09/16 - 22:00:19 | 200 | 383.89ms |   192.168.240.2 | POST     "/monitor/alert-webhook/api/v2/alerts"
[GIN] 2026/09/16 - 22:00:33 | 200 | 441.95ms |   192.168.240.2 | GET      "/monitor/prometheus/http-sd/"
2026/09/16 22:01:01 [API-ERROR] GET /assets/hosts/: <nil>
[GIN] 2026/09/16 - 22:01:01 | 200 | 115.426µs |  192.168.124.15 | GET      "/assets/hosts/"
[GIN] 2026/09/16 - 22:01:03 | 200 | 348.74ms |   192.168.240.2 | GET      "/monitor/prometheus/http-sd/"
2026/09/16 22:01:05 INFO agent session ended instance_name=pvg-esb4-202 session_count=18
2026/09/16 22:01:05 INFO agent session ended instance_name=pvg-esb4-201 session_count=17
2026/09/16 22:01:05 INFO agent session ended instance_name=localhost session_count=16
2026/09/16 22:01:05 INFO agent session ended instance_name=cdm-oracle-159 session_count=15
2026/09/16 22:01:05 INFO agent session ended instance_name=pvg4-esb-208 session_count=14
2026/09/16 22:01:05 INFO agent session ended instance_name=cdm-179 session_count=13
2026/09/16 22:01:05 INFO agent session ended instance_name=pvg-esb4-206 session_count=12
2026/09/16 22:01:05 INFO agent session ended instance_name=mysql134 session_count=11
2026/09/16 22:01:05 INFO agent session ended instance_name=mysql136 session_count=10
2026/09/16 22:01:05 INFO agent session ended instance_name=kul-tib-tomcat2 session_count=9
2026/09/16 22:01:05 INFO agent session ended instance_name=pvg-esb4-204 session_count=8
2026/09/16 22:01:05 INFO agent session ended instance_name=177 session_count=7
2026/09/16 22:01:05 INFO agent session ended instance_name=kul-tib-tomcat1 session_count=6
2026/09/16 22:01:05 INFO agent session ended instance_name=tib_nginx-208 session_count=5
2026/09/16 22:01:05 INFO agent session ended instance_name=pvg-esb4-207 session_count=4
2026/09/16 22:01:05 INFO agent session ended instance_name=mysql135 session_count=3
2026/09/16 22:01:05 INFO agent session ended instance_name=cgk-oracle-10 session_count=2
2026/09/16 22:01:05 INFO agent session ended instance_name=tib-es-redis-209 session_count=1
2026/09/16 22:01:05 INFO agent session ended instance_name=tib-oracle session_count=0
2026/09/16 22:01:06 INFO agent session established instance_name=pvg-esb4-202 session_count=1
2026/09/16 22:01:06 INFO agent session established instance_name=pvg-esb4-201 session_count=2
2026/09/16 22:01:06 INFO agent session established instance_name=localhost session_count=3
2026/09/16 22:01:06 INFO agent session established instance_name=cdm-oracle-159 session_count=4
2026/09/16 22:01:06 INFO agent session established instance_name=cdm-179 session_count=5
2026/09/16 22:01:06 INFO agent session established instance_name=pvg-esb4-206 session_count=6
2026/09/16 22:01:06 INFO agent session established instance_name=pvg4-esb-208 session_count=7
2026/09/16 22:01:06 INFO agent session established instance_name=mysql134 session_count=8
2026/09/16 22:01:06 INFO agent session established instance_name=mysql136 session_count=9
2026/09/16 22:01:06 INFO agent session established instance_name=kul-tib-tomcat2 session_count=10
2026/09/16 22:01:06 INFO agent session established instance_name=tib_nginx-208 session_count=11
2026/09/16 22:01:06 INFO agent session established instance_name=kul-tib-tomcat1 session_count=14
2026/09/16 22:01:06 INFO agent session established instance_name=pvg-esb4-204 session_count=12
2026/09/16 22:01:06 INFO agent session established instance_name=177 session_count=13
2026/09/16 22:01:06 INFO agent session established instance_name=pvg-esb4-207 session_count=15
2026/09/16 22:01:06 INFO agent session established instance_name=cgk-oracle-10 session_count=16
2026/09/16 22:01:06 INFO agent session established instance_name=mysql135 session_count=17
2026/09/16 22:01:06 INFO agent session established instance_name=tib-es-redis-209 session_count=18
2026/09/16 22:01:06 INFO agent session established instance_name=tib-oracle session_count=19
[GIN] 2026/09/16 - 22:01:19 | 200 | 412.07ms |   192.168.240.2 | POST     "/monitor/alert-webhook/api/v2/alerts"
[GIN] 2026/09/16 - 22:01:20 | 200 | 355.98ms |   192.168.240.2 | POST     "/monitor/alert-webhook/api/v2/alerts"
[GIN] 2026/09/16 - 22:01:33 | 200 | 345.95ms |   192.168.240.2 | GET      "/monitor/prometheus/http-sd/"
[GIN] 2026/09/16 - 22:01:49 | 200 |  368.9ms |   192.168.240.2 | POST     "/monitor/alert-webhook/api/v2/alerts"
2026/09/16 22:02:01 [API-ERROR] GET /assets/hosts/: <nil>
[GIN] 2026/09/16 - 22:02:01 | 200 | 153.569µs |  192.168.124.15 | GET      "/assets/hosts/"
[GIN] 2026/09/16 - 22:02:03 | 200 | 393.93ms |   192.168.240.2 | GET      "/monitor/prometheus/http-sd/"
[GIN] 2026/09/16 - 22:02:33 | 200 | 345.76ms |   192.168.240.2 | GET      "/monitor/prometheus/http-sd/"
2026/09/16 22:02:37 INFO agent session ended instance_name=pvg-esb4-202 session_count=18
2026/09/16 22:02:37 INFO agent session ended instance_name=pvg-esb4-201 session_count=17
2026/09/16 22:02:37 INFO agent session ended instance_name=localhost session_count=16
2026/09/16 22:02:37 INFO agent session ended instance_name=cdm-179 session_count=15
2026/09/16 22:02:37 INFO agent session ended instance_name=mysql134 session_count=14
2026/09/16 22:02:37 INFO agent session ended instance_name=cdm-oracle-159 session_count=13
2026/09/16 22:02:37 INFO agent session ended instance_name=pvg4-esb-208 session_count=12
2026/09/16 22:02:37 INFO agent session ended instance_name=mysql136 session_count=11
2026/09/16 22:02:37 INFO agent session ended instance_name=pvg-esb4-206 session_count=10
2026/09/16 22:02:37 INFO agent session ended instance_name=kul-tib-tomcat2 session_count=9
2026/09/16 22:02:37 INFO agent session ended instance_name=cgk-oracle-10 session_count=8
2026/09/16 22:02:37 INFO agent session ended instance_name=177 session_count=7
2026/09/16 22:02:37 INFO agent session ended instance_name=pvg-esb4-204 session_count=6
2026/09/16 22:02:37 INFO agent session ended instance_name=pvg-esb4-207 session_count=5
2026/09/16 22:02:37 INFO agent session ended instance_name=kul-tib-tomcat1 session_count=4
2026/09/16 22:02:37 INFO agent session ended instance_name=mysql135 session_count=3
2026/09/16 22:02:37 INFO agent session ended instance_name=tib-oracle session_count=2
2026/09/16 22:02:37 INFO agent session ended instance_name=tib_nginx-208 session_count=1
2026/09/16 22:02:37 INFO agent session ended instance_name=tib-es-redis-209 session_count=0
2026/09/16 22:02:38 INFO agent session established instance_name=pvg-esb4-202 session_count=1
2026/09/16 22:02:38 INFO agent session established instance_name=pvg-esb4-201 session_count=2
2026/09/16 22:02:38 INFO agent session established instance_name=localhost session_count=3
2026/09/16 22:02:38 INFO agent session established instance_name=cdm-179 session_count=4
2026/09/16 22:02:38 INFO agent session established instance_name=pvg4-esb-208 session_count=5
2026/09/16 22:02:38 INFO agent session established instance_name=mysql134 session_count=6
2026/09/16 22:02:38 INFO agent session established instance_name=mysql136 session_count=7
2026/09/16 22:02:38 INFO agent session established instance_name=pvg-esb4-206 session_count=8
2026/09/16 22:02:38 INFO agent session established instance_name=cdm-oracle-159 session_count=9
2026/09/16 22:02:38 INFO agent session established instance_name=kul-tib-tomcat2 session_count=10
2026/09/16 22:02:38 INFO agent session established instance_name=cgk-oracle-10 session_count=11
2026/09/16 22:02:38 INFO agent session established instance_name=177 session_count=12
2026/09/16 22:02:38 INFO agent session established instance_name=pvg-esb4-207 session_count=13
2026/09/16 22:02:38 INFO agent session established instance_name=mysql135 session_count=14
2026/09/16 22:02:38 INFO agent session established instance_name=pvg-esb4-204 session_count=16
2026/09/16 22:02:38 INFO agent session established instance_name=kul-tib-tomcat1 session_count=15
2026/09/16 22:02:38 INFO agent session established instance_name=tib-oracle session_count=17
2026/09/16 22:02:38 INFO agent session established instance_name=tib_nginx-208 session_count=18
2026/09/16 22:02:38 INFO agent session established instance_name=tib-es-redis-209 session_count=19
[GIN] 2026/09/16 - 22:02:49 | 200 | 389.48ms |   192.168.240.2 | POST     "/monitor/alert-webhook/api/v2/alerts"
[GIN] 2026/09/16 - 22:02:50 | 200 | 354.32ms |   192.168.240.2 | POST     "/monitor/alert-webhook/api/v2/alerts"
2026/09/16 22:03:01 [API-ERROR] GET /assets/hosts/: <nil>
[GIN] 2026/09/16 - 22:03:01 | 200 | 93.289µs |  192.168.124.15 | GET      "/assets/hosts/"
[GIN] 2026/09/16 - 22:03:03 | 200 | 354.52ms |   192.168.240.2 | GET      "/monitor/prometheus/http-sd/"
[GIN] 2026/09/16 - 22:03:19 | 200 | 359.65ms |   192.168.240.2 | POST     "/monitor/alert-webhook/api/v2/alerts"
[GIN] 2026/09/16 - 22:03:32 | 200 | 338.69ms |   192.168.240.2 | GET      "/monitor/prometheus/http-sd/"
2026/09/16 22:04:01 [API-ERROR] GET /assets/hosts/: <nil>
[GIN] 2026/09/16 - 22:04:01 | 200 |  111.5µs |  192.168.124.15 | GET      "/assets/hosts/"
[GIN] 2026/09/16 - 22:04:03 | 200 | 421.87ms |   192.168.240.2 | GET      "/monitor/prometheus/http-sd/"
2026/09/16 22:04:09 INFO agent session ended instance_name=pvg-esb4-202 session_count=18
2026/09/16 22:04:09 INFO agent session ended instance_name=pvg-esb4-201 session_count=17
2026/09/16 22:04:09 INFO agent session ended instance_name=localhost session_count=16
2026/09/16 22:04:09 INFO agent session ended instance_name=cdm-179 session_count=15
2026/09/16 22:04:09 INFO agent session ended instance_name=pvg4-esb-208 session_count=14
2026/09/16 22:04:09 INFO agent session ended instance_name=pvg-esb4-206 session_count=13
2026/09/16 22:04:09 INFO agent session ended instance_name=mysql134 session_count=12
2026/09/16 22:04:09 INFO agent session ended instance_name=mysql136 session_count=11
2026/09/16 22:04:09 INFO agent session ended instance_name=cgk-oracle-10 session_count=10
2026/09/16 22:04:09 INFO agent session ended instance_name=kul-tib-tomcat2 session_count=9
2026/09/16 22:04:09 INFO agent session ended instance_name=cdm-oracle-159 session_count=8
2026/09/16 22:04:09 INFO agent session ended instance_name=177 session_count=7
2026/09/16 22:04:09 INFO agent session ended instance_name=kul-tib-tomcat1 session_count=6
2026/09/16 22:04:09 INFO agent session ended instance_name=tib_nginx-208 session_count=5
2026/09/16 22:04:09 INFO agent session ended instance_name=pvg-esb4-207 session_count=4
2026/09/16 22:04:09 INFO agent session ended instance_name=mysql135 session_count=3
2026/09/16 22:04:09 INFO agent session ended instance_name=pvg-esb4-204 session_count=2
2026/09/16 22:04:09 INFO agent session ended instance_name=tib-es-redis-209 session_count=1
2026/09/16 22:04:09 INFO agent session ended instance_name=tib-oracle session_count=0
2026/09/16 22:04:10 INFO agent session established instance_name=pvg-esb4-202 session_count=1
2026/09/16 22:04:10 INFO agent session established instance_name=pvg-esb4-201 session_count=2
2026/09/16 22:04:10 INFO agent session established instance_name=localhost session_count=3
2026/09/16 22:04:10 INFO agent session established instance_name=cdm-179 session_count=4
2026/09/16 22:04:10 INFO agent session established instance_name=pvg4-esb-208 session_count=5
2026/09/16 22:04:10 INFO agent session established instance_name=mysql134 session_count=6
2026/09/16 22:04:10 INFO agent session established instance_name=mysql136 session_count=7
2026/09/16 22:04:10 INFO agent session established instance_name=pvg-esb4-206 session_count=8
2026/09/16 22:04:10 INFO agent session established instance_name=cgk-oracle-10 session_count=9
2026/09/16 22:04:10 INFO agent session established instance_name=kul-tib-tomcat2 session_count=10
2026/09/16 22:04:10 INFO agent session established instance_name=177 session_count=11
2026/09/16 22:04:10 INFO agent session established instance_name=kul-tib-tomcat1 session_count=12
2026/09/16 22:04:10 INFO agent session established instance_name=cdm-oracle-159 session_count=13
2026/09/16 22:04:10 INFO agent session established instance_name=pvg-esb4-207 session_count=16
2026/09/16 22:04:10 INFO agent session established instance_name=mysql135 session_count=15
2026/09/16 22:04:10 INFO agent session established instance_name=tib_nginx-208 session_count=14
2026/09/16 22:04:10 INFO agent session established instance_name=tib-oracle session_count=17
2026/09/16 22:04:10 INFO agent session established instance_name=tib-es-redis-209 session_count=18
2026/09/16 22:04:10 INFO agent session established instance_name=pvg-esb4-204 session_count=19
[GIN] 2026/09/16 - 22:04:19 | 200 | 437.91ms |   192.168.240.2 | POST     "/monitor/alert-webhook/api/v2/alerts"
[GIN] 2026/09/16 - 22:04:20 | 200 | 516.74ms |   192.168.240.2 | POST     "/monitor/alert-webhook/api/v2/alerts"
[GIN] 2026/09/16 - 22:04:33 | 200 | 522.95ms |   192.168.240.2 | GET      "/monitor/prometheus/http-sd/"
[GIN] 2026/09/16 - 22:04:49 | 200 | 451.03ms |   192.168.240.2 | POST     "/monitor/alert-webhook/api/v2/alerts"
2026/09/16 22:05:01 [API-ERROR] GET /assets/hosts/: <nil>
[GIN] 2026/09/16 - 22:05:01 | 200 | 113.331µs |  192.168.124.15 | GET      "/assets/hosts/"
[GIN] 2026/09/16 - 22:05:03 | 200 |  347.7ms |   192.168.240.2 | GET      "/monitor/prometheus/http-sd/"
